kepid,koi_disposition,koi_period,koi_prad,koi_teq,koi_score,koi_steff,koi_srad,koi_insol,stellar_class,is_planet,transit_ratio
10797460,CONFIRMED,9.48803557,2.26,793.0,1.0,5455.0,0.927,93.59,G,1,64.90279209608823
10797460,CONFIRMED,54.4183827,2.83,443.0,0.969,5455.0,0.927,9.11,G,1,16.075450180550845
10811496,CANDIDATE,19.89913995,14.6,638.0,0.0,5853.0,0.868,39.3,G,0,244.06582456343799
10848459,FALSE POSITIVE,1.736952453,33.46,1395.0,0.0,5805.0,0.791,891.96,G,0,2796.104171770325
10854555,CONFIRMED,2.525591777,2.75,1406.0,1.0,6031.0,1.046,926.16,F,1,238.8747086897092
10872983,CONFIRMED,11.09432054,3.9,835.0,1.0,6046.0,0.972,114.81,F,1,136.78169785420675
10872983,CONFIRMED,4.13443512,2.77,1160.0,1.0,6046.0,0.972,427.65,F,1,165.92351314972382
10872983,CONFIRMED,2.56658897,1.59,1360.0,0.992,6046.0,0.972,807.74,F,1,88.249424682909
6721123,FALSE POSITIVE,7.36178958,39.21,1342.0,0.0,6227.0,1.958,767.22,F,0,31.74499861214452
10910878,CONFIRMED,16.06864674,5.76,600.0,1.0,5031.0,0.848,30.75,K,1,302.24698312086986
11446443,CONFIRMED,2.470613377,13.04,1339.0,0.811,5820.0,0.964,761.46,G,1,1965.7871382115488
10666592,CONFIRMED,2.204735417,16.1,2048.0,1.0,6440.0,1.952,3158.4199999999996,F,1,2202.8493589532604
6922244,CONFIRMED,3.522498429,14.59,1521.0,0.998,6225.0,1.451,1264.67,F,1,1378.76569653397
10984090,CONFIRMED,3.709214104,1.16,1206.0,1.0,5833.0,1.022,500.46,G,1,35.344414294829285
10419211,FALSE POSITIVE,11.521446064,48.03,753.0,0.0,5795.0,0.848,75.88,G,0,421.53562782151823
10464078,FALSE POSITIVE,19.40393776,7.18,523.0,0.0,5043.0,0.68,17.69,K,0,250.29455670651458
10480982,FALSE POSITIVE,19.221388942,48.03,698.0,0.0,6117.0,0.947,55.97,F,0,252.67164691661748
10485250,FALSE POSITIVE,16.46983774,7.94,595.0,0.0,5152.0,0.786,29.61,K,0,294.88450807287677
10526549,CONFIRMED,9.27358173,2.47,649.0,1.0,4856.0,0.696,41.85,K,1,138.92151247584894
10583066,CONFIRMED,6.02930329,2.85,678.0,1.0,4537.0,0.672,50.04,K,1,317.2340000166089
10583180,FALSE POSITIVE,2.696370652,1.58,1066.0,0.0,4989.0,0.819,305.34,K,0,147.56873269810384
10601284,CONFIRMED,5.349553819,2.55,919.0,1.0,5185.0,0.91,168.99,K,1,155.34005790324773
10601284,CONFIRMED,3.94105221,1.7,1018.0,0.98,5185.0,0.91,253.15,K,1,92.18350345071931
10601284,CONFIRMED,8.10904807,1.3,800.0,0.971,5185.0,0.91,97.03,K,1,26.809558671169647
2306756,FALSE POSITIVE,154.608014,41.5,297.0,0.0,5543.0,1.58,1.84,G,0,31.4129900148643
10662202,CONFIRMED,21.67699193,2.95,530.0,1.0,4954.0,0.828,18.64,K,1,39.54423209493717
10682541,CONFIRMED,4.99677968,2.78,917.0,1.0,5339.0,0.847,166.95,G,1,187.0604789202953
11460018,CONFIRMED,4.280963604,2.3,1012.0,1.0,5644.0,0.831,247.87,G,1,175.38107525569143
11463211,FALSE POSITIVE,1.50635409,4.53,1452.0,0.0,5714.0,0.831,1054.12,G,0,1468.2470839243379
11465813,FALSE POSITIVE,154.608014,14.14,196.0,0.0,5520.0,0.983,0.35,G,0,31.4129900148643
11493732,FALSE POSITIVE,61.2563628,39.87,505.0,0.0,6144.0,1.091,15.43,F,0,79.2848249227099
11507101,CONFIRMED,38.3775486,2.82,529.0,1.0,5481.0,1.036,18.53,G,1,18.87040799682552
10910878,CONFIRMED,41.19725502,3.86,439.0,0.992,5031.0,0.848,8.76,K,1,53.739017294361474
10910878,CONFIRMED,6.252962249,2.65,823.0,1.0,5031.0,0.848,108.3,K,1,165.82540541738044
10987985,CONFIRMED,16.01308419,3.1,593.0,1.0,5015.0,0.826,29.31,K,1,70.06145641203926
11018648,CONFIRMED,32.62876672,3.36,506.0,1.0,5586.0,0.798,15.55,G,1,55.31315404862473
11018648,CONFIRMED,91.7732862,2.12,359.0,0.978,5586.0,0.798,3.92,G,1,7.104463913159949
11138155,CONFIRMED,4.959319244,12.21,1103.0,1.0,5712.0,1.082,349.4,G,1,979.3077963020523
11152159,FALSE POSITIVE,2.701287801,6.54,1222.0,0.0,5550.0,0.91,527.81,G,0,318.51474681131174
11153539,CONFIRMED,4.49876511,2.1,1133.0,1.0,6075.0,0.969,389.62,F,1,102.25028174453855
11242721,FALSE POSITIVE,19.651209505,12.42,730.0,0.0,6074.0,1.063,67.03,F,0,247.14509296561488
9579641,CONFIRMED,5.412203927,2.94,1093.0,1.0,5779.0,1.087,337.68,G,1,111.15619590732395
11304958,CONFIRMED,41.43958662,5.5,516.0,0.998,5468.0,1.046,16.72,G,1,67.4017341343836
11391957,CONFIRMED,8.35389523,2.52,790.0,1.0,5592.0,0.787,91.9,G,1,124.68435039255334
11403044,CONFIRMED,4.125543472,4.43,1243.0,1.0,6174.0,1.103,565.35,F,1,360.51007827072533
11414511,CONFIRMED,2.816504904,12.21,1219.0,1.0,5532.0,0.955,521.13,G,1,1724.3712209066334
11442465,FALSE POSITIVE,33.93373447,7.34,430.0,0.0,5040.0,0.705,8.11,K,0,143.12306251743945
12110942,CONFIRMED,3.689920099,1.89,1147.0,1.0,5880.0,0.917,408.99,G,1,115.63936035244757
12366084,CONFIRMED,4.431238488,3.25,1104.0,1.0,5714.0,1.015,351.23,G,1,228.13035288837742
12366084,CONFIRMED,11.37936986,3.95,806.0,1.0,5714.0,1.015,99.68,G,1,89.9434689786944
12404086,CONFIRMED,26.39432897,3.07,489.0,1.0,5129.0,0.763,13.49,K,1,57.243357151352505
8395660,CONFIRMED,13.57078281,2.64,785.0,1.0,5854.0,1.012,89.61,G,1,37.706004669306175
9579641,CONFIRMED,7.12594387,1.79,997.0,1.0,5779.0,1.087,233.31,G,1,26.99993201041029
11656840,FALSE POSITIVE,7.442652004,15.03,967.0,0.014,6108.0,0.956,206.78,F,0,652.5496553365388
11754553,CONFIRMED,16.38489988,2.0,433.0,1.0,4126.0,0.615,8.35,K,1,68.78894642351638
11754553,CONFIRMED,7.8774163,2.16,553.0,1.0,4126.0,0.615,22.18,K,1,165.80309460095435
11754553,CONFIRMED,36.4454001,1.99,332.0,1.0,4126.0,0.615,2.88,K,1,30.794009584765128
11812062,CONFIRMED,3.728732147,6.02,1023.0,1.0,5497.0,0.809,258.34,G,1,1302.5070743972642
11818800,CANDIDATE,40.4195037,7.51,467.0,0.999,5446.0,0.781,11.29,G,0,120.15733879483533
11853255,CONFIRMED,2.243380573,1.99,822.0,1.0,4149.0,0.564,107.6,K,1,366.27757674711756
11909839,FALSE POSITIVE,10.405998015,11.23,833.0,0.0,5746.0,0.924,113.94,G,0,466.721211458928
11918099,CONFIRMED,2.337437946,2.34,1070.0,1.0,5005.0,0.765,311.16,K,1,415.4976613013366
11918099,CANDIDATE,7.2406612,19.45,734.0,0.993,5005.0,0.765,68.63,K,0,76.84381089395538
9579641,CANDIDATE,3.43591631,0.55,1272.0,0.871,5779.0,1.087,617.61,G,0,6.7522017147152225
11923270,CONFIRMED,11.59822233,2.65,396.0,1.0,3688.0,0.473,5.82,M,1,241.80429726250986
11960862,CONFIRMED,6.575315881,5.31,1015.0,1.0,5992.0,0.989,251.38,G,1,424.8160925730589
12020329,CONFIRMED,7.275040844,4.86,833.0,1.0,5485.0,0.867,113.64,G,1,412.5062751331544
12066335,CONFIRMED,19.27153892,1.93,393.0,1.0,4077.0,0.56,5.66,K,1,63.295412217137034
12066335,CONFIRMED,10.06524317,1.91,488.0,1.0,4077.0,0.56,13.43,K,1,104.64724817969797
12070811,CONFIRMED,12.3935651,2.66,677.0,1.0,5557.0,0.75,49.68,G,1,73.9577347280001
8395660,CONFIRMED,43.84439721,2.87,531.0,0.998,5854.0,1.012,18.77,G,1,14.031439343398835
3120431,FALSE POSITIVE,3.341913228,21.55,1032.0,0.0,5295.0,0.811,268.67,G,0,217.03136811665894
3246984,FALSE POSITIVE,1.626630225,32.43,1547.0,0.773,5735.0,0.973,1355.88,G,0,996.292811416313
3342970,CONFIRMED,2.711504086,3.12,1420.0,1.0,6214.0,1.076,960.79,F,1,308.8691639168712
3342970,CONFIRMED,7.21203748,3.32,1025.0,1.0,6214.0,1.076,260.58,F,1,131.77968121152915
12459725,FALSE POSITIVE,14.1798187,1.88,711.0,0.0,5799.0,0.878,60.35,G,0,32.43341891247171
12470844,CONFIRMED,8.47237911,2.59,751.0,1.0,5354.0,0.788,75.44,G,1,132.60738045514586
12470844,CONFIRMED,60.4189369,2.36,390.0,0.989,5354.0,0.788,5.49,G,1,15.414041487380093
12644822,CONFIRMED,12.611904345,7.4,753.0,1.0,5795.0,0.919,76.15,G,1,385.0885534130651
2440757,FALSE POSITIVE,1.433769925,46.58,1920.0,0.0,6017.0,1.339,3158.4199999999996,F,0,1378.3940962494382
2445129,FALSE POSITIVE,10.31872301,28.59,876.0,0.0,5927.0,1.06,139.26,G,0,84.47750745467486
2713049,CONFIRMED,2.539183147,2.06,1332.0,1.0,5519.0,1.062,743.09,G,1,150.4814650536116
3114167,CONFIRMED,6.770300385,2.77,812.0,1.0,5653.0,0.679,102.87,G,1,192.6059296998238
3114661,FALSE POSITIVE,0.444291966,27.51,1836.0,0.0,5255.0,0.636,2706.26,G,0,10931.325280817704
3115833,CANDIDATE,10.181584004,7.73,812.0,1.0,5988.0,0.836,102.91,G,0,477.0082924319013
4139816,CONFIRMED,20.06036336,1.96,361.0,1.0,3950.0,0.493,4.0,K,1,74.51011595235632
4139816,CONFIRMED,46.1842039,1.83,273.0,1.0,3950.0,0.493,1.32,K,1,30.198636811405557
8395660,CONFIRMED,23.9800854,1.31,649.0,0.952,5854.0,1.012,41.94,G,1,4.336932011092838
4139816,CONFIRMED,7.82502168,1.2,494.0,0.994,3950.0,0.493,14.05,K,1,66.55572614336833
4275191,CONFIRMED,3.895936525,7.34,1005.0,1.0,5557.0,0.774,241.62,G,1,1246.6065524514672
4476123,CONFIRMED,22.36646466,2.32,536.0,0.999,5395.0,0.734,19.45,G,1,44.11962350781279
3351888,CONFIRMED,1.625522174,9.73,1579.0,1.0,5539.0,1.106,1467.41,G,1,2987.778375270567
3453214,CANDIDATE,19.620346923,13.6,643.0,1.0,5710.0,0.905,40.39,G,0,247.53384937891803
3554600,FALSE POSITIVE,7.544039,17.47,838.0,0.0,5657.0,0.824,116.46,G,0,42.76223916657907
3641726,CONFIRMED,9.02930689,2.57,757.0,1.0,5349.0,0.82,77.75,G,1,112.94333135685456
3734868,FALSE POSITIVE,10.328035714,13.28,843.0,0.053,5627.0,1.024,119.31,G,0,470.2443072903572
3832474,CONFIRMED,143.2063047,8.9,308.0,1.0,5485.0,0.867,2.14,G,1,33.91400965323561
8395660,CONFIRMED,6.164876,0.79,1021.0,0.95,5854.0,1.012,256.35,G,1,9.051276943769833
3832474,CONFIRMED,60.32494216,12.19,411.0,0.745,5485.0,0.867,6.77,G,1,80.5089872629892
3832474,CONFIRMED,29.1598615,1.91,524.0,0.0,5485.0,0.867,17.85,G,1,16.73533325938465
3836375,FALSE POSITIVE,1.540397253,25.69,1470.0,0.0,5663.0,0.915,1105.68,G,0,529.7983999975362
3838486,FALSE POSITIVE,2.99025443,1.7,918.0,0.0,4667.0,0.731,168.45,K,0,197.04008932778342
3935914,CONFIRMED,1.594745374,11.3,1539.0,1.0,5934.0,0.893,1329.42,G,1,3045.4391523445797
3940418,CONFIRMED,4.783002698,2.5,886.0,1.0,5170.0,0.807,145.48,K,1,210.8926261784852
4049131,CONFIRMED,20.50588921,3.41,518.0,1.0,4905.0,0.761,17.06,K,1,102.6778199393188
4139816,CONFIRMED,3.340218842,2.03,656.0,1.0,3950.0,0.493,43.73,K,1,488.7703702139645
5287983,FALSE POSITIVE,2.507089906,30.26,1326.0,0.0,5926.0,0.939,730.47,G,0,534.1651277822184
5358241,CONFIRMED,18.64932728,3.12,701.0,1.0,5775.0,1.053,57.13,G,1,47.915937480400096
10875245,CONFIRMED,4.90144976,1.7,1262.0,1.0,5847.0,1.402,598.74,G,1,28.705792549019208
5358241,CONFIRMED,9.75192101,2.76,870.0,0.998,5775.0,1.053,135.66,G,1,42.86334964889138
5358241,CONFIRMED,38.5576546,4.02,550.0,1.0,5775.0,1.053,21.71,G,1,25.753641146004767
5358624,CONFIRMED,3.525632539,11.58,975.0,0.99,5150.0,0.793,213.12,K,1,1377.540043176916
4544670,CANDIDATE,34.84398644,7.61,511.0,1.0,5509.0,0.871,16.1,G,0,129.82441052746546
4664847,CONFIRMED,7.748094239,5.52,964.0,1.0,5973.0,1.085,204.39,G,1,319.05910327686706
4725681,CONFIRMED,23.96793669,1.8,329.0,1.0,3747.0,0.524,2.77,K,1,49.328401325979975
4725681,CONFIRMED,8.29561738,1.82,469.0,0.995,3747.0,0.524,11.39,K,1,99.36572074639248
4913852,CONFIRMED,8.11437482,2.1,460.0,1.0,3692.0,0.517,10.55,M,1,192.0049337824402
4932348,FALSE POSITIVE,38.036729482,27.5,500.0,0.0,5575.0,0.932,14.81,G,0,127.68447934773994
4936180,CANDIDATE,4.64090031,30.09,1155.0,0.0,6463.0,0.826,421.08,F,0,528.0440940994916
11913073,FALSE POSITIVE,3.747838198,13.65,1031.0,0.0,5514.0,0.826,266.76,G,0,164.36141782447353
10875245,CONFIRMED,14.74914825,2.89,874.0,0.992,5847.0,1.402,137.91,G,1,29.167786010965074
5021899,CONFIRMED,21.81295996,3.38,639.0,1.0,5601.0,0.999,39.33,G,1,53.885396670393014
5077629,FALSE POSITIVE,7.91936937,10.34,814.0,0.0,5690.0,0.776,104.0,G,0,613.2685284762769
5115978,CANDIDATE,1.028436523,48.03,1947.0,0.0,6228.0,0.99,3158.4199999999996,F,0,4722.411049573352
5164255,CONFIRMED,15.37562369,11.01,600.0,1.0,4986.0,0.833,30.54,K,1,315.87011349391315
5252423,CONFIRMED,8.10363271,2.11,687.0,1.0,4861.0,0.732,52.82,K,1,109.56814453156528
5252423,CONFIRMED,4.71510843,1.46,823.0,1.0,4861.0,0.732,108.84,K,1,88.54515356288424
5272878,CONFIRMED,6.365839713,2.44,914.0,1.0,5776.0,0.849,165.33,G,1,122.63896598051213
5283542,FALSE POSITIVE,5.97581754,3.86,1047.0,0.037,6108.0,0.997,284.25,F,0,161.04909387845868
5649215,FALSE POSITIVE,2.446737317,26.25,1261.0,0.0,5764.0,0.863,597.19,G,0,481.41661624887865
5651104,CONFIRMED,3.04033046,8.99,1021.0,1.0,5035.0,0.791,257.29,K,1,1597.425037803292
5792202,CONFIRMED,15.33528675,5.0,610.0,1.0,5251.0,0.817,32.67,G,1,200.93527106690718
10875245,CONFIRMED,7.95825328,1.06,1074.0,0.998,5847.0,1.402,314.15,G,1,6.282785711992318
5792202,CONFIRMED,31.33046135,6.5,481.0,1.0,5251.0,0.817,12.61,G,1,155.0152723812348
5370302,FALSE POSITIVE,3.9043425,12.28,1104.0,0.006,5810.0,0.898,351.05,G,0,1243.9226322998047
5372966,FALSE POSITIVE,9.286358079,17.61,796.0,0.0,5670.0,0.821,95.03,G,0,522.9929708378199
5376067,FALSE POSITIVE,3.951405455,31.44,1133.0,0.0,6046.0,0.869,388.71,F,0,621.0195405016973
5436502,CONFIRMED,23.65369415,7.89,731.0,0.999,5739.0,1.384,67.65,G,1,141.2802574857002
5436502,CONFIRMED,13.23352214,3.06,888.0,0.996,5739.0,1.384,146.67,G,1,38.13043834148903
5436502,CONFIRMED,6.15560285,2.32,1146.0,0.997,5739.0,1.384,406.94,G,1,46.299283261914795
5436502,CONFIRMED,2.090811305,1.62,1642.0,1.0,5739.0,1.384,1718.04,G,1,55.43302722863363
10875245,CONFIRMED,3.180027898,1.53,1458.0,0.995,5847.0,1.402,1066.86,G,1,37.829856799577044
5436502,CONFIRMED,50.4467417,2.67,568.0,0.989,5739.0,1.384,24.64,G,1,7.340414613933333
5456651,CONFIRMED,11.76307164,2.35,616.0,1.0,4959.0,0.756,33.99,K,1,88.18274951864528
5456651,CONFIRMED,56.2279271,2.37,366.0,0.878,4959.0,0.756,4.22,K,1,15.342909555703681
5481416,FALSE POSITIVE,2.384052875,17.06,1010.0,0.0,4794.0,0.701,244.87,K,0,531.9093436633615
5531576,CONFIRMED,7.953547,2.25,696.0,1.0,4768.0,0.779,55.37,K,1,110.06410096023824
5531576,CONFIRMED,4.14451656,1.48,864.0,1.0,4768.0,0.779,132.08,K,1,94.5345480776653
5534814,FALSE POSITIVE,4.859386384,38.33,1114.0,0.0,6072.0,0.988,364.23,F,0,999.4471762918781
6291653,CONFIRMED,10.526294577,8.24,713.0,0.999,5386.0,0.793,61.16,G,1,461.38742978102766
6392727,CONFIRMED,4.583520948,5.39,1038.0,1.0,5815.0,0.877,274.98,G,1,831.6968643207343
6422070,CONFIRMED,3.76181843,2.66,1121.0,0.876,5653.0,0.949,372.62,G,1,135.73222884125218
6428700,CONFIRMED,8.20396958,3.01,742.0,1.0,5015.0,0.826,71.5,K,1,124.86638206184085
6428700,CONFIRMED,14.49645186,3.01,613.0,1.0,5015.0,0.826,33.48,K,1,44.6661021781919
5792202,CONFIRMED,6.54626149,2.19,810.0,1.0,5251.0,0.817,101.78,G,1,100.19459213505998
5794379,CONFIRMED,12.71809866,2.31,562.0,1.0,4702.0,0.686,23.6,K,1,90.37514417269036
5794379,CONFIRMED,36.06588163,2.64,397.0,0.999,4702.0,0.686,5.88,K,1,43.359538969351405
5881688,CONFIRMED,4.190425659,6.21,1234.0,1.0,6073.0,1.135,547.9,F,1,686.6605529249887
6022556,CONFIRMED,3.709870784,4.35,1151.0,1.0,5727.0,0.978,415.1,G,1,544.5742231004884
6032497,CONFIRMED,16.3297527,3.75,727.0,1.0,5878.0,0.987,66.08,G,1,72.72002349429333
6061119,CONFIRMED,27.807566216,13.84,554.0,0.985,5862.0,0.785,22.24,G,1,174.65390398694933
6191521,CONFIRMED,80.8723469,7.59,452.0,0.942,5510.0,1.238,9.88,G,1,44.571477620862765
6267425,FALSE POSITIVE,3.166465862,26.82,954.0,0.0,4968.0,0.704,196.31,K,0,1376.0451525120532
3531558,CONFIRMED,24.99324319,2.29,712.0,0.912,5718.0,1.317,60.88,G,1,10.786915405515247
6276477,CONFIRMED,10.35533116,2.47,777.0,1.0,5501.0,0.918,86.22,G,1,72.48440328971574
6863998,CONFIRMED,16.08518937,3.68,613.0,1.0,5239.0,0.826,33.43,G,1,89.67255323025148
6867155,CANDIDATE,154.608014,10.59,188.0,0.998,4245.0,0.657,0.29,K,0,31.4129900148643
6948054,CONFIRMED,7.49018305,2.56,753.0,1.0,5103.0,0.787,76.06,K,1,150.00968501030158
6948054,CONFIRMED,36.2761238,3.03,445.0,1.0,5103.0,0.787,9.29,K,1,43.35082790736313
6948054,CONFIRMED,17.46087931,2.32,568.0,1.0,5103.0,0.787,24.6,K,1,46.52686646397764
6435936,CONFIRMED,56.0560754,1.94,233.0,0.996,3593.0,0.491,0.69,M,1,29.00666856174523
6522242,CONFIRMED,41.408316686,11.38,453.0,0.974,5522.0,0.747,9.93,G,1,117.2880326633039
6526710,CANDIDATE,39.74893077,14.21,552.0,0.994,6122.0,0.964,21.87,F,0,122.18441869801268
6587280,CONFIRMED,5.715425977,2.47,850.0,1.0,5237.0,0.826,123.03,G,1,158.88579497912724
9471974,CONFIRMED,49.18394185,8.2,669.0,0.959,5626.0,2.057,47.4,G,1,33.470273794250595
6587280,CONFIRMED,20.0261412,2.28,559.0,0.994,5237.0,0.826,23.14,G,1,21.032509248461704
6599919,CANDIDATE,13.61014819,19.02,733.0,0.0,5697.0,0.903,68.29,G,0,356.8440205205436
6675056,FALSE POSITIVE,10.44331991,2.66,667.0,0.0,4947.0,0.802,46.94,K,0,111.05663811844293
6685526,CONFIRMED,2.237489571,1.41,1160.0,1.0,5265.0,0.81,427.17,G,1,141.1403226603017
6756669,FALSE POSITIVE,5.851520671,14.62,901.0,0.0,5532.0,0.806,155.89,G,0,829.9893776449755
6784235,CONFIRMED,3.167893418,2.62,1221.0,1.0,5895.0,0.94,526.23,G,1,246.59920550395236
6849310,CONFIRMED,4.311780262,3.11,1038.0,1.0,5527.0,0.927,274.84,G,1,267.63887069345276
6849310,CONFIRMED,20.0504494,2.69,622.0,1.0,5527.0,0.927,35.44,G,1,41.939209601955355
6849310,CONFIRMED,9.76734503,2.67,791.0,1.0,5527.0,0.927,92.46,G,1,58.265577621352854
6862328,CANDIDATE,119.0207044,8.98,366.0,1.0,5453.0,1.062,4.25,G,0,40.80550543271696
9471974,CONFIRMED,154.608014,7.78,426.0,0.987,5626.0,2.057,7.8,G,1,7.384481376237069
6862603,FALSE POSITIVE,2.861159894,4.37,1355.0,0.0,6126.0,1.021,797.1,F,0,354.50657690506546
7366258,CONFIRMED,26.44439337,3.91,562.0,1.0,5427.0,0.929,23.54,G,1,69.71231951538618
7366258,CONFIRMED,51.53997972,5.51,450.0,0.983,5427.0,0.929,9.67,G,1,70.70821563761376
7366258,CONFIRMED,5.902245782,2.43,926.0,1.0,5427.0,0.929,173.74,G,1,118.98860636095415
7366258,CONFIRMED,2.382951591,1.86,1253.0,1.0,5427.0,0.929,583.01,G,1,164.33401395102032
7373451,CONFIRMED,21.02250608,3.07,521.0,1.0,5067.0,0.75,17.48,K,1,84.31440063591124
6948054,CONFIRMED,3.219814777,1.69,998.0,1.0,5103.0,0.787,234.93,K,1,151.62362862837435
6949607,CONFIRMED,5.912273234,1.73,585.0,1.0,4072.0,0.57,27.72,K,1,162.61088788509127
6949607,CONFIRMED,8.98581901,1.65,509.0,1.0,4072.0,0.57,15.9,K,1,98.07675839222138
7031517,CANDIDATE,12.940668656,22.94,723.0,0.0,5875.0,0.809,64.64,G,0,375.3051816026654
11869052,FALSE POSITIVE,20.5452375,2.41,742.0,0.573,5670.0,1.264,71.57,G,0,10.63506810276591
7109675,CONFIRMED,33.60123371,8.46,495.0,1.0,5149.0,0.93,14.22,K,1,144.53933572547982
7109675,CONFIRMED,6.76652928,1.97,845.0,1.0,5149.0,0.93,120.48,K,1,66.60726368718232
7118364,CONFIRMED,4.347288783,2.36,1174.0,1.0,5754.0,1.122,449.79,G,1,103.88083758455943
7134976,CONFIRMED,4.601811819,2.35,896.0,1.0,4986.0,0.833,152.91,K,1,164.2613887162951
7134976,CONFIRMED,11.18719905,1.55,667.0,0.997,4986.0,0.833,46.65,K,1,31.607554171479592
7135852,CONFIRMED,4.220965778,2.62,595.0,1.0,3837.0,0.517,29.68,K,1,535.4224883270305
7270230,FALSE POSITIVE,6.998099523,48.03,853.0,0.0,5612.0,0.829,125.22,G,0,694.0027051684443
7287995,CONFIRMED,5.95489993,2.33,635.0,1.0,4261.0,0.633,38.52,K,1,236.8973478283119
7287995,CONFIRMED,12.03987488,2.18,502.0,1.0,4261.0,0.633,15.06,K,1,103.87151132919415
7287995,CONFIRMED,20.83762895,1.42,418.0,0.998,4261.0,0.633,7.24,K,1,21.067656068422316
3247396,FALSE POSITIVE,8.8111022,48.03,1399.0,0.0,6200.0,2.404,904.92,F,0,45.522114134597146
7303253,CONFIRMED,23.58917143,3.16,487.0,1.0,4919.0,0.721,13.34,K,1,50.900473700953555
5094751,CONFIRMED,6.481633073,2.54,1145.0,1.0,5945.0,1.302,406.25,G,1,46.05320860315846
7678434,CONFIRMED,10.37168928,3.2,720.0,1.0,5121.0,0.888,63.68,K,1,120.99282634892047
7678434,CONFIRMED,3.96996298,1.78,992.0,1.0,5121.0,0.888,229.37,K,1,75.36594207737423
7685981,CONFIRMED,4.40841331,2.66,1139.0,1.0,6007.0,0.961,398.0,F,1,124.62533827165129
7708215,FALSE POSITIVE,7.9426176,4.68,878.0,0.0,5811.0,0.926,140.57,G,0,200.2740255303239
7373451,CONFIRMED,154.608014,4.53,236.0,1.0,5067.0,0.75,0.73,K,1,20.28614118282381
7377033,FALSE POSITIVE,1.956811408,21.58,1109.0,0.0,5209.0,0.603,357.16,G,0,2481.9458738560256
7380537,CANDIDATE,2.688899233,12.04,929.0,0.997,4820.0,0.639,175.76,K,0,1806.2037953655067
7434875,CONFIRMED,9.439459486,4.16,686.0,1.0,5097.0,0.779,52.32,K,1,321.63917907619054
8349582,CONFIRMED,11.523067458,3.13,927.0,1.0,5644.0,1.411,174.81,G,1,44.0247357614662
7434875,CONFIRMED,20.47748843,2.92,530.0,0.0,5097.0,0.779,18.65,K,1,67.50827889492305
7434875,CONFIRMED,3.336123113,1.74,970.0,1.0,5097.0,0.779,209.79,K,1,154.7604757114969
7455287,CONFIRMED,8.01078456,1.72,453.0,1.0,3713.0,0.47,9.9,K,1,166.47557926585907
7455287,CONFIRMED,12.07134205,1.29,395.0,1.0,3713.0,0.47,5.74,K,1,62.89275847336295
7455287,CONFIRMED,20.99587872,1.3,328.0,0.986,3713.0,0.47,2.74,K,1,36.54526729901019
7458762,CONFIRMED,7.41113177,2.45,905.0,1.0,5849.0,0.919,158.11,G,1,83.72540379213902
7552344,FALSE POSITIVE,1.000747038,4.14,1620.0,0.0,5472.0,0.79,1635.2,G,0,1822.1387930802948
757450,CONFIRMED,8.884922995,10.51,770.0,0.999,5332.0,0.843,83.21,G,1,546.6226328278942
7585481,CONFIRMED,8.09888906,8.95,986.0,1.0,6214.0,1.076,223.19,F,1,599.674839847726
7663691,CONFIRMED,10.00653012,3.52,876.0,1.0,6063.0,1.001,139.21,F,1,93.54891143824389
5812701,CONFIRMED,17.855221681,13.16,911.0,0.635,6823.0,1.367,163.04,F,1,272.00446383525355
8013419,CANDIDATE,12.732624065,4.87,432.0,1.0,3950.0,0.541,8.22,K,0,381.4374770830085
8018547,CANDIDATE,83.92494032,4.78,226.0,0.966,3960.0,0.509,0.62,K,0,57.8695675145164
8039892,CONFIRMED,5.007316661,6.96,998.0,1.0,5865.0,0.827,234.28,G,1,969.9206838319027
8150320,CONFIRMED,2.211116989,1.85,931.0,1.0,4500.0,0.646,177.19,K,1,327.526767512888
8150320,CONFIRMED,27.9541337,1.9,400.0,0.997,4500.0,0.646,6.04,K,1,33.71594377113536
11086270,CONFIRMED,12.69104387,2.57,1008.0,0.415,5869.0,1.626,244.3,G,1,19.86440221800289
7767559,FALSE POSITIVE,4.409409243,10.95,1101.0,0.228,5600.0,0.975,347.06,G,0,1101.4400642693986
7825899,CONFIRMED,16.23947096,4.14,598.0,1.0,5191.0,0.837,30.14,K,1,159.53105900932624
7825899,CONFIRMED,6.308201629,2.96,819.0,1.0,5191.0,0.837,106.44,K,1,210.59884863106362
7849854,CONFIRMED,2.052349884,13.12,1497.0,1.0,5855.0,1.08,1183.18,G,1,2366.409371941183
7870390,CONFIRMED,9.7704486,2.23,460.0,1.0,3906.0,0.509,10.59,K,1,194.23877835046386
7870390,CONFIRMED,5.169804269,1.66,569.0,1.0,3906.0,0.509,24.75,K,1,200.66523721615968
5094751,CONFIRMED,21.22261195,2.48,771.0,1.0,5945.0,1.302,83.56,G,1,17.245756595007617
7870390,CONFIRMED,20.09017037,2.25,362.0,1.0,3906.0,0.509,4.05,K,1,71.28361649627962
7907423,CONFIRMED,7.11373257,1.16,429.0,0.999,3561.0,0.411,8.01,M,1,113.52689914234435
7907423,CONFIRMED,3.306551643,0.91,554.0,0.999,3561.0,0.411,22.19,M,1,153.99729233867586
7907423,CONFIRMED,15.36845737,1.11,332.0,0.998,3561.0,0.411,2.86,M,1,49.198171410225285
7938496,CONFIRMED,13.81020318,4.56,833.0,1.0,5942.0,1.142,113.75,G,1,94.83567931112799
8490993,CONFIRMED,4.093578461,2.85,1182.0,1.0,6077.0,0.999,461.07,F,1,131.57192542693517
8490993,CONFIRMED,105.145959,3.43,401.0,0.999,6077.0,0.999,6.09,F,1,6.5185576936912994
8505670,CONFIRMED,10.8484518,2.34,499.0,1.0,4201.0,0.591,14.66,K,1,154.4552191308994
8505670,CONFIRMED,6.66833241,1.18,587.0,1.0,4201.0,0.591,28.06,K,1,54.33142466873514
8544996,CONFIRMED,4.082274889,10.55,1016.0,0.997,5655.0,0.794,251.48,G,1,1189.7043026393806
8552202,CANDIDATE,3.886655224,1.87,1010.0,1.0,5662.0,0.738,246.29,G,0,149.64023472126738
8150320,CONFIRMED,42.1406089,1.85,349.0,1.0,4500.0,0.646,3.49,K,1,21.25028620552277
8150320,CONFIRMED,4.617490562,1.62,728.0,1.0,4500.0,0.646,66.47,K,1,124.6997676050691
8150320,CONFIRMED,10.19849255,1.75,559.0,0.996,4500.0,0.646,23.11,K,1,62.17585558759859
8180063,FALSE POSITIVE,5.795063956,4.33,950.0,0.0,5865.0,0.827,192.74,G,0,292.1279234972433
8226994,CONFIRMED,7.15681552,2.47,782.0,1.0,5029.0,0.838,88.23,K,1,121.14326512638682
8226994,CONFIRMED,17.64830851,2.43,579.0,1.0,5029.0,0.838,26.49,K,1,43.25060385064631
8226994,CONFIRMED,4.14810719,1.08,938.0,0.957,5029.0,0.838,182.76,K,1,42.23613131848697
8247638,CONFIRMED,16.51410989,2.72,655.0,1.0,5527.0,0.866,43.57,G,1,58.94958956216562
8247638,CONFIRMED,30.1329298,3.14,536.0,1.0,5527.0,0.866,19.55,G,1,33.71062843016347
8247638,CONFIRMED,4.79090809,1.36,990.0,1.0,5527.0,0.866,227.24,G,1,52.45352139493872
11086270,CONFIRMED,31.71981013,3.09,743.0,1.0,5869.0,1.626,71.97,G,1,11.456562902194143
8247638,CONFIRMED,99.6415962,2.64,360.0,1.0,5527.0,0.866,3.97,G,1,9.559260753793504
8255887,CONFIRMED,4.708326451,10.6,1162.0,1.0,5560.0,1.21,431.02,G,1,1031.5130122229498
8256049,FALSE POSITIVE,16.37198661,48.03,438.0,0.0,4187.0,0.592,8.71,K,0,253.33516932310758
8414716,CONFIRMED,5.392026903,2.68,850.0,1.0,5198.0,0.801,123.33,K,1,213.5375102374559
9140402,CANDIDATE,2.494170338,2.42,1194.0,1.0,5569.0,0.829,480.19,G,0,346.28749562172044
9141746,CONFIRMED,6.491682808,9.66,1062.0,1.0,6123.0,1.107,301.54,F,1,748.14191383702
9159275,FALSE POSITIVE,3.044770796,24.54,1076.0,0.0,5525.0,0.753,317.36,G,0,556.6921497758611
9166862,CONFIRMED,3.855603916,13.61,1212.0,0.999,6033.0,1.046,508.65,F,1,1259.6470243858937
9166870,FALSE POSITIVE,3.855599139,3.57,1158.0,0.0,5936.0,0.965,425.74,G,0,267.37738100734646
11449844,CONFIRMED,38.47876629,13.26,484.0,0.92,5510.0,0.879,13.01,G,1,126.21766413706918
8605074,FALSE POSITIVE,37.601661282,27.22,606.0,0.0,6140.0,1.096,31.86,F,0,129.16184642950637
8628973,CONFIRMED,3.314947362,3.94,1155.0,1.0,5609.0,0.944,421.03,G,1,421.7864862736243
8655354,FALSE POSITIVE,6.71969089,4.37,952.0,0.0,5931.0,0.866,194.18,G,0,144.30723315607753
8672910,CONFIRMED,39.6431552,10.98,472.0,0.996,5231.0,0.9,11.74,G,1,122.51043024950748
8686150,FALSE POSITIVE,51.42598578,29.66,549.0,0.0,6257.0,1.147,21.4,F,0,94.44058147522787
8689031,CONFIRMED,21.80451611,2.6,543.0,1.0,5481.0,0.708,20.48,G,1,52.507471123146146
8689373,CONFIRMED,10.28194593,2.53,680.0,1.0,5196.0,0.775,50.6,K,1,108.02429885954479
8689373,CONFIRMED,18.11993039,2.95,563.0,1.0,5196.0,0.775,23.77,K,1,83.16257113391704
8689373,CONFIRMED,3.78402867,1.7,949.0,1.0,5196.0,0.775,191.78,K,1,112.60485507896536
8826878,CONFIRMED,5.15448142,2.94,964.0,1.0,5431.0,0.884,204.1,G,1,135.31914137736868
5897826,FALSE POSITIVE,33.80364366,20.7,745.0,0.0,5855.0,1.796,72.71,G,0,143.6738609851977
8883593,CONFIRMED,5.743469797,3.13,982.0,1.0,5897.0,0.891,219.95,G,1,215.93218800380853
8951215,CANDIDATE,39.4759093,4.06,577.0,1.0,6225.0,1.031,26.13,F,0,25.651087408897254
9016295,FALSE POSITIVE,19.974485239,26.56,700.0,0.0,6108.0,0.997,56.84,F,0,243.1451895700089
9077124,CONFIRMED,3.166353562,3.82,1273.0,1.0,6007.0,0.998,621.92,F,1,465.3302201253039
9097120,FALSE POSITIVE,23.899634407,44.04,652.0,0.0,6192.0,0.924,42.8,F,0,203.2123135146165
9466668,CONFIRMED,3.388012244,2.11,1315.0,1.0,5553.0,1.25,705.93,G,1,82.6738452601649
9466668,CONFIRMED,5.83909761,2.06,1097.0,1.0,5553.0,1.25,341.48,G,1,46.856555288857386
9466668,CONFIRMED,1.620467654,1.57,1681.0,1.0,5553.0,1.25,1893.42,G,1,98.49008686229537
9466668,CONFIRMED,10.6816951,2.3,897.0,1.0,5553.0,1.25,152.75,G,1,28.815651178809624
9479273,CONFIRMED,6.104849417,3.18,784.0,1.0,5085.0,0.712,89.25,K,1,342.3999278637736
8359498,CONFIRMED,3.578780566,10.43,1145.0,0.999,5524.0,0.994,406.6,G,1,1357.0823665862056
9171801,FALSE POSITIVE,3.187067566,23.88,1079.0,0.0,5450.0,0.811,319.76,G,0,325.50298307670084
9334289,CONFIRMED,5.826657508,4.09,1013.0,1.0,5561.0,1.06,248.57,G,1,264.14801245599483
9334289,CONFIRMED,12.41216347,2.58,787.0,0.998,5561.0,1.06,90.65,G,1,49.25007646551725
9334289,CONFIRMED,18.74649011,3.05,686.0,1.0,5561.0,1.06,52.38,G,1,42.503956491298624
9347899,CONFIRMED,20.86021229,5.5,781.0,1.0,6035.0,1.257,87.76,F,1,91.58583687644725
9347899,CONFIRMED,42.63427848,5.22,615.0,1.0,6035.0,1.257,33.82,F,1,40.326705676666585
9347899,CONFIRMED,87.6476068,4.0,484.0,0.973,6035.0,1.257,12.94,F,1,11.518854157692758
9347899,CANDIDATE,9.61731426,1.94,1010.0,0.975,6035.0,1.257,246.13,F,0,24.331117157442247
9388479,CONFIRMED,9.467821474,2.13,407.0,0.953,3582.0,0.458,6.47,M,1,236.27399461883851
9388479,CONFIRMED,0.893040969,1.24,893.0,0.704,3582.0,0.458,151.14,M,1,830.5330054796177
11359879,CONFIRMED,4.942783419,10.62,1008.0,0.996,5514.0,0.978,244.42,G,1,982.5840196296895
9406990,CONFIRMED,20.83426731,2.74,595.0,1.0,5537.0,0.88,29.62,G,1,47.441073174941415
9415172,CONFIRMED,9.94602357,3.12,807.0,1.0,5344.0,1.013,100.34,G,1,99.98970875151466
9415172,CONFIRMED,1.04562195,1.45,1710.0,0.998,5344.0,1.013,2031.84,G,1,203.70651170817524
9415172,CONFIRMED,5.71462396,1.78,971.0,0.949,5344.0,1.013,210.16,G,1,52.11191533939532
9904059,FALSE POSITIVE,102.9641952,39.0,797.0,1.0,5047.0,2.747,95.4,K,0,18.420966592472332
3231341,CONFIRMED,8.14515981,3.43,1050.0,1.0,5896.0,1.24,287.91,G,1,54.85466343477429
3231341,CONFIRMED,18.9985279,43.17,792.0,1.0,5896.0,1.24,93.03,G,1,22.670177514122027
3231341,CONFIRMED,4.24439049,2.07,1305.0,0.999,5896.0,1.24,686.99,G,1,40.995285520960635
2860866,CANDIDATE,90.1240507,7.12,485.0,1.0,6520.0,1.215,13.09,F,0,33.51269696092344
7626506,CONFIRMED,28.5742692,2.32,538.0,1.0,5551.0,0.812,19.83,G,1,28.86862982308573
10460629,CANDIDATE,154.608014,3.87,242.0,0.0,6449.0,1.309,0.81,F,0,5.55016507747134
10319385,CANDIDATE,0.689210173,1.32,1943.0,1.0,5630.0,0.954,3158.4199999999996,G,0,282.9325619951347
10482160,CONFIRMED,7.34373964,1.84,839.0,0.965,5757.0,0.762,117.5,G,1,78.21628055430352
10485069,FALSE POSITIVE,0.445277068,35.74,2562.0,0.0,6167.0,1.064,3158.4199999999996,F,0,419.28950178947906
3233043,FALSE POSITIVE,0.379463865,48.03,3000.0,0.0,5075.0,1.783,3158.4199999999996,K,0,5200.231647880359
6579806,FALSE POSITIVE,9.88047978,23.6,860.0,0.0,6113.0,0.917,129.45,F,0,491.5449561296506
3560301,FALSE POSITIVE,4.6484156,5.06,2259.0,0.0,6980.0,2.747,3158.4199999999996,F,0,27.622315009871322
4044005,FALSE POSITIVE,17.512014768,13.66,804.0,0.0,6224.0,1.132,98.77,F,0,257.6345474676224
11502218,CANDIDATE,3.9886021,34.39,3145.0,0.0,4813.0,2.747,3158.4199999999996,K,0,168.8561513819591
11180361,CANDIDATE,0.533059312,48.03,3749.0,1.0,8523.0,2.747,3158.4199999999996,A,0,2806.0667290247056
5802246,FALSE POSITIVE,0.525154153,23.61,2073.0,0.0,5582.0,0.846,3158.4199999999996,G,0,1423.3915807955154
6066403,FALSE POSITIVE,1.303861044,27.85,1610.0,0.0,5758.0,0.902,1595.19,G,0,458.79122070004877
6209637,FALSE POSITIVE,0.73452496,2.39,878.0,0.0,5706.8232800782525,1.0,141.3,G,0,573.0234136631653
5988031,FALSE POSITIVE,2.55549176,23.35,1312.0,0.0,5948.0,0.901,701.68,G,0,44.5315464449003
7684873,FALSE POSITIVE,2.947376671,48.03,2404.0,0.0,8090.0,2.234,3158.4199999999996,A,0,146.97816002357848
8559644,CONFIRMED,154.608014,7.67,333.0,1.0,5873.0,1.235,2.92,G,1,22.55704545819986
2851100,FALSE POSITIVE,0.890110752,1.25,1372.0,0.0,4768.0,0.711,838.42,K,0,361.19100828477576
3130300,FALSE POSITIVE,5.76573396,7.47,1964.0,0.0,5772.0,2.747,3158.4199999999996,G,0,43.01273727170027
3240158,CONFIRMED,7.42608123,2.47,1037.0,1.0,6049.0,1.176,273.78,F,1,59.69501090415624
3240158,CONFIRMED,15.9868932,1.62,803.0,0.989,6049.0,1.176,98.51,F,1,11.165396413607116
3228959,FALSE POSITIVE,0.73094589,17.12,1922.0,0.0,5901.0,0.848,3158.4199999999996,G,0,342.29619924396866
3218908,CONFIRMED,18.92537246,13.92,1171.0,1.0,4941.0,2.747,443.58,K,1,33.86459111198914
10341913,FALSE POSITIVE,0.933749106,3.22,2863.0,0.0,6215.0,2.188,3158.4199999999996,F,0,199.4111681644812
10480921,FALSE POSITIVE,2.037440623,1.19,1572.0,0.0,6253.0,1.015,1448.05,F,0,58.21028532618984
10287723,CANDIDATE,154.608014,2.99,25.0,0.0,4500.0,0.726,0.0,K,0,9.539608988186085
10350571,CONFIRMED,31.5925809,1.78,688.0,0.994,5676.0,1.487,53.09,G,1,4.592850468889675
10350571,CONFIRMED,17.157236,1.55,844.0,0.997,5676.0,1.487,119.87,G,1,6.434602869599742
3749365,CONFIRMED,1.97376085,8.78,753.0,0.998,3807.0,0.503,76.1,K,1,2460.6324520014673
11013201,CONFIRMED,13.118962443,8.25,1768.0,0.632,7221.0,2.747,2310.43,F,1,28.371146088507786
11673674,FALSE POSITIVE,4.618767792,7.48,1170.0,0.0,6013.0,1.033,442.78,F,0,952.4401741130008
11013201,CANDIDATE,7.82187328,2.78,2101.0,0.0,7221.0,2.747,3158.4199999999996,F,0,5.39512703534875
9414417,CANDIDATE,53.5057611,2.52,675.0,0.999,6247.0,1.762,49.16,F,0,3.6556811075807683
3632418,CONFIRMED,2.785821236,1.69,1784.0,1.0,6202.0,1.733,2388.98,F,1,24.732383797507964
3441784,FALSE POSITIVE,52.56901867,48.03,737.0,0.0,7240.0,1.717,69.62,F,0,92.38711550785736
5820218,FALSE POSITIVE,3.411758679,14.71,684.0,0.0,3995.0,0.561,51.85,K,0,167.24512302471672
5876368,FALSE POSITIVE,0.525426427,1.45,2069.0,0.0,5791.0,0.802,3158.4199999999996,G,0,617.7839242943143
5809890,CONFIRMED,1.269091415,1.41,1331.0,1.0,5041.0,0.766,740.47,K,1,268.6173714286768
5809890,CONFIRMED,2.853133997,1.36,1016.0,1.0,5041.0,0.766,251.77,K,1,97.12127095725747
6131236,CONFIRMED,6.79685353,2.01,985.0,1.0,6061.0,0.97,222.91,F,1,57.83558499016235
9048161,FALSE POSITIVE,8.667822346,48.03,1303.0,0.0,6266.0,1.889,681.39,F,0,244.8019716254577
3218908,CONFIRMED,1.475323222,5.88,2740.0,0.993,4941.0,2.747,3158.4199999999996,K,1,104.99394145644376
3218908,CONFIRMED,4.15246118,7.62,1941.0,1.0,4941.0,2.747,3158.4199999999996,K,1,53.799419263926744
3235672,FALSE POSITIVE,6.7210783,2.39,878.0,0.0,5706.8232800782525,1.0,141.3,G,0,62.6238798616585
2837111,CONFIRMED,8.7348852,1.59,890.0,0.995,5982.0,0.96,148.62,G,1,30.990676328522323
3120276,FALSE POSITIVE,10.26547688,1.81,770.0,0.0,5699.0,0.853,83.13,G,0,38.92658905876373
2307199,CANDIDATE,13.4471791,5.24,848.0,0.752,6276.0,1.041,122.34,F,0,106.20814888975488
3547091,FALSE POSITIVE,3.305577989,25.89,1027.0,0.0,5534.0,0.707,263.55,G,0,1469.2438103598467
3869825,FALSE POSITIVE,4.800653901,16.91,1347.0,0.0,6715.0,1.241,778.45,F,0,1011.6746801906144
3655332,FALSE POSITIVE,15.06649901,48.03,932.0,0.0,5751.0,1.626,177.96,G,0,322.3509321426624
4042026,FALSE POSITIVE,34.82008158,11.36,459.0,0.0,5114.0,0.784,10.49,K,0,139.47985701416613
3344419,FALSE POSITIVE,0.651784374,33.65,2090.0,0.0,5555.0,1.061,3158.4199999999996,G,0,4264.140275323631
11192141,FALSE POSITIVE,1.353771892,48.03,3749.0,1.0,4283.0,2.747,3158.4199999999996,K,0,996.5489813848196
11494130,FALSE POSITIVE,18.95491633,48.03,1139.0,0.0,6362.0,2.534,397.48,F,0,45.76649059785114
5648449,FALSE POSITIVE,4.348866254,48.03,3749.0,0.0,3598.0,2.747,3158.4199999999996,M,0,143.85358469568607
12167361,FALSE POSITIVE,47.93094546,48.03,905.0,0.0,8214.0,1.938,158.41,A,0,44.73936367037815
8607720,FALSE POSITIVE,3.99751422,2.98,2203.0,0.0,5066.0,2.747,3158.4199999999996,K,0,8.20509901775909
1433962,FALSE POSITIVE,1.592633181,1.56,1053.0,0.0,4506.0,0.651,290.51,K,0,397.51777594039714
9032900,CONFIRMED,67.5923754,12.1,588.0,0.0,6038.0,1.744,28.2,F,1,61.51729356148653
5956342,CONFIRMED,17.02902786,2.54,755.0,1.0,5839.0,1.067,76.66,G,1,33.407661592726996
5956342,CONFIRMED,6.84619236,1.67,1022.0,0.945,5839.0,1.067,258.41,G,1,36.04923540302043
5956342,CONFIRMED,67.8321638,2.39,476.0,0.765,5839.0,1.067,12.14,G,1,7.486124156340122
5956342,CONFIRMED,43.1312147,2.39,554.0,0.815,5839.0,1.067,22.21,G,1,10.38227193726589
5956656,CONFIRMED,1.224866441,1.54,1741.0,0.999,5553.0,1.107,2174.33,G,1,160.01744634295193
3109930,CONFIRMED,37.8102649,2.33,566.0,0.931,6085.0,0.973,24.27,F,1,15.083205619117468
2854914,CONFIRMED,25.93406406,2.48,695.0,1.0,5952.0,1.225,55.1,G,1,15.982840138014218
2854914,CONFIRMED,83.4463485,2.73,471.0,0.912,5952.0,1.225,11.59,G,1,6.027825172002583
3337425,FALSE POSITIVE,7.04710032,25.2,986.0,0.0,5766.0,1.068,223.84,G,0,56.88864664835649
3116412,CONFIRMED,12.99204853,2.03,866.0,0.989,5765.0,1.242,132.94,G,1,20.828124169576206
3865567,FALSE POSITIVE,11.11620211,8.96,853.0,0.0,6122.0,0.996,125.21,F,0,435.7513431356638
3544689,FALSE POSITIVE,1.922861499,5.09,1392.0,0.0,5778.0,0.911,884.12,G,0,996.5356324397445
4037164,FALSE POSITIVE,0.635445336,19.0,1177.0,0.0,3920.0,0.55,451.42,K,0,4008.8420760711983
3443790,FALSE POSITIVE,1.665784138,48.03,2636.0,0.0,6261.0,2.747,3158.4199999999996,F,0,1204.3577281319988
3966912,FALSE POSITIVE,55.6639167,34.14,434.0,0.0,5587.0,0.853,8.38,G,0,61.33955715696161
8394721,CONFIRMED,52.09081627,7.14,592.0,0.994,6198.0,1.324,29.07,F,1,55.558737743696334
11607193,FALSE POSITIVE,7.1548608,7.41,1482.0,0.0,7443.0,1.739,1141.57,F,0,109.07270201539072
1161345,CONFIRMED,4.28746668,2.29,942.0,0.711,5296.0,0.815,186.31,G,1,184.28131551100475
10227501,FALSE POSITIVE,2.002779769,1.42,1311.0,0.0,5346.0,0.892,696.4,G,0,130.06921880885048
2854698,CONFIRMED,8.18739443,1.92,782.0,1.0,5251.0,0.849,88.36,G,1,63.21913576111907
2854698,CONFIRMED,76.0498163,1.75,372.0,0.881,5251.0,0.849,4.53,G,1,5.863262026051731
8559644,CONFIRMED,3.341799486,1.67,1356.0,1.0,5873.0,1.235,798.41,G,1,53.32456383051822
6032981,FALSE POSITIVE,3.3226948,15.33,3749.0,0.0,5234.0,2.747,3158.4199999999996,G,0,23.68559399436867
5866099,FALSE POSITIVE,36.97708808,38.6,602.0,0.0,5589.0,1.239,31.08,G,0,34.34288814880634
5964985,FALSE POSITIVE,1.851409163,20.42,2154.0,0.0,7117.0,1.469,3158.4199999999996,F,0,125.58002015246589
6066416,FALSE POSITIVE,1.303859704,0.98,2393.0,0.0,6802.0,1.521,3158.4199999999996,F,0,28.14720010704465
1996679,FALSE POSITIVE,145.5624926,40.15,387.0,0.0,6148.0,1.095,5.33,F,0,20.13980351419181
2849805,CONFIRMED,3.749105745,1.68,1160.0,1.0,5751.0,0.983,428.25,G,1,48.70494790485031
3114811,CONFIRMED,11.08956602,3.51,1422.0,1.0,6353.0,2.747,965.62,F,1,13.354895920444685
2853446,CANDIDATE,7.37290344,2.67,1004.0,1.0,5973.0,1.07,240.11,G,0,27.83164077352951
3003992,FALSE POSITIVE,7.24476126,0.65,837.0,0.0,5370.0,0.874,116.02,G,0,8.005784858671795
3942446,CANDIDATE,119.0624882,10.4,366.0,1.0,5697.0,0.92,4.26,G,0,40.79118514507913
3554031,CONFIRMED,8.70798309,2.01,543.0,1.0,4362.0,0.554,20.59,K,1,163.02282461138768
3554031,CANDIDATE,14.8623076,1.57,454.0,0.0,4362.0,0.554,10.08,K,0,56.51881407702799
3554031,CONFIRMED,4.17634276,1.23,694.0,0.999,4362.0,0.554,54.8,K,1,127.26445853309225
8394721,CONFIRMED,27.40229859,3.63,734.0,1.0,6198.0,1.324,68.46,F,1,27.27873348087621
7295235,CONFIRMED,3.179267286,1.21,1101.0,1.0,5511.0,0.857,347.01,G,1,63.190660591724786
2302548,CONFIRMED,10.38122447,2.18,672.0,1.0,5095.0,0.78,48.37,K,1,77.20669197705924
2302548,CONFIRMED,24.5709023,2.82,505.0,1.0,5095.0,0.78,15.33,K,1,31.101828930393005
10743597,FALSE POSITIVE,81.221876,16.59,385.0,0.0,5619.0,0.874,5.2,G,0,59.79546692568392
10743597,FALSE POSITIVE,0.817026268,2.92,1784.0,0.0,5619.0,0.874,2386.13,G,0,1402.035705417491
9818381,CONFIRMED,3.024092505,12.14,1489.0,1.0,6063.0,1.358,1162.54,F,1,1606.0024592402472
6124941,FALSE POSITIVE,5.670155713,5.85,341.0,1.0,3337.0,0.183,3.21,M,0,94.65348522431312
6060203,CONFIRMED,1.022678654,1.14,1734.0,1.0,5366.0,1.02,2138.47,G,1,126.3348946364143
5880320,CONFIRMED,12.10968709,2.98,1005.0,1.0,6021.0,1.458,240.8,F,1,23.51010376107084
5880320,CONFIRMED,4.75796103,1.7,1372.0,0.758,6021.0,1.458,835.65,F,1,26.166670810248316
5880320,CONFIRMED,20.4972755,2.96,843.0,1.0,6021.0,1.458,119.42,F,1,11.85035542894469
3003992,FALSE POSITIVE,13.55480534,0.62,679.0,0.0,5370.0,0.874,50.41,G,0,3.5633119612177326
6307537,FALSE POSITIVE,29.74454668,20.06,455.0,0.0,4889.0,0.788,10.1,K,0,163.28035025208862
6359798,FALSE POSITIVE,14.15402428,48.03,777.0,0.0,5850.0,1.037,86.13,G,0,343.1320947260661
6311681,FALSE POSITIVE,0.844786082,35.27,1864.0,0.0,5705.0,0.915,2846.03,G,0,2922.041511569316
6365321,FALSE POSITIVE,0.848483947,32.11,1908.0,0.001,5941.0,0.936,3117.82,G,0,2248.009531286984
6301035,FALSE POSITIVE,11.99097576,37.47,880.0,0.0,6110.0,1.072,141.63,F,0,177.15822652951474
3859079,CONFIRMED,53.5292702,2.28,348.0,1.0,4736.0,0.708,3.48,K,1,20.289833878587046
3557493,FALSE POSITIVE,0.393726813,24.17,2705.0,0.0,6277.0,1.031,3158.4199999999996,F,0,1433.98920611485
4061149,CONFIRMED,2.757584622,1.01,615.0,1.0,3683.0,0.424,33.79,M,1,204.2004424841908
3444588,CONFIRMED,0.928310036,1.16,1115.0,0.99,4109.0,0.602,365.72,K,1,405.25254000377953
8394721,CONFIRMED,13.48457668,3.39,929.0,1.0,6198.0,1.324,176.29,F,1,48.46277458374021
3962243,CONFIRMED,31.8841473,3.7,563.0,0.999,5779.0,0.974,23.82,G,1,28.540829128587045
10743597,CANDIDATE,16.15811112,48.03,660.0,0.0,5619.0,0.874,44.83,G,0,143.56876139616497
10015516,FALSE POSITIVE,67.69213907,48.03,1173.0,0.0,5355.0,2.747,448.21,G,0,71.74688326775608
10154388,CONFIRMED,12.06222962,1.62,750.0,0.999,5547.0,0.933,74.8,G,1,24.88760448584463
1432789,CONFIRMED,9.93146307,2.41,931.0,0.848,5782.0,1.22,177.83,G,1,40.13507347211029
1718189,CONFIRMED,21.85362905,1.75,618.0,1.0,5830.0,0.876,34.57,G,1,16.2718969552565
5880320,CONFIRMED,8.19345065,1.74,1144.0,0.884,6021.0,1.458,405.75,F,1,14.084419975117564
5130369,FALSE POSITIVE,19.97867,6.85,1351.0,0.0,9651.0,1.895,788.02,A,0,47.26540855822734
6037187,CONFIRMED,41.8059544,2.02,533.0,1.0,5907.0,0.973,19.02,G,1,10.390864321470914
6147122,FALSE POSITIVE,15.45158184,2.02,1285.0,0.0,7839.0,2.069,643.83,A,0,5.520470388292621
8257407,FALSE POSITIVE,89.698168533,48.03,554.0,0.0,6214.0,1.583,22.33,F,0,54.144918223310405
8218274,FALSE POSITIVE,1.187352427,48.03,2251.0,0.557,6424.0,1.489,3158.4199999999996,F,0,4090.3609489147907
3964562,FALSE POSITIVE,3.012476582,48.03,2371.0,0.0,8601.0,2.031,3158.4199999999996,A,0,377.92824907012005
5735762,CONFIRMED,4.77800306,1.85,932.0,1.0,5192.0,0.873,177.79,K,1,98.995332162889
6292162,FALSE POSITIVE,7.814839231,5.33,903.0,0.0,5887.0,0.931,156.74,G,0,257.2413763837287
6307521,FALSE POSITIVE,29.7452499,3.6,557.0,0.0,5334.0,1.004,22.74,G,0,26.185693602123678
6359320,CONFIRMED,5.32667299,2.26,1007.0,1.0,5831.0,0.921,242.97,G,1,114.78083996292027
3848972,FALSE POSITIVE,0.741057213,26.67,1730.0,0.0,5496.0,0.776,2128.29,G,0,2693.8540843809315
3860441,FALSE POSITIVE,2.988085455,21.81,1101.0,0.0,5497.0,0.809,348.05,G,0,268.66701508039705
3765771,FALSE POSITIVE,2.783883492,48.03,1934.0,0.0,6028.0,2.147,3158.4199999999996,F,0,324.69031214758894
3557341,FALSE POSITIVE,0.393727296,23.05,2216.0,0.0,5628.0,0.808,3158.4199999999996,G,0,2294.7354912370615
3859628,CONFIRMED,8.17242644,3.29,858.0,1.0,5705.0,0.905,127.95,G,1,105.75806418638133
3644071,CANDIDATE,154.608014,48.03,169.0,0.0,5609.0,1.048,0.19,G,0,31.4129900148643
1718189,CONFIRMED,13.0607936,1.45,734.0,1.0,5830.0,0.876,68.66,G,1,18.115285123256214
1431122,CANDIDATE,4.2989201,2.12,1046.0,0.99,5300.0,0.986,283.62,G,0,55.26969435882281
3858949,FALSE POSITIVE,25.9518461,22.32,521.0,0.0,5372.0,0.796,17.37,G,0,40.78707911264933
3858824,FALSE POSITIVE,25.9518536,24.6,494.0,0.0,5198.0,0.742,14.09,K,0,77.75552494639535
2157247,FALSE POSITIVE,5.68628739,4.5,1059.0,0.0,6052.0,0.956,297.81,F,0,854.1073756738136
7601633,FALSE POSITIVE,15.663886949,27.36,1060.0,0.0,5996.0,2.221,298.77,G,0,310.057140722026
8242681,FALSE POSITIVE,4.020628573,16.94,1232.0,0.008,6210.0,1.033,543.92,F,0,1207.945452264486
8260218,CANDIDATE,5.714817603,9.29,943.0,1.0,5695.0,0.842,187.27,G,0,849.8433961305203
8246781,FALSE POSITIVE,154.608014,48.03,379.0,0.0,6025.0,1.367,4.89,F,0,31.4129900148643
8264070,FALSE POSITIVE,2.897432135,14.35,2170.0,0.0,5970.0,2.747,3158.4199999999996,G,0,422.3394864777394
8222813,CONFIRMED,8.70420525,2.86,748.0,1.0,5074.0,0.863,74.13,K,1,123.4920327734689
6359320,CONFIRMED,8.1280933,1.39,875.0,1.0,5831.0,0.921,138.51,G,1,27.571041784178338
6359320,CANDIDATE,2.83668931,1.19,1242.0,1.0,5831.0,0.921,562.48,G,0,58.55417419682101
6362874,CONFIRMED,0.974868896,1.16,1612.0,1.0,5487.0,0.832,1605.87,G,1,202.69392203482508
6272413,CONFIRMED,4.89721006,1.48,904.0,1.0,5093.0,0.847,157.93,K,1,56.03190319346848
8279765,FALSE POSITIVE,2.757794163,20.05,1231.0,0.0,5747.0,0.891,542.43,G,0,1761.0813980100515
8330548,FALSE POSITIVE,1.914158508,13.63,1646.0,0.0,6289.0,1.118,1730.47,F,0,2537.250692511615
3348082,FALSE POSITIVE,3.98216698,3.32,1374.0,0.0,5570.0,1.548,842.48,G,0,95.7518863259722
3853673,FALSE POSITIVE,0.643794198,19.51,2011.0,0.0,5958.0,0.83,3158.4199999999996,G,0,709.3881886770281
3447722,CONFIRMED,16.08832318,3.42,875.0,0.986,6157.0,1.33,138.64,F,1,37.15738385608437
3447722,CONFIRMED,10.30067919,2.2,1015.0,0.994,6157.0,1.33,251.55,F,1,26.3866095610342
3447722,CONFIRMED,35.6757453,3.02,671.0,0.998,6157.0,1.33,47.96,F,1,13.20785301155292
3447722,CANDIDATE,1.00861677,2.39,878.0,0.0,5706.8232800782525,1.0,141.3,G,0,417.3041858108308
1432214,FALSE POSITIVE,154.608014,36.14,375.0,0.0,6018.0,1.212,4.68,F,0,31.4129900148643
2165002,CONFIRMED,16.56806842,2.54,548.0,1.0,4987.0,0.716,21.27,K,1,80.35939774324038
2165002,CONFIRMED,47.3329299,2.18,386.0,1.0,4987.0,0.716,5.25,K,1,19.679745199969123
2441728,FALSE POSITIVE,0.856895349,0.82,1881.0,0.0,6021.0,0.873,2960.82,F,0,95.92770003469818
1871056,CONFIRMED,40.8065333,3.71,772.0,0.976,6207.0,2.097,83.75,F,1,7.6923956684161645
8222813,CONFIRMED,2.46697039,1.56,1139.0,1.0,5074.0,0.863,398.42,K,1,125.13324085742268
12105051,CANDIDATE,2.624234833,5.11,1164.0,1.0,5340.0,0.899,434.31,G,0,993.4324349394077
8240904,CONFIRMED,6.61836309,2.98,1066.0,1.0,5529.0,1.294,304.65,G,1,82.96613415327143
8240904,CONFIRMED,107.7214092,4.75,421.0,1.0,5529.0,1.294,7.39,G,1,12.961211799668883
8240904,CANDIDATE,92.77779,1.92,410.0,0.0,5888.0,1.019,6.7,G,0,3.869460568095015
8374494,FALSE POSITIVE,5.251916208,37.15,952.0,0.0,5542.0,0.872,194.17,G,0,924.7481885948627
5735762,CONFIRMED,9.673958488,2.63,736.0,1.0,5192.0,0.873,69.42,K,1,98.48088568725726
8414907,FALSE POSITIVE,100.3039228,29.55,313.0,0.0,5055.0,0.772,2.26,K,0,48.41984106328491
8414907,FALSE POSITIVE,154.608014,2.39,878.0,0.0,5706.8232800782525,1.0,141.3,G,0,2.7223685830412387
8397446,FALSE POSITIVE,0.986620248,43.98,2308.0,0.0,6243.0,1.385,3158.4199999999996,F,0,1364.0506595400827
8386035,FALSE POSITIVE,1.63484631,2.39,878.0,0.0,5706.8232800782525,1.0,3158.4199999999996,G,0,257.4553934675364
3962243,CONFIRMED,14.12847677,2.73,739.0,0.985,5779.0,0.974,70.5,G,1,44.498781449318265
3962243,CONFIRMED,48.6478543,4.14,489.0,0.829,5779.0,0.974,13.57,G,1,13.192770970784624
3438507,CONFIRMED,8.39842977,2.0,984.0,1.0,6309.0,1.044,221.66,F,1,40.49566517956368
3869014,CONFIRMED,8.63847391,5.99,1419.0,1.0,5684.0,2.747,958.35,G,1,45.829854222480364
3756801,CANDIDATE,154.608014,5.89,292.0,0.0,5796.0,1.444,1.73,G,0,8.846242601628658
1871056,CONFIRMED,140.10765,3.42,511.0,0.991,6207.0,2.097,16.17,F,1,1.9042500534410505
1865042,CONFIRMED,3.4815917,1.17,1156.0,0.998,5405.0,1.022,421.61,G,1,38.832813164162815
2438502,FALSE POSITIVE,8.360616221,40.35,1263.0,0.046,5463.0,2.445,601.6,G,0,580.9021574033088
2309585,FALSE POSITIVE,1.838514968,4.86,1426.0,0.0,5751.0,0.94,974.1,G,0,1480.3795712148915
5780460,CONFIRMED,35.61760233,5.17,456.0,1.0,5123.0,0.779,10.19,K,1,130.12947803328456
8244190,FALSE POSITIVE,1.09206833,1.29,1611.0,0.0,5639.0,0.859,1588.89,G,0,200.72004102527174
8229696,CONFIRMED,10.12805158,1.95,767.0,0.998,5676.0,0.82,81.77,G,1,47.13641081199944
8262210,FALSE POSITIVE,1.613001111,1.25,1680.0,0.0,5580.0,1.205,1878.1,G,0,64.53808325988189
10272640,CONFIRMED,3.770551475,12.05,1302.0,1.0,6322.0,1.075,679.75,F,1,1288.060919523715
10232123,FALSE POSITIVE,1.343767797,18.66,2654.0,0.964,6324.0,2.312,3158.4199999999996,F,0,3499.5629531372083
10223616,FALSE POSITIVE,29.12436474,15.25,356.0,0.0,4457.0,0.481,3.81,K,0,166.7572852955556
8415745,FALSE POSITIVE,31.82814583,35.8,564.0,0.0,5908.0,0.92,23.97,G,0,140.02700703347884
8378634,FALSE POSITIVE,3.629442796,3.28,1434.0,0.0,6506.0,1.217,1001.35,F,0,117.53870331560393
8397675,FALSE POSITIVE,0.553261874,48.03,3689.0,0.762,5679.0,2.747,3158.4199999999996,G,0,1876.326652503078
8346392,CONFIRMED,5.72812616,1.38,569.0,1.0,3968.0,0.548,24.74,K,1,112.32294506586076
8288947,CONFIRMED,3.75574267,1.58,977.0,1.0,5311.0,0.788,215.46,G,1,111.13647464031393
8312852,FALSE POSITIVE,7.44042933,2.74,883.0,0.0,5815.0,0.877,144.12,G,0,73.55758326919019
9480189,CONFIRMED,6.581477136,4.56,881.0,1.0,5188.0,0.973,142.63,K,1,352.3373176085132
11974540,CONFIRMED,24.669192732,48.03,1485.0,1.0,5313.0,2.747,1150.61,G,1,196.87308185403495
9480189,CONFIRMED,2.382652873,2.74,1237.0,1.0,5188.0,0.973,553.53,K,1,296.05655443708434
9480189,CONFIRMED,24.66461416,5.34,567.0,1.0,5188.0,0.973,24.53,K,1,97.25674135581127
9512687,CONFIRMED,11.51517167,2.9,657.0,1.0,5177.0,0.798,43.96,K,1,117.8792673613697
8644288,CONFIRMED,7.641567589,4.91,899.0,1.0,5356.0,1.055,154.25,G,1,297.0202086895393
5738346,FALSE POSITIVE,30.6113932,19.68,317.0,0.0,3900.0,0.534,2.38,K,0,113.42182230372971
1725016,CONFIRMED,7.40742502,2.01,938.0,1.0,5922.0,0.961,183.15,G,1,59.66985812297834
1722276,FALSE POSITIVE,154.608014,38.98,296.0,0.0,5367.0,2.057,1.81,G,0,31.4129900148643
892772,FALSE POSITIVE,5.09246539,1.17,844.0,0.0,5037.0,0.751,119.7,K,0,49.87760947747943
1027438,FALSE POSITIVE,110.61576622,2.39,878.0,0.0,5706.8232800782525,1.0,141.3,G,0,3.8050633682985664
10268907,FALSE POSITIVE,1.103971357,1.37,1471.0,0.0,5409.0,0.746,1109.79,G,0,287.9603696094807
5446285,CONFIRMED,10.916108342,3.93,758.0,0.0,5575.0,0.932,78.19,G,1,135.48784545399852
10166274,CONFIRMED,3.353732008,1.65,615.0,1.0,3789.0,0.46,33.76,K,1,377.10228395804484
10166274,CONFIRMED,6.877446033,2.05,484.0,0.99,3789.0,0.46,12.95,K,1,237.34101178951408
10166274,CONFIRMED,28.46464804,1.87,301.0,0.992,3789.0,0.46,1.95,K,1,57.25698760475522
10153827,FALSE POSITIVE,0.293630085,26.35,2503.0,0.0,5665.0,0.843,3158.4199999999996,G,0,6871.571078964883
5735762,CONFIRMED,42.89645024,2.0,448.0,0.998,5192.0,0.873,9.54,K,1,12.945127088446
8302450,FALSE POSITIVE,2.44199803,1.44,1282.0,0.0,5970.0,0.796,638.05,G,0,103.0713362205292
8313667,CANDIDATE,30.5872153,2.32,621.0,0.996,5944.0,1.082,35.08,G,0,15.195891336992682
8351704,CONFIRMED,7.09712124,0.74,425.0,1.0,3569.0,0.389,7.73,M,1,52.06336308832735
8299955,FALSE POSITIVE,2.6827683,1.19,1551.0,0.0,6180.0,1.223,1366.57,F,0,29.74539396488321
9513865,CONFIRMED,3.601465336,2.31,996.0,1.0,5052.0,0.855,232.65,K,1,215.93988208803907
9595686,FALSE POSITIVE,3.108251172,4.43,1096.0,1.0,5330.0,0.847,340.69,G,0,600.8845156481453
9605514,CONFIRMED,25.8474958,2.4,672.0,1.0,6297.0,1.031,48.23,F,1,20.79118240924523
9605514,CONFIRMED,40.715561,2.7,578.0,0.999,6297.0,1.031,26.34,F,1,16.723335827301998
9661877,FALSE POSITIVE,20.42720701,4.42,674.0,0.0,6014.0,0.958,48.72,F,0,62.31884757308288
5728283,FALSE POSITIVE,6.198273591,19.81,985.0,0.0,6038.0,0.898,222.23,F,0,783.5568934956359
8127639,FALSE POSITIVE,1.023471798,3.78,1727.0,0.0,5741.0,0.893,2103.09,G,0,841.6450767703517
6047498,FALSE POSITIVE,0.51872711,19.07,1965.0,0.0,5572.0,0.762,3158.4199999999996,G,0,1376.6390578660905
8125580,CONFIRMED,17.31711739,2.04,454.0,0.995,4719.0,0.502,10.07,K,1,85.06034617808871
8158127,CONFIRMED,9.42889884,4.39,1163.0,1.0,5897.0,1.86,432.9,G,1,59.96458436921781
10158990,FALSE POSITIVE,1.096583368,1.35,1474.0,0.0,5222.0,0.763,1119.9,G,0,281.32835952332266
10149023,CANDIDATE,9.95639775,28.15,905.0,0.0,6161.0,1.053,158.42,F,0,51.2735642767988
10141900,CONFIRMED,6.50327035,1.67,804.0,1.0,4999.0,0.843,98.81,K,1,64.321484036105
10141900,CONFIRMED,4.09667624,1.42,938.0,0.695,4999.0,0.843,182.9,K,1,73.79152812915477
10141900,CONFIRMED,1.196548464,1.25,1414.0,0.821,4999.0,0.843,945.12,K,1,187.7065633005568
8410727,CONFIRMED,11.47609015,2.07,984.0,1.0,6071.0,1.41,221.34,F,1,15.885201110937597
8410727,CONFIRMED,25.2630467,1.71,756.0,0.998,6071.0,1.41,77.24,F,1,4.9677301985908136
8349405,FALSE POSITIVE,7.1688266,2.39,878.0,0.0,5706.8232800782525,1.0,141.3,G,0,58.712537418606274
8278371,CONFIRMED,0.677374687,0.9,2099.0,1.0,5718.0,1.037,3158.4199999999996,G,1,113.2312757946327
8280511,CONFIRMED,10.43547031,1.22,759.0,1.0,5528.0,0.853,78.35,G,1,20.142839158726904
8280511,CONFIRMED,7.41084314,0.94,850.0,0.997,5528.0,0.853,123.4,G,1,16.745732928844586
9710326,CONFIRMED,28.59914031,1.83,298.0,1.0,3755.0,0.461,1.87,K,1,55.42474294046358
9761882,CONFIRMED,24.58716355,2.37,530.0,1.0,5474.0,0.749,18.72,G,1,36.90950353645002
5297298,FALSE POSITIVE,34.193600311,21.95,778.0,0.913,6129.0,1.786,86.74,F,0,142.03535035290247
9766437,CONFIRMED,12.53248222,3.24,775.0,1.0,5997.0,0.904,85.15,G,1,91.43440061469323
9772531,CANDIDATE,31.201692472,8.31,286.0,0.993,3748.0,0.449,1.59,K,0,155.65501789232556
9775938,CONFIRMED,13.19720694,4.18,642.0,1.0,4954.0,0.885,40.03,K,1,162.26160654566505
8644288,CONFIRMED,14.85890852,5.94,720.0,1.0,5356.0,1.055,63.52,G,1,220.00270044061082
8158127,CONFIRMED,4.08897299,2.36,1537.0,0.989,5897.0,1.86,1317.96,G,1,38.616053563122215
8176653,FALSE POSITIVE,2.866680334,2.93,1045.0,0.0,5238.0,0.764,282.64,G,0,248.51044309009444
8174625,CONFIRMED,17.44486016,3.24,679.0,1.0,5568.0,0.966,50.32,G,1,47.40078122815975
8183911,FALSE POSITIVE,8.30697421,37.99,1246.0,0.0,5300.0,2.124,570.93,G,0,19.10442912040773
8179973,FALSE POSITIVE,2.49705175,2.39,878.0,0.0,5706.8232800782525,1.0,141.3,G,0,168.55878137087066
10157458,CONFIRMED,7.33685101,1.52,875.0,1.0,5795.0,0.848,138.46,G,1,44.40597192936592
4649305,FALSE POSITIVE,22.65117451,7.62,855.0,0.983,6968.0,1.333,126.57,F,0,99.33259747774554
10148521,FALSE POSITIVE,1.204274435,1.19,1564.0,0.0,5668.0,0.849,1413.91,G,0,154.28377004449155
10118816,CONFIRMED,7.71790675,0.9,502.0,0.993,3975.0,0.509,15.01,K,1,39.751711174794906
10122255,CONFIRMED,27.6652847,2.21,641.0,1.0,6036.0,1.017,39.94,F,1,16.95988330096599
3124412,FALSE POSITIVE,0.948950734,36.87,2103.0,0.0,6307.0,1.133,3158.4199999999996,F,0,2247.7457718052624
3835670,CONFIRMED,14.55730897,4.32,879.0,1.0,5774.0,1.412,141.0,G,1,65.73330290454088
10287248,FALSE POSITIVE,4.722254104,14.45,557.0,0.0,3801.0,0.488,22.67,K,0,1028.4707034054175
10351767,FALSE POSITIVE,0.635069939,48.03,2351.0,0.0,6340.0,1.058,3158.4199999999996,F,0,7647.504159380468
10295951,CANDIDATE,6.810823723,26.06,1626.0,0.871,7226.0,2.079,1656.16,F,0,713.0855528677143
10342041,FALSE POSITIVE,0.933746515,25.54,1508.0,0.0,5252.0,0.716,1222.25,G,0,3144.964883751132
10514770,FALSE POSITIVE,1.872421727,5.65,1298.0,0.0,5337.0,0.825,672.92,G,0,1612.2970356880503
9775938,CONFIRMED,33.6528474,3.05,470.0,0.982,4954.0,0.885,11.5,K,1,33.89906317407186
9787239,CONFIRMED,5.90127815,1.94,514.0,1.0,3731.0,0.498,16.54,K,1,258.45248456895735
9787239,CONFIRMED,8.75209691,1.83,451.0,1.0,3731.0,0.498,9.76,K,1,156.25969571216731
9787239,CONFIRMED,22.78078241,2.17,328.0,1.0,3731.0,0.498,2.73,K,1,84.50543819579022
9787239,CONFIRMED,2.896005211,1.23,652.0,0.968,3731.0,0.498,42.53,K,1,212.05072341287305
9787239,CONFIRMED,0.742957911,1.47,1026.0,0.996,3731.0,0.498,262.51,K,1,1135.0575685572046
2309719,FALSE POSITIVE,54.35635067,38.81,566.0,0.0,6161.0,1.255,24.18,F,0,89.34926535972323
2558363,FALSE POSITIVE,0.54624855,18.93,1837.0,0.0,5414.0,0.714,2677.36,G,0,1171.0786234581308
2716853,CONFIRMED,18.82744023,2.7,632.0,1.0,5687.0,0.86,37.82,G,1,53.44327150733438
2445154,FALSE POSITIVE,8.4120069,1.71,590.0,0.0,4502.0,0.621,28.69,K,0,97.43215973824273
2715135,CONFIRMED,5.747711909,1.86,641.0,1.0,4252.0,0.632,40.07,K,1,142.68286458753337
8644288,CONFIRMED,3.504691252,2.03,1165.0,1.0,5356.0,1.055,435.21,G,1,89.90806246347204
3113266,FALSE POSITIVE,0.995861402,26.93,1477.0,0.0,5286.0,0.706,1124.35,G,0,4876.883460134345
3247268,CONFIRMED,86.67856052,9.83,434.0,0.934,5822.0,1.081,8.41,G,1,56.031156618935505
3247268,CONFIRMED,12.21828097,5.1,835.0,1.0,5822.0,1.081,114.59,G,1,150.87228756043248
3232859,FALSE POSITIVE,8.387210055,48.03,1211.0,0.0,6089.0,1.795,509.55,F,0,579.0602558123244
3098184,FALSE POSITIVE,15.2384539,9.84,829.0,0.0,6384.0,1.086,111.67,F,0,318.7134358821009
2720309,FALSE POSITIVE,0.413334492,31.52,2509.0,0.0,5973.0,1.016,3158.4199999999996,G,0,4899.421749685482
10342065,FALSE POSITIVE,0.93374614,48.03,3303.0,0.0,5438.0,2.747,3158.4199999999996,G,0,1839.3650334126146
10352945,FALSE POSITIVE,6.47179275,2.08,1075.0,0.0,6341.0,1.033,316.0,F,0,62.19296809218744
10354039,CONFIRMED,64.617518,5.4,383.0,0.894,5043.0,0.881,5.09,K,1,38.481824696516505
10330115,CONFIRMED,13.21409607,2.77,629.0,1.0,5333.0,0.728,36.95,G,1,87.39152446619075
10426656,CONFIRMED,6.05729966,1.94,947.0,1.0,5334.0,1.004,189.98,G,1,63.592693381789864
9820483,CONFIRMED,3.584101048,4.66,1131.0,1.0,5739.0,0.922,386.66,G,1,727.6859566934844
9941662,CONFIRMED,1.763587535,21.42,3559.0,0.875,9107.0,2.747,3158.4199999999996,A,1,2602.9895930286216
7778437,CONFIRMED,5.014234733,10.63,1308.0,1.0,6490.0,1.307,692.13,F,1,968.5824973523431
9823457,CONFIRMED,8.11528727,3.1,879.0,1.0,5926.0,0.887,140.92,G,1,102.87990704733241
9823457,CONFIRMED,36.9250409,3.01,530.0,1.0,5926.0,0.887,18.7,G,1,24.427867322958065
2574201,FALSE POSITIVE,37.4783492,10.05,262.0,0.0,3687.0,0.44,1.12,M,0,39.16661302680856
2166206,FALSE POSITIVE,8.09695764,34.0,1197.0,0.0,5949.0,1.707,484.58,G,0,35.013150939492874
2164169,CONFIRMED,32.3122867,4.84,699.0,1.0,5821.0,1.494,56.49,G,1,20.976540790596534
2574338,CONFIRMED,9.22961384,2.79,1021.0,0.997,6320.0,1.252,257.11,F,1,53.31750694349743
2584163,CONFIRMED,14.5598556,1.64,758.0,0.885,5959.0,0.966,78.26,G,1,19.958989153711112
4180280,CONFIRMED,4.176254191,3.07,876.0,1.0,4957.0,0.776,139.48,K,1,325.6746207956095
3239636,FALSE POSITIVE,0.528755447,47.75,3271.0,0.0,6151.0,1.954,3158.4199999999996,F,0,772.5688734134213
2721030,CONFIRMED,6.10027621,2.59,990.0,0.994,5957.0,0.937,227.15,G,1,125.66644092989358
3329204,CANDIDATE,51.59809554,6.57,449.0,0.997,5681.0,0.859,9.61,G,0,94.12556702281728
3230491,CANDIDATE,154.608014,9.8,139.0,0.0,5606.0,0.76,0.09,G,0,31.4129900148643
3340070,FALSE POSITIVE,10.9110487,2.36,786.0,0.0,5903.0,0.864,90.07,G,0,36.83422291021393
7626506,CONFIRMED,8.408878137,2.28,809.0,1.0,5551.0,0.812,101.22,G,1,95.00672824413414
10426656,CONFIRMED,10.93725572,2.41,777.0,0.991,5334.0,1.004,86.28,G,1,38.5471466328667
10426656,CONFIRMED,2.97136658,1.52,1200.0,0.961,5334.0,1.004,490.13,G,1,78.51606111824816
10528068,CONFIRMED,154.608014,3.08,350.0,0.999,5751.0,1.034,3.53,G,1,5.810177472430374
10468940,CONFIRMED,2.936527336,1.92,1209.0,1.0,5359.0,1.002,505.22,G,1,119.97163986216677
9825625,CONFIRMED,7.03902016,2.45,1051.0,1.0,6321.0,1.058,288.92,F,1,75.26615749883005
9875711,CONFIRMED,8.360870704,3.67,690.0,1.0,4743.0,0.81,53.68,K,1,243.95784508713533
7661409,FALSE POSITIVE,3.14051153,31.01,1306.0,0.0,6108.0,0.974,689.48,F,0,459.9250746899821
1026957,CONFIRMED,21.76129812,2.53,486.0,1.0,4859.0,0.72,13.18,K,1,59.77125044781106
8176650,FALSE POSITIVE,15.801100028,15.61,614.0,0.0,5383.0,0.789,33.6,G,0,307.3646765980716
2162635,CANDIDATE,154.608014,18.35,206.0,0.0,5009.0,2.283,0.42,K,0,26.71206940152533
5899544,FALSE POSITIVE,1.739428983,48.03,1268.0,0.0,5415.0,0.742,612.49,G,0,2792.123189544439
5963222,FALSE POSITIVE,1.217266418,14.49,2378.0,0.0,6631.0,1.638,3158.4199999999996,F,0,3989.8414415963953
5982353,FALSE POSITIVE,19.563092517,23.76,965.0,0.0,6208.0,1.831,205.39,F,0,248.25829534771194
6205468,FALSE POSITIVE,3.7228551,5.67,1118.0,0.0,5873.0,0.863,368.33,G,0,797.5599157753951
8506766,FALSE POSITIVE,48.93786896,24.19,764.0,0.0,7066.0,1.761,80.37,F,0,99.24216364978389
3240706,FALSE POSITIVE,5.48990788,23.6,1039.0,0.0,5982.0,0.96,275.65,G,0,109.09108369228228
2853093,CONFIRMED,154.608014,8.19,366.0,1.0,5778.0,1.213,4.25,G,1,30.09934530301903
3228824,FALSE POSITIVE,0.73093905,1.45,1488.0,0.0,4768.0,0.711,1159.62,K,0,617.1513206196878
3245969,CONFIRMED,11.39102358,1.67,618.0,1.0,4983.0,0.728,34.55,K,1,39.38188669784142
3231341,CONFIRMED,12.33343853,4.12,915.0,1.0,5896.0,1.24,165.3,G,1,43.49152093272726
10468940,CONFIRMED,8.01500821,2.0,865.0,1.0,5359.0,1.002,132.46,G,1,45.29003470602808
10341831,FALSE POSITIVE,0.933749941,12.93,919.0,0.0,3682.0,0.48,168.44,M,0,444.7657576880104
10337517,CONFIRMED,7.053934488,2.36,840.0,1.0,5357.0,0.863,117.33,G,1,72.51272334186724
10337517,CONFIRMED,4.29263699,0.68,991.0,1.0,5357.0,0.863,227.69,G,1,14.30356215609091
10351231,CONFIRMED,7.6746614,2.8,957.0,0.994,6063.0,1.001,198.67,F,1,65.54035074433382
10485179,FALSE POSITIVE,0.445275074,1.21,1950.0,0.0,5346.0,0.725,3158.4199999999996,G,0,572.0059686071716
8561063,CONFIRMED,1.213770423,0.78,525.0,1.0,3292.0,0.148,18.03,M,1,1500.2837155144618
8561063,CONFIRMED,0.453287416,0.76,729.0,0.0,3292.0,0.148,66.14,M,1,3224.2236347456865
8892910,FALSE POSITIVE,10.810132734,13.95,985.0,0.0,6211.0,1.284,222.68,F,0,449.272929343848
8561063,CONFIRMED,1.865114193,0.66,455.0,1.0,3292.0,0.148,10.1,M,1,603.0729937188355
3337351,FALSE POSITIVE,7.047103499,48.03,955.0,0.0,5730.0,1.035,196.62,G,0,689.176766126562
6153201,FALSE POSITIVE,0.530300102,35.73,2410.0,0.0,6184.0,1.038,3158.4199999999996,F,0,5732.603083678079
5802486,FALSE POSITIVE,1.073917869,33.01,1794.0,0.0,5962.0,0.959,2450.63,G,0,1793.9919388751691
5817553,FALSE POSITIVE,4.206096814,32.66,1252.0,0.0,6306.0,1.076,581.11,F,0,308.6234239020062
5982368,FALSE POSITIVE,19.56313723,9.73,706.0,0.0,5766.0,1.077,58.71,G,0,248.25772793497907
5816811,FALSE POSITIVE,2.227718792,8.88,1400.0,0.0,6038.0,0.922,906.46,F,0,466.39638886701994
5816165,FALSE POSITIVE,0.591914504,27.21,1646.0,0.0,5122.0,0.655,1746.78,K,0,1786.9134695168748
7102227,CONFIRMED,36.7704935,2.83,437.0,1.0,5142.0,0.755,8.6,K,1,36.621754886156204
7102227,CONFIRMED,14.58932429,2.32,594.0,1.0,5142.0,0.755,29.53,K,1,56.98002069703805
7102227,CONFIRMED,0.764017553,0.86,1589.0,0.921,5142.0,0.755,1503.79,K,1,167.79719195797063
6960913,CONFIRMED,59.8780258,2.19,273.0,0.998,4016.0,0.599,1.31,K,1,23.699846162930772
6837146,CANDIDATE,20.51360192,2.58,540.0,1.0,5310.0,0.704,20.15,G,0,57.23519470538697
11122894,CONFIRMED,74.92768653,6.39,409.0,0.907,5618.0,0.897,6.62,G,1,54.97567308915549
11122894,CONFIRMED,150.0189511,32.6,325.0,0.999,5618.0,0.897,2.62,G,1,28.794362101095903
11129738,CONFIRMED,2.613020421,1.5,713.0,0.999,3883.0,0.517,61.24,K,1,229.50452096753824
11401182,CONFIRMED,0.927859786,1.79,1361.0,1.0,4815.0,0.699,813.3,K,1,555.3640838573857
11030711,CONFIRMED,154.608014,4.68,298.0,0.997,5644.0,0.969,1.85,G,1,15.386007092750058
11512246,CONFIRMED,7.10695741,1.72,1157.0,0.996,5761.0,1.518,422.8,G,1,18.4326417681459
6607286,CANDIDATE,0.783276173,1.98,2149.0,1.0,5640.0,1.233,3158.4199999999996,G,0,337.93955328193033
6607286,CANDIDATE,3.17405898,2.09,1348.0,0.545,5640.0,1.233,780.46,G,0,88.90824076621286
6690082,CONFIRMED,2.1395563,1.76,1425.0,1.0,5534.0,1.08,974.3,G,1,124.37158115446647
6690082,CONFIRMED,4.807103254,2.96,1088.0,1.0,5534.0,1.08,330.84,G,1,93.71548231778422
6448890,CONFIRMED,21.4054422,11.64,1087.0,1.0,4838.0,2.747,330.0,K,1,19.121305515473072
6448890,CONFIRMED,10.5007712,5.68,1378.0,0.098,4838.0,2.747,852.28,K,1,17.465383875805234
10730034,CONFIRMED,2.633852528,1.38,1131.0,1.0,5114.0,0.878,387.43,K,1,98.63877997652267
10730034,CONFIRMED,6.18670882,1.21,851.0,0.978,5114.0,0.878,123.96,K,1,32.747621699125
10858691,CONFIRMED,1.796320953,1.2,1367.0,1.0,5576.0,0.829,827.82,G,1,117.40663585078163
10858691,CONFIRMED,3.468073,1.29,1098.0,0.994,5576.0,0.829,343.57,G,1,70.32723936318527
10858691,CONFIRMED,5.9142668,1.31,919.0,0.95,5576.0,0.829,168.51,G,1,42.811731117710146
8107380,CONFIRMED,14.00640392,3.11,807.0,1.0,5788.0,1.124,100.09,G,1,51.14803229236016
6936909,CONFIRMED,3.546531809,2.18,1212.0,1.0,5993.0,0.986,510.26,G,1,124.82617493421725
6936909,CONFIRMED,5.70070626,2.03,1035.0,0.983,5993.0,0.986,270.62,G,1,66.62332396687985
6962977,CONFIRMED,20.8341497,2.26,563.0,1.0,5296.0,0.808,23.82,G,1,38.547289501332514
6962977,CONFIRMED,7.0556584,2.13,808.0,1.0,5296.0,0.808,100.88,G,1,100.00484150423155
11176127,CONFIRMED,10.47548084,2.11,540.0,1.0,4463.0,0.611,20.15,K,1,102.21010532629641
11176127,CONFIRMED,22.92886314,2.08,416.0,1.0,4463.0,0.611,7.09,K,1,39.63999411791159
11176127,CONFIRMED,77.4740991,2.63,277.0,0.996,4463.0,0.611,1.4,K,1,19.92407808456852
11075279,CANDIDATE,154.608014,7.79,241.0,0.998,5597.0,0.931,0.8,G,0,31.4129900148643
11014932,CONFIRMED,6.88595222,2.68,946.0,1.0,5616.0,0.999,189.35,G,1,62.22814017724915
6607447,CANDIDATE,99.6442783,8.48,415.0,1.0,6102.0,1.016,6.98,F,0,32.27079421779504
6677256,FALSE POSITIVE,3.125814002,1.88,1460.0,0.0,6358.0,1.181,1073.04,F,0,76.39610029490169
8030148,CONFIRMED,5.660669429,3.24,1115.0,1.0,5746.0,1.173,365.53,G,1,130.33794134315627
6692833,FALSE POSITIVE,10.80487163,1.71,857.0,0.0,6092.0,0.998,127.84,F,0,27.089632345775495
6693640,CONFIRMED,13.71938426,1.98,864.0,1.0,6387.0,1.105,131.94,F,1,23.062259501141778
10858691,CONFIRMED,29.2214959,1.81,539.0,0.91,5576.0,0.829,20.03,G,1,13.483224861188575
10973814,CONFIRMED,44.8520997,3.35,513.0,0.999,5514.0,1.071,16.35,G,1,17.408326593905258
10973814,CONFIRMED,20.34237838,2.88,667.0,1.0,5514.0,1.071,46.93,G,1,27.754866685357566
6541920,CONFIRMED,118.3786735,3.4,376.0,0.997,5657.0,1.046,4.75,G,1,9.151141569431422
10586208,CONFIRMED,23.58444746,3.0,730.0,1.0,5655.0,1.354,66.96,G,1,18.198433553634757
6962977,CONFIRMED,11.97884409,2.11,678.0,1.0,5296.0,0.808,49.87,G,1,59.09585221089558
6962977,CONFIRMED,3.71545593,1.46,1001.0,0.857,5296.0,0.808,237.42,G,1,89.27571911746507
6962977,CONFIRMED,2.58083264,1.31,1130.0,1.0,5296.0,0.808,386.18,G,1,104.69489412533157
7174351,FALSE POSITIVE,1.487084251,1.6,1462.0,0.0,5650.0,0.876,1076.29,G,0,198.84549231232495
6932987,CONFIRMED,19.25404023,3.04,657.0,1.0,5798.0,0.941,44.17,G,1,51.298324310190765
11014932,CONFIRMED,15.0549356,1.6,729.0,0.997,5616.0,0.999,66.72,G,1,17.03095960104937
11014932,CONFIRMED,2.92721119,1.29,1258.0,0.999,5616.0,0.999,593.23,G,1,58.1440794505845
11014932,CONFIRMED,38.2856338,1.77,534.0,0.998,5616.0,0.999,19.24,G,1,8.431361008316388
11288505,CONFIRMED,19.80787763,2.08,624.0,1.0,5775.0,0.84,35.89,G,1,31.113883653369477
11493431,CONFIRMED,2.343230566,1.18,1054.0,0.996,4798.0,0.782,292.31,K,1,105.1966475585826
6441738,CANDIDATE,19.03723442,5.74,1051.0,1.0,5248.0,2.747,288.04,G,0,21.079742527013543
8801343,FALSE POSITIVE,2.73987398,34.83,2113.0,0.483,6520.0,2.26,3158.4199999999996,F,0,1772.59977482614
8488878,FALSE POSITIVE,5.801880653,19.91,964.0,0.0,5845.0,0.874,203.62,G,0,837.0906418919058
8560285,FALSE POSITIVE,85.34092607,48.03,409.0,0.0,6004.0,0.898,6.61,F,0,56.90938947646693
8620565,FALSE POSITIVE,0.782045734,45.05,2070.0,0.0,6113.0,0.995,3158.4199999999996,F,0,6210.250614320211
8616873,CANDIDATE,0.576078683,23.23,1982.0,0.0,5693.0,0.816,3158.4199999999996,G,0,8430.619190260855
10854768,CONFIRMED,10.1171684,3.07,1163.0,1.0,6306.0,1.792,433.41,F,1,28.535652327384405
10964440,CONFIRMED,19.12947603,4.23,817.0,1.0,5372.0,1.71,105.25,G,1,23.5866366278094
10713616,CONFIRMED,83.5781976,6.63,655.0,0.939,6056.0,2.562,43.62,F,1,7.547422870004557
10963242,CONFIRMED,6.1469956,2.04,1164.0,1.0,6110.0,1.296,433.72,F,1,40.60520232030099
10785538,FALSE POSITIVE,0.522457732,1.52,2308.0,0.0,5991.0,0.954,3158.4199999999996,G,0,275.23757653949315
6932987,CONFIRMED,54.1558384,3.88,466.0,1.0,5798.0,0.941,11.12,G,1,20.492712010160663
8191672,CONFIRMED,3.548465446,14.92,1640.0,0.754,6290.0,1.746,1708.28,F,1,1368.6761429436222
6851425,CONFIRMED,11.1199028,2.08,649.0,1.0,5078.0,0.766,42.07,K,1,57.22172319707686
6934291,CONFIRMED,0.567856484,1.55,1848.0,1.0,5073.0,0.853,2760.23,K,1,589.5855897279849
7357531,FALSE POSITIVE,154.608014,44.2,301.0,0.0,5714.0,1.086,1.93,G,0,31.4129900148643
6185711,FALSE POSITIVE,11.70219638,16.15,719.0,0.0,5758.0,0.762,63.16,G,0,54.664951708834685
11037335,CONFIRMED,40.7150498,2.2,516.0,1.0,5968.0,0.881,16.76,G,1,13.849915516989002
11037335,CONFIRMED,10.44635944,2.18,812.0,1.0,5968.0,0.881,102.77,G,1,33.90654917001401
11389771,CONFIRMED,2.508553286,1.28,1278.0,1.0,5814.0,0.881,629.8,G,1,84.35140731549124
11389771,CONFIRMED,13.75129636,1.66,725.0,1.0,5814.0,0.881,65.24,G,1,25.343065182837787
8737796,FALSE POSITIVE,0.885747456,48.03,3749.0,0.0,5487.0,2.747,3158.4199999999996,G,0,1010.6718274333942
8462258,FALSE POSITIVE,3.611541977,28.07,1005.0,0.0,5203.0,0.802,240.29,G,0,823.0002638565484
10925104,CONFIRMED,8.041347775,1.29,507.0,0.68,3980.0,0.54,15.59,K,1,73.49514242343535
8454250,FALSE POSITIVE,5.082722475,4.4,1059.0,1.0,5780.0,1.0,296.94,G,0,388.3942138705891
8494263,CANDIDATE,78.9257421,11.9,398.0,0.436,5750.0,0.882,5.94,G,0,61.53505650724823
8848271,FALSE POSITIVE,9.991625291,38.93,907.0,0.0,5874.0,1.096,160.14,G,0,345.33921154029395
10585852,CONFIRMED,8.57504983,4.26,1374.0,0.997,4986.0,2.747,841.68,K,1,18.728754139496353
10928043,CANDIDATE,6.84639884,1.9,1132.0,1.0,6065.0,1.31,387.84,F,0,21.865509664055736
10794087,CONFIRMED,7.64970832,1.43,1144.0,0.997,5855.0,1.613,404.99,G,1,7.242106193141753
10794087,CANDIDATE,12.37679312,2.39,878.0,0.0,5706.8232800782525,1.0,141.3,G,0,34.00719361785696
6541920,CONFIRMED,10.30401132,1.84,849.0,1.0,5657.0,1.046,122.98,G,1,30.6773731300598
4275739,FALSE POSITIVE,2.171827838,48.03,1311.0,0.0,5650.0,0.891,698.31,G,0,2236.22697666149
7287415,CONFIRMED,3.016182013,2.25,1449.0,1.0,5611.0,1.4,1044.49,G,1,73.76875766814011
6924203,CONFIRMED,6.8833761,1.69,857.0,0.995,5679.0,0.794,127.67,G,1,66.59522788533957
6878167,FALSE POSITIVE,0.833980196,1.45,1816.0,0.0,5747.0,0.871,2562.78,G,0,313.1968855529035
6880531,FALSE POSITIVE,69.62754202,2.39,878.0,0.0,5706.8232800782525,1.0,141.3,G,0,6.045021665120672
6863839,FALSE POSITIVE,1.926353494,1.33,1484.0,0.0,6063.0,0.899,1146.34,F,0,96.08828316117976
7296086,FALSE POSITIVE,0.890737359,20.57,2022.0,0.0,5687.0,1.169,3158.4199999999996,G,0,219.8178823663778
11389771,CONFIRMED,5.41908491,1.38,989.0,0.98,5814.0,0.881,225.71,G,1,42.62712318342324
11599038,CONFIRMED,7.01733571,1.61,984.0,1.0,6052.0,0.967,221.46,F,1,36.40982996379975
11193263,CONFIRMED,6.91134223,1.9,1086.0,1.0,5685.0,1.35,328.65,G,1,29.183911501948586
11027624,CONFIRMED,154.608014,7.79,325.0,1.0,5910.0,1.727,2.65,G,1,13.021964049030473
11032227,CONFIRMED,7.19304935,1.59,995.0,0.996,6185.0,0.991,232.36,F,1,35.492596752446865
8751933,CONFIRMED,86.64764448,9.4,419.0,0.117,5522.0,1.12,7.28,G,1,56.051148639372684
8630788,CONFIRMED,36.33750453,5.3,513.0,0.997,5717.0,0.884,16.36,G,1,77.83693560092692
8630788,CONFIRMED,14.64613058,2.22,694.0,1.0,5717.0,0.884,54.95,G,1,40.5226484058836
8630788,CONFIRMED,148.272013,4.3,321.0,0.96,5717.0,0.884,2.51,G,1,11.515322180187843
8823426,FALSE POSITIVE,1.506507172,13.4,801.0,0.0,3755.0,0.473,97.56,K,0,584.7300407010607
4070376,FALSE POSITIVE,1.634614356,44.22,1611.0,0.0,6121.0,0.97,1597.73,F,0,2971.1595167221203
4078157,FALSE POSITIVE,16.025018977,48.03,657.0,0.002,5776.0,0.789,44.01,G,0,303.06984390911526
4164994,CONFIRMED,10.50682978,9.01,668.0,1.0,5127.0,0.782,47.21,K,1,462.2421892895651
4480676,FALSE POSITIVE,0.711966971,33.34,1855.0,0.0,5486.0,0.83,2808.98,G,0,6821.524309166303
4079535,FALSE POSITIVE,17.72724392,14.77,741.0,0.0,6181.0,1.006,71.06,F,0,273.9681375129406
6766634,CONFIRMED,154.608014,7.25,310.0,0.677,6018.0,1.286,2.17,F,1,15.255354098268153
6774826,FALSE POSITIVE,7.13895376,48.03,1622.0,0.0,7131.0,2.145,1635.0,F,0,35.607458536053045
5652237,FALSE POSITIVE,4.4645454,3.07,1601.0,0.0,6093.0,1.985,1555.36,F,0,43.52066842012627
7211469,CONFIRMED,11.29689442,1.74,907.0,0.999,6096.0,1.176,160.18,F,1,17.571200776080193
7375795,FALSE POSITIVE,19.30112039,1.66,669.0,0.49,5687.0,0.943,47.49,G,0,12.035570749579682
7255336,FALSE POSITIVE,1.20320092,48.03,2124.0,0.0,6218.0,1.349,3158.4199999999996,F,0,2333.026806528705
7831264,CONFIRMED,5.968724048,3.26,1251.0,1.0,6122.0,1.439,579.9,F,1,85.54592169009587
7802136,FALSE POSITIVE,10.980246199,21.94,821.0,0.0,5952.0,0.897,107.47,G,0,442.3124866218676
7532973,CONFIRMED,2.144632238,48.03,1736.0,0.041,6296.0,1.305,2146.82,F,1,2264.584068981994
9632895,FALSE POSITIVE,27.32204488,21.58,531.0,0.0,5620.0,0.772,18.81,G,0,177.75755882588243
7449844,FALSE POSITIVE,1.152216965,48.03,3749.0,0.0,5560.0,2.747,3158.4199999999996,G,0,4215.091556128928
8766222,FALSE POSITIVE,5.2972293,47.7,2867.0,0.0,4631.0,2.747,3158.4199999999996,K,0,228.5156883807163
8678594,CONFIRMED,133.460999,11.21,433.0,1.0,5588.0,1.593,8.29,G,1,36.390406458743804
10925104,CONFIRMED,5.188563677,1.0,586.0,0.992,3980.0,0.54,27.95,K,1,69.13281253346753
8678594,CONFIRMED,15.19423359,3.69,893.0,0.988,5588.0,1.593,150.25,G,1,24.20655163825213
8703884,FALSE POSITIVE,14.17098745,4.19,608.0,0.0,5107.0,0.777,32.22,K,0,216.6962613462762
8560840,FALSE POSITIVE,31.9734169,24.1,442.0,0.0,4931.0,0.774,9.01,K,0,44.2367484346035
4076098,CONFIRMED,3.990105908,7.45,1124.0,1.0,5926.0,0.913,378.53,G,1,1217.1857369155325
4551328,FALSE POSITIVE,0.52205862,27.16,2022.0,0.0,5359.0,0.878,3158.4199999999996,G,0,2645.87145405242
4282872,CONFIRMED,10.035381809,4.42,786.0,1.0,5813.0,0.833,90.33,G,1,281.97233088453584
4639868,FALSE POSITIVE,53.100942624,24.02,464.0,0.0,5465.0,0.973,10.93,G,0,91.46165322129178
10555375,FALSE POSITIVE,5.80181368,4.52,1491.0,0.0,6020.0,2.097,1168.82,F,0,46.46822784560707
4372768,FALSE POSITIVE,15.6402515,18.11,640.0,0.0,5346.0,0.826,39.55,G,0,51.169253895949176
7375795,FALSE POSITIVE,0.691666384,0.58,2031.0,0.0,5687.0,0.943,3158.4199999999996,G,0,51.469900552518396
7211221,CONFIRMED,5.62154315,1.37,992.0,1.0,5637.0,0.96,229.04,G,1,30.649947070138563
7025526,FALSE POSITIVE,1.074106954,0.52,1255.0,0.0,4699.0,0.676,588.96,K,0,60.049885870117926
9451127,FALSE POSITIVE,5.117401517,28.41,1130.0,0.005,6161.0,1.053,385.51,F,0,949.0558799941825
9446824,FALSE POSITIVE,4.20233673,23.53,1246.0,0.085,6185.0,1.094,570.87,F,0,1155.714144782491
11356260,CONFIRMED,8.50698069,1.9,900.0,0.986,5822.0,0.986,155.42,G,1,34.73617853010549
11044770,FALSE POSITIVE,15.60865244,6.17,1419.0,0.0,8014.0,2.43,958.55,A,0,19.950473059543633
11600889,CONFIRMED,0.669310092,1.13,1983.0,1.0,5475.0,1.003,3158.4199999999996,G,1,196.9191882437655
11197126,FALSE POSITIVE,4.494498254,48.03,1667.0,0.0,5117.0,2.747,1824.84,K,0,55.22307184769907
11043167,CONFIRMED,44.9306706,2.49,565.0,0.979,6121.0,1.164,24.17,F,1,9.757254769306737
8612847,CONFIRMED,14.13175309,3.02,675.0,1.0,5616.0,0.822,49.18,G,1,73.09779568190856
8552583,FALSE POSITIVE,1.061934816,25.72,1660.0,0.0,5730.0,0.87,1789.63,G,0,411.70135248678014
8547140,CONFIRMED,11.41926141,1.48,419.0,1.0,3823.0,0.492,7.32,K,1,80.18031702104628
8519253,FALSE POSITIVE,5.93821065,48.03,996.0,0.0,6123.0,0.85,231.93,F,0,87.98946867942449
8813698,CANDIDATE,154.608014,13.57,321.0,0.996,5798.0,1.306,2.52,G,0,31.4129900148643
8757910,FALSE POSITIVE,0.655001616,31.77,3162.0,0.0,6426.0,2.089,3158.4199999999996,F,0,414.0447800055504
4074736,CANDIDATE,80.9669561,5.04,364.0,0.909,5611.0,0.737,4.14,G,0,58.455945832450524
4072526,CONFIRMED,33.1996355,2.85,485.0,0.995,5102.0,0.88,13.09,K,1,33.50940404149919
4150539,FALSE POSITIVE,8.65306587,19.78,633.0,0.0,4641.0,0.694,37.94,K,0,121.1246991235489
4274548,CANDIDATE,6.80082032,1.88,697.0,0.999,4805.0,0.688,55.83,K,0,102.91405552087869
4455231,CONFIRMED,19.30581662,4.0,815.0,1.0,5661.0,1.522,104.41,G,1,36.72986302301259
8953257,FALSE POSITIVE,3.221785738,25.03,1357.0,0.383,6250.0,1.041,800.37,F,0,1507.455925053201
8971432,FALSE POSITIVE,0.6243875,29.45,1639.0,0.0,5211.0,0.618,1693.36,G,0,7778.342775920402
9278553,FALSE POSITIVE,18.610092584,48.03,686.0,0.0,6077.0,0.891,52.24,F,0,260.9712970571431
9527915,CONFIRMED,13.22175358,2.38,640.0,1.0,5211.0,0.799,39.56,G,1,66.29226559825206
9143254,FALSE POSITIVE,1.137525054,42.74,1746.0,0.0,5912.0,0.937,2197.52,G,0,4269.532335065387
8949247,FALSE POSITIVE,23.799939273,48.03,637.0,0.0,5934.0,0.957,38.92,G,0,204.0635458893677
11336883,CONFIRMED,7.16893064,1.61,1187.0,0.998,6221.0,1.458,469.56,F,1,15.734564283634915
11336883,CANDIDATE,54.325574,0.76,545.0,0.0,6343.0,1.137,20.85,F,0,0.8136131244558962
11336883,CANDIDATE,20.01959599,2.39,878.0,0.0,5706.8232800782525,1.0,141.3,G,0,21.024400303095227
12506351,FALSE POSITIVE,1.22775877,48.03,1859.0,0.0,6207.0,1.044,2809.86,F,0,3955.744498571164
7622486,FALSE POSITIVE,40.24649897,48.03,768.0,0.0,6594.0,1.691,82.27,F,0,120.67385050362307
7622486,FALSE POSITIVE,2.27999662,20.74,2000.0,0.957,6594.0,1.691,3158.4199999999996,F,0,2130.134736778689
9705459,FALSE POSITIVE,2.48658617,24.39,1461.0,0.867,5892.0,1.198,1077.69,G,0,1953.1597410919405
8564587,CONFIRMED,5.729317577,2.41,850.0,1.0,5320.0,0.786,123.03,G,1,151.0476576606778
10925104,CONFIRMED,11.776132317,2.08,446.0,1.0,3980.0,0.54,9.37,K,1,121.49999350249318
8564587,CONFIRMED,11.60908533,1.71,671.0,1.0,5320.0,0.786,48.06,G,1,42.14802338781673
8631160,CANDIDATE,154.608014,11.52,437.0,1.0,6309.0,1.567,8.65,F,0,31.308208900477826
8552498,FALSE POSITIVE,0.530967162,23.72,2704.0,0.0,6449.0,1.193,3158.4199999999996,F,0,461.2337966015307
8806072,CONFIRMED,40.05881661,3.43,489.0,0.927,5668.0,0.868,13.57,G,1,30.939506078434803
4455231,CONFIRMED,6.09747233,2.22,1197.0,0.999,5661.0,1.522,485.84,G,1,35.686918812143254
4455231,CONFIRMED,56.637918,3.68,570.0,0.991,5661.0,1.522,24.87,G,1,10.41175277664691
4285107,FALSE POSITIVE,2.243016513,1.37,1167.0,0.0,5462.0,0.732,438.46,G,0,133.5701267750765
4150624,FALSE POSITIVE,8.6531216,22.58,772.0,0.0,5421.0,0.852,84.05,G,0,75.6721135179702
8972058,CONFIRMED,8.99088621,2.78,960.0,1.0,5881.0,1.171,200.35,G,1,52.2417911904593
9346253,FALSE POSITIVE,34.064566412,15.57,570.0,0.0,6161.0,0.892,25.0,F,0,142.5733690915003
9002237,FALSE POSITIVE,4.350087749,24.77,1136.0,0.0,6060.0,0.953,393.2,F,0,1116.4602371794592
9288786,FALSE POSITIVE,1.744101106,7.21,1016.0,0.0,4368.0,0.703,251.54,K,0,2784.6436099903485
8958035,FALSE POSITIVE,7.981187121,18.75,966.0,0.0,6217.0,0.989,205.88,F,0,608.518498109274
9040849,FALSE POSITIVE,4.118775582,4.48,1067.0,0.087,5944.0,0.802,306.75,G,0,642.8366749504538
9202151,CANDIDATE,1.694740233,2.12,797.0,1.0,3764.0,0.527,95.14,K,0,853.7001552378912
7842610,FALSE POSITIVE,0.971933156,48.03,1754.0,0.0,5592.0,0.931,2240.48,G,0,4924.2069482399675
7830637,FALSE POSITIVE,121.5991278,48.03,358.0,0.0,6036.0,0.847,3.87,F,0,39.940253584614936
4760746,CANDIDATE,15.068060768,16.43,742.0,0.0,5982.0,0.96,71.78,G,0,322.3175214632901
7832356,CONFIRMED,7.886632468,8.99,996.0,1.0,5847.0,1.135,232.07,G,1,615.8141665287501
9643874,CONFIRMED,8.027681123,8.43,824.0,1.0,5569.0,0.887,109.35,G,1,604.9941353655832
8800954,CONFIRMED,154.608014,4.53,178.0,0.0,5305.0,0.818,0.24,G,1,14.999869282325818
8583696,CONFIRMED,50.28635977,3.88,543.0,0.936,5900.0,1.167,20.59,G,1,22.258521100343312
8804283,CONFIRMED,22.79020351,2.57,634.0,1.0,5478.0,1.053,38.27,G,1,27.112526648955754
8804283,CONFIRMED,13.26079792,1.47,760.0,1.0,5478.0,1.053,78.79,G,1,15.036802551622023
8552565,FALSE POSITIVE,1.061932545,2.29,2508.0,0.0,6134.0,1.851,3158.4199999999996,F,0,125.80836761152283
4155328,CONFIRMED,127.8334997,9.46,554.0,1.0,6505.0,2.17,22.21,F,1,14.314714095244316
4077526,CONFIRMED,10.21864532,2.33,920.0,1.0,6100.0,1.083,169.13,F,1,43.577204810940636
4077526,CONFIRMED,15.573637,2.94,799.0,1.0,6100.0,1.083,96.38,F,1,30.0572050061267
4077526,CONFIRMED,40.1015561,2.92,583.0,1.0,6100.0,1.083,27.31,F,1,13.715178499020888
4077526,CONFIRMED,4.45814897,1.61,1212.0,1.0,6100.0,1.083,511.6,F,1,42.192398967771595
8937021,FALSE POSITIVE,5.663621501,2.47,774.0,0.0,4917.0,0.723,84.76,K,0,216.2927024314226
8935810,CONFIRMED,6.230335,3.7,875.0,1.0,5477.0,0.865,138.33,G,1,232.60386480020736
2441495,CONFIRMED,12.49340725,2.2,649.0,1.0,5207.0,0.795,42.08,G,1,57.286213894932466
9455556,CONFIRMED,6.62643441,2.54,895.0,1.0,5616.0,0.903,151.59,G,1,122.93187400612935
9455556,CONFIRMED,3.70122061,1.62,1087.0,0.992,5616.0,0.903,330.02,G,1,88.45730489974764
9427402,CANDIDATE,6.247030799,1.89,512.0,1.0,3821.0,0.487,16.23,K,0,239.56981294850823
3732821,CONFIRMED,13.73474071,2.71,634.0,1.0,5196.0,0.772,38.11,K,1,54.34394545625172
3962440,CANDIDATE,154.608014,6.43,238.0,0.0,6487.0,1.118,0.76,F,0,20.994383900436105
3534076,CANDIDATE,154.608014,5.95,251.0,0.0,5587.0,0.791,0.93,G,0,31.4129900148643
3962357,CONFIRMED,14.55387488,3.45,939.0,1.0,6143.0,1.507,183.48,F,1,21.966658545301442
9110357,FALSE POSITIVE,0.895277575,9.27,3749.0,0.0,8040.0,2.747,3158.4199999999996,A,0,597.0215438491241
8394721,CONFIRMED,81.0637895,3.01,511.0,0.976,6198.0,1.324,16.12,F,1,5.871918928734512
8609450,CONFIRMED,24.8056775,2.16,588.0,1.0,5600.0,0.872,28.22,G,1,25.17165677091464
6541920,CONFIRMED,13.02493307,2.88,786.0,1.0,5657.0,1.046,90.1,G,1,59.76230325458402
8609450,CONFIRMED,44.3471936,2.45,484.0,1.0,5600.0,0.872,13.0,G,1,17.8523134325235
8609450,CONFIRMED,9.2207691,1.02,817.0,0.896,5600.0,0.872,105.63,G,1,15.18311525662214
8609450,CONFIRMED,13.6396648,1.1,717.0,0.992,5600.0,0.872,62.6,G,1,11.928445631596459
4243911,CONFIRMED,1.922799706,1.28,1215.0,1.0,5194.0,0.815,514.44,K,1,135.06346978815276
4466677,CONFIRMED,3.222975318,1.47,1239.0,1.0,5823.0,0.96,558.65,G,1,72.20036675440652
4466677,CANDIDATE,42.0370662,1.66,527.0,0.999,5823.0,0.96,18.16,G,0,6.34677973792567
4466677,CANDIDATE,21.0112068,1.4,663.0,0.754,5823.0,0.96,45.79,G,0,7.786320964676812
4135665,CONFIRMED,4.16811839,2.28,1277.0,1.0,5689.0,1.313,628.73,G,1,63.09801579316465
9269281,CONFIRMED,5.82348911,3.0,955.0,1.0,5774.0,0.864,196.33,G,1,152.6061066163821
9100484,CANDIDATE,8.75059775,2.27,682.0,1.0,4942.0,0.779,51.0,K,0,100.78168659963828
9157908,FALSE POSITIVE,9.41475056,19.33,962.0,0.0,6406.0,1.033,202.58,F,0,51.34496096516868
9030447,FALSE POSITIVE,0.56669006,1.52,2955.0,0.0,6899.0,1.386,3158.4199999999996,F,0,184.58061537200774
9034103,CONFIRMED,7.13969705,2.24,965.0,1.0,6014.0,0.993,205.23,F,1,71.83778196863409
9214942,CONFIRMED,18.75470238,1.67,382.0,1.0,3976.0,0.54,5.03,K,1,53.0693572115219
3858704,FALSE POSITIVE,3.00363219,1.43,1571.0,0.001,6309.0,1.32,1441.44,F,0,33.6925407634548
3749134,CONFIRMED,11.30123036,1.85,852.0,0.997,5730.0,1.122,124.42,G,1,24.519454180916284
3556220,FALSE POSITIVE,0.796722833,1.44,2401.0,0.0,5959.0,1.334,3158.4199999999996,G,0,134.4256692088552
3660924,CONFIRMED,4.24153629,1.44,1177.0,1.0,5776.0,1.047,452.95,G,1,44.34713913528723
3939150,CONFIRMED,17.32419108,3.14,964.0,1.0,5968.0,1.857,204.1,G,1,13.928500262189445
8628758,CONFIRMED,14.37457572,1.94,779.0,1.0,5768.0,1.067,87.24,G,1,23.36068949379746
8628758,CONFIRMED,9.65188331,1.08,890.0,0.971,5768.0,1.067,148.32,G,1,10.69221380795993
8509361,FALSE POSITIVE,6.0990118,3.16,1374.0,0.0,5743.0,1.971,842.53,G,0,37.30112474942252
8742590,CONFIRMED,49.4781446,1.88,462.0,0.989,5776.0,0.849,10.73,G,1,10.036754692697187
8822366,CONFIRMED,30.8639476,3.01,743.0,0.998,5977.0,1.571,72.05,G,1,8.310667297789218
8972058,CONFIRMED,2.403640701,1.24,1489.0,1.0,5881.0,1.171,1164.85,G,1,31.161063285722754
4386059,FALSE POSITIVE,2.90060781,1.58,1645.0,0.0,6547.0,1.371,1727.31,F,0,43.02546506623383
4650674,CONFIRMED,4.51436096,1.84,1231.0,1.0,5940.0,1.215,543.73,G,1,51.10357856718661
4275721,CONFIRMED,3.77359871,1.29,1270.0,0.808,6224.0,0.969,614.52,F,1,46.63982938450814
4275721,CONFIRMED,8.18182189,1.77,981.0,1.0,6224.0,0.969,218.9,F,1,36.617761181794684
8874090,CONFIRMED,13.32389352,1.26,378.0,0.999,3751.0,0.45,4.83,K,1,58.639015602100066
11666881,CONFIRMED,4.919584997,2.86,1312.0,1.0,6236.0,1.378,702.13,F,1,86.53168920947499
9264949,CONFIRMED,11.41911886,3.32,921.0,0.996,6311.0,1.172,170.33,F,1,44.59188193439997
9271752,CONFIRMED,11.36113254,2.6,869.0,1.0,6244.0,1.009,134.97,F,1,50.12704481660769
9007866,FALSE POSITIVE,1.3866358,0.72,1503.0,0.0,5693.0,0.856,1205.94,G,0,50.55400992820176
9150827,CONFIRMED,14.53410833,1.36,420.0,1.0,3957.0,0.553,7.34,K,1,35.13115413802616
3939150,CONFIRMED,33.0063185,3.13,778.0,0.999,5968.0,1.857,86.38,G,1,8.425659468807465
3839488,CONFIRMED,11.13127159,2.06,952.0,1.0,5800.0,1.435,194.31,G,1,18.973573530425373
3542588,FALSE POSITIVE,3.47143963,1.19,1358.0,0.0,6341.0,1.111,805.05,F,0,28.748879611079396
3442055,CONFIRMED,29.6193891,1.74,580.0,0.999,5618.0,0.996,26.79,G,1,10.624797119802853
3440861,FALSE POSITIVE,3.50376155,2.39,878.0,0.0,5706.8232800782525,1.0,141.3,G,0,120.12803782266518
12252424,CONFIRMED,8.925079516,2.36,628.0,1.0,4728.0,0.693,36.89,K,1,109.52283374592177
8700771,CONFIRMED,8.0922105,1.44,1089.0,0.998,5774.0,1.395,331.65,G,1,8.069488553220408
10960993,FALSE POSITIVE,3.117087797,48.03,1842.0,0.0,6338.0,2.046,2725.12,F,0,1558.0889330978314
6541920,CONFIRMED,22.687155,3.2,653.0,1.0,5657.0,1.046,42.95,G,1,42.31469304987778
10599397,FALSE POSITIVE,0.937406378,7.09,1659.0,0.0,5480.0,0.843,1790.11,G,0,5180.997392360392
10879208,FALSE POSITIVE,0.668483615,29.53,1832.0,0.0,5546.0,0.81,2642.17,G,0,4337.877451192278
10843203,FALSE POSITIVE,4.429633087,32.12,950.0,0.0,5344.0,0.809,192.62,G,0,1096.4113515977988
4570931,FALSE POSITIVE,1.544927524,1.39,1824.0,0.0,6309.0,1.132,2606.96,F,0,89.64821834580766
4136466,CONFIRMED,4.48758768,1.37,1305.0,0.999,6060.0,1.257,684.07,F,1,24.957729628137315
7284688,FALSE POSITIVE,0.323021692,46.4,2545.0,0.0,5458.0,0.972,3158.4199999999996,G,0,15035.213176952833
7199774,FALSE POSITIVE,4.70818628,42.99,1046.0,0.0,5868.0,0.894,282.41,G,0,1031.543722182547
7037540,FALSE POSITIVE,14.405857436,23.42,888.0,0.0,5945.0,1.346,146.95,G,0,337.13369867615006
6866228,FALSE POSITIVE,7.702374154,48.03,825.0,0.0,5598.0,0.83,109.38,G,0,630.5458424760911
9391208,CONFIRMED,16.56062577,2.94,701.0,1.0,5818.0,0.855,57.28,G,1,42.317241493948686
9391506,CONFIRMED,15.74958583,2.77,777.0,1.0,6191.0,1.025,86.18,F,1,41.87411701606632
8950853,CONFIRMED,37.8145252,3.04,626.0,0.999,5988.0,1.314,36.25,G,1,10.908506660292538
9006449,CONFIRMED,12.64504291,1.55,741.0,0.986,5607.0,0.886,71.28,G,1,15.848107549047455
9006449,CONFIRMED,21.5262958,1.36,621.0,0.999,5607.0,0.886,35.03,G,1,8.82641406423487
9006449,CONFIRMED,33.8845825,1.74,533.0,0.935,5607.0,0.886,19.13,G,1,6.613627303804023
4043190,CONFIRMED,6.40087137,1.91,1109.0,0.997,5426.0,1.421,357.44,G,1,20.872158223045183
3640905,CONFIRMED,30.1599411,4.54,836.0,1.0,5010.0,2.747,115.69,K,1,5.832239506595058
3640905,CONFIRMED,51.0771048,3.66,702.0,0.981,5010.0,2.747,57.28,K,1,2.7703214689647013
4060815,FALSE POSITIVE,4.2856756,2.13,1790.0,0.0,5055.0,2.747,2429.13,K,0,7.326732802641431
6613006,FALSE POSITIVE,7.388833611,10.66,877.0,0.0,5845.0,0.838,139.94,G,0,657.3026617854367
6606653,FALSE POSITIVE,2.698021895,48.03,1582.0,0.285,6568.0,1.211,1481.76,F,0,1800.0965852058068
10790387,CONFIRMED,117.93110803,10.36,418.0,1.0,6392.0,1.072,7.2,F,1,41.1825181763282
10748393,FALSE POSITIVE,4.887806806,5.71,918.0,0.0,5284.0,0.812,167.54,G,0,956.6662893181461
10874226,FALSE POSITIVE,11.973605044,38.2,820.0,0.0,6146.0,0.943,106.83,F,0,319.277275803887
10661771,FALSE POSITIVE,1.231364189,5.39,1707.0,0.0,5897.0,0.891,2005.15,G,0,890.9630552850192
10924853,FALSE POSITIVE,2.102416517,29.29,1435.0,0.0,5999.0,0.959,1003.06,G,0,714.6538223282042
10874926,FALSE POSITIVE,11.703109303,37.3,811.0,0.0,6014.0,0.958,102.47,F,0,358.96443340259214
6631721,FALSE POSITIVE,13.73808249,3.84,912.0,1.0,6375.0,1.178,163.52,F,0,48.092592287237025
6847018,FALSE POSITIVE,16.66216657,48.03,834.0,0.0,6440.0,1.169,114.41,F,0,291.48070147998766
7220322,FALSE POSITIVE,0.752159702,43.73,2224.0,0.0,5916.0,1.175,3158.4199999999996,G,0,4553.554239735114
6956233,FALSE POSITIVE,4.81886153,2.96,803.0,0.0,5030.0,0.651,98.29,K,0,273.6330960727979
7303287,CONFIRMED,125.86540191,12.37,394.0,1.0,5933.0,1.115,5.71,G,1,38.586457646818474
7303287,CONFIRMED,34.5439452,2.67,607.0,1.0,5933.0,1.115,32.02,G,1,12.44212256334867
11512246,CONFIRMED,10.74241765,3.06,1008.0,1.0,5761.0,1.518,243.94,G,1,38.65051737212991
8916492,FALSE POSITIVE,4.02378908,2.24,2504.0,0.0,7516.0,2.747,3158.4199999999996,A,0,7.977555324544993
11193447,FALSE POSITIVE,0.312941621,48.03,3151.0,0.0,6286.0,1.188,3158.4199999999996,F,0,15519.508029901845
11517719,CONFIRMED,2.495780169,15.75,1408.0,0.92,6039.0,0.992,929.47,F,1,1945.9646567934565
11599264,FALSE POSITIVE,8.428090255,48.03,817.0,0.0,5761.0,0.805,105.54,G,0,576.251541340429
11100657,FALSE POSITIVE,8.344104633,48.03,785.0,0.0,5447.0,0.838,89.55,G,0,582.0516656505354
6620003,CANDIDATE,1.714274727,25.0,827.0,0.0,3874.0,0.535,110.02,K,0,2833.0931580023225
6621116,FALSE POSITIVE,137.75960504,48.03,396.0,0.0,5323.0,1.452,5.81,G,0,35.25489201707427
6629332,FALSE POSITIVE,2.155278342,16.89,1272.0,0.0,5665.0,0.82,620.67,G,0,2253.398043935803
6387450,FALSE POSITIVE,3.661326482,12.07,1023.0,0.0,5319.0,0.798,258.6,G,0,1326.4864589041038
12252424,CONFIRMED,4.75400072,2.0,775.0,1.0,4728.0,0.693,85.23,K,1,157.48840694327873
6432059,FALSE POSITIVE,0.76973817,2.39,878.0,0.0,5706.8232800782525,1.0,141.3,G,0,546.8093130940875
6470149,FALSE POSITIVE,154.608014,48.03,692.0,1.0,5019.0,2.747,54.1,K,0,31.4129900148643
10549562,FALSE POSITIVE,9.08937826,5.35,1104.0,0.0,6739.0,1.275,351.45,F,0,85.79244671021095
10874614,CONFIRMED,3.234699282,13.06,1356.0,0.987,5640.0,1.291,797.62,G,1,1501.4378699824995
6541920,CONFIRMED,31.99552485,4.12,582.0,1.0,5657.0,1.046,27.17,G,1,43.00913976099379
10666230,FALSE POSITIVE,1.577800747,31.24,1513.0,0.003,6089.0,0.802,1236.23,F,0,442.19778785540154
10971674,FALSE POSITIVE,2.380862632,21.65,1480.0,0.565,5821.0,1.129,1133.0,G,0,2039.8908927896516
6891543,FALSE POSITIVE,1.752567456,26.56,1502.0,0.0,5739.0,0.996,1202.54,G,0,346.5201855260286
7211141,CONFIRMED,51.92920654,8.49,574.0,0.995,5671.0,1.442,25.6,G,1,65.97058241899337
7363829,CANDIDATE,154.608014,2.39,878.0,0.0,5706.8232800782525,1.0,141.3,G,0,2.7223685830412387
6719086,CANDIDATE,3.014330766,2.87,1124.0,1.0,5209.0,0.953,377.79,G,0,323.5544058405434
7376983,CONFIRMED,5.644914154,2.66,744.0,1.0,4769.0,0.714,72.38,K,1,247.63884124073786
5084942,CONFIRMED,3.105507835,2.68,980.0,1.0,4989.0,0.791,217.91,K,1,291.2889124944037
11125936,FALSE POSITIVE,1.336109338,35.19,1727.0,0.0,6119.0,0.967,2106.49,F,0,1649.7901311726332
11026304,CANDIDATE,13.35151248,4.44,585.0,1.0,4843.0,0.754,27.77,K,0,247.82211041306687
11342550,CANDIDATE,154.608014,10.23,157.0,0.0,5923.0,1.021,0.14,G,0,31.4129900148643
11497958,CONFIRMED,5.841636615,1.38,446.0,1.0,3526.0,0.383,9.38,M,1,228.7543864965315
11497958,CONFIRMED,19.85029495,1.52,297.0,1.0,3526.0,0.383,1.83,M,1,80.98116446375523
11512246,CONFIRMED,15.27443889,2.17,896.0,1.0,5761.0,1.518,152.62,G,1,13.532411991600169
6462874,FALSE POSITIVE,22.34293693,2.92,399.0,0.0,4260.0,0.58,6.01,K,0,120.44522205971245
6665223,FALSE POSITIVE,119.40817159,16.26,328.0,0.0,5316.0,0.872,2.72,G,0,40.67309578004401
6545358,FALSE POSITIVE,1.171536413,7.12,2387.0,0.0,7021.0,1.485,3158.4199999999996,F,0,966.8500162956523
6390824,FALSE POSITIVE,0.973547911,11.52,1814.0,0.0,6084.0,0.863,2556.6,F,0,447.5383235658753
6546528,FALSE POSITIVE,3.053563251,21.79,1171.0,0.0,5764.0,0.863,444.16,G,0,166.49401312827104
10676923,FALSE POSITIVE,1.031096352,2.36,2020.0,0.0,6371.0,1.072,3158.4199999999996,F,0,257.39592569133634
10604335,CONFIRMED,11.00817635,2.15,488.0,1.0,4141.0,0.582,13.39,K,1,132.8557931396148
10604335,CONFIRMED,92.7495777,1.87,240.0,0.0,4141.0,0.582,0.78,K,1,11.914879047476244
10864656,CONFIRMED,52.5008645,12.41,812.0,0.981,4976.0,2.747,102.94,K,1,18.032084024064023
10975146,CONFIRMED,0.63133171,1.2,1322.0,1.0,4441.0,0.53,726.72,K,1,688.2277463934134
10538176,CONFIRMED,12.69905011,2.62,686.0,1.0,5291.0,0.882,52.55,G,1,62.79209807764118
7376983,CONFIRMED,8.74292005,1.92,643.0,0.999,4769.0,0.714,40.33,K,1,89.15785521794861
7376983,CONFIRMED,3.64830183,1.33,860.0,1.0,4769.0,0.714,129.44,K,1,101.88301772169986
7376983,CONFIRMED,2.345863002,1.23,997.0,0.933,4769.0,0.714,233.38,K,1,135.00362115349137
6946199,CONFIRMED,37.1011418,3.19,532.0,1.0,5986.0,0.85,18.95,G,1,36.5891704173913
6946199,CANDIDATE,104.8205868,6.45,376.0,1.0,5986.0,0.85,4.74,G,0,37.39818789108324
11497958,CONFIRMED,10.8644095,1.14,363.0,0.985,3526.0,0.383,4.09,M,1,68.91308726903198
11177707,CONFIRMED,124.4197175,10.3,416.0,1.0,5066.0,1.659,7.07,K,1,33.00923746270361
11611600,CONFIRMED,1.219568047,1.51,1252.0,1.0,4838.0,0.701,578.96,K,1,405.79941497926103
11254382,CONFIRMED,2.05388477,2.74,1523.0,1.0,5632.0,1.176,1271.11,G,1,266.1785159446896
11122894,CONFIRMED,38.86848956,2.81,509.0,1.0,5618.0,0.897,15.89,G,1,25.85384745781719
6677841,CONFIRMED,35.7353616,5.47,774.0,0.086,6366.0,1.697,84.66,F,1,21.79353909210198
6677841,CONFIRMED,12.30971679,3.82,1104.0,0.242,6366.0,1.697,350.46,F,1,32.16970843079811
6677841,CONFIRMED,54.4205407,3.2,574.0,0.0,6781.0,1.067,25.6,F,1,10.988497951472946
9970525,FALSE POSITIVE,30.00908916,2.39,878.0,0.0,5706.8232800782525,1.0,141.3,G,0,14.025750590292159
6531491,FALSE POSITIVE,14.32407216,38.86,782.0,0.0,6022.0,1.039,88.38,F,0,143.38799588957113
6383821,CONFIRMED,27.07237655,2.18,605.0,1.0,5936.0,0.965,31.58,G,1,18.993530141335153
10538176,CONFIRMED,37.5142128,2.68,478.0,1.0,5291.0,0.882,12.38,G,1,24.923886980776523
10724369,CONFIRMED,55.6391882,3.13,478.0,1.0,5949.0,0.962,12.33,G,1,15.330921021597508
6541920,CONFIRMED,46.6856205,2.52,513.0,0.998,5657.0,1.046,16.41,G,1,12.61202043999822
10867062,CANDIDATE,34.2966363,3.29,584.0,0.998,5490.0,1.167,27.6,G,0,20.311029743753615
10744335,CONFIRMED,4.59726613,1.69,1105.0,0.984,5999.0,0.959,352.4,G,1,68.08394187960573
4860678,CONFIRMED,9.97716876,2.53,1028.0,0.993,5557.0,1.616,263.89,G,1,25.347872335678524
5177104,CONFIRMED,3.02168007,1.31,1332.0,1.0,6201.0,0.989,744.35,F,1,56.88888168759706
7023960,FALSE POSITIVE,30.882538697,15.4,593.0,0.0,6014.0,0.993,29.12,F,0,157.26362549565235
10033279,FALSE POSITIVE,72.4914068,15.33,700.0,0.0,5754.0,2.747,56.76,G,0,14.67070439030299
5009189,FALSE POSITIVE,4.93913074,24.03,1182.0,0.0,5956.0,1.17,461.47,G,0,77.52376281499282
8230616,CONFIRMED,2.240486703,1.22,837.0,1.0,4198.0,0.574,115.98,K,1,194.73447417286457
9836959,CONFIRMED,105.0145774,2.29,406.0,0.855,5868.0,1.042,6.44,G,1,2.8186562982826424
9838949,CONFIRMED,4.88084456,1.55,879.0,1.0,4929.0,0.861,141.0,K,1,70.27472311062493
9895006,CONFIRMED,10.56137217,2.43,867.0,0.969,5610.0,1.171,133.56,G,1,22.57282445525258
9896558,CONFIRMED,67.6690554,3.39,495.0,0.964,6127.0,1.08,14.24,F,1,14.202946890847244
9589323,CONFIRMED,3.949627144,2.32,966.0,1.0,5155.0,0.836,206.05,K,1,204.3737220173409
9823487,CONFIRMED,16.00460392,2.24,583.0,1.0,5180.0,0.769,27.41,K,1,51.978793362104014
9602514,FALSE POSITIVE,3.55650737,3.05,1405.0,0.0,4951.0,1.843,918.25,K,0,82.5529007690486
9726659,CONFIRMED,3.148661555,2.15,1097.0,1.0,5258.0,0.873,342.76,G,1,174.83619321543753
12108312,FALSE POSITIVE,0.70544824,20.03,1868.0,0.0,5717.0,0.826,2899.07,G,0,655.4697762092369
5371776,CONFIRMED,3.295701024,2.81,875.0,1.0,4723.0,0.691,138.38,K,1,529.6900378060507
5371776,CONFIRMED,9.65349016,2.41,611.0,1.0,4723.0,0.691,32.98,K,1,135.55719002255654
5371776,CONFIRMED,5.315954488,2.33,746.0,1.0,4723.0,0.691,73.19,K,1,181.6983200628184
9573539,CONFIRMED,10.04556377,2.19,766.0,1.0,5632.0,0.853,81.61,G,1,66.83547239081436
5371776,CONFIRMED,1.499144441,1.09,1137.0,1.0,4723.0,0.691,395.06,K,1,172.69850250540333
9886661,CONFIRMED,5.082748362,1.4,928.0,1.0,5430.0,0.858,175.06,G,1,54.43905153138879
5477805,FALSE POSITIVE,5.00673576,2.0,1324.0,0.0,6116.0,1.383,726.94,F,0,38.1885542128151
10055126,CONFIRMED,9.17617167,1.66,960.0,1.0,5903.0,1.156,200.99,G,1,22.54752934455508
10055126,CONFIRMED,19.7383992,1.61,744.0,0.998,5903.0,1.156,72.32,G,1,8.516394784436217
5009743,CONFIRMED,41.6980186,2.03,537.0,0.996,5997.0,0.971,19.61,G,1,10.57124570422634
10015937,CONFIRMED,59.6585348,3.59,393.0,0.999,5243.0,0.831,5.66,G,1,17.496239280754175
10019065,CONFIRMED,52.6298542,3.68,544.0,1.0,5339.0,1.433,20.65,G,1,12.840620789711403
7950644,CONFIRMED,10.290994129,13.43,996.0,0.991,5803.0,1.373,233.08,G,1,471.93691290852354
10080248,CONFIRMED,14.8783945,1.63,692.0,0.82,5822.0,0.837,54.19,G,1,21.695889297733032
10213902,CONFIRMED,59.6222627,3.63,486.0,0.992,6108.0,0.997,13.23,F,1,16.661561554590246
9842906,FALSE POSITIVE,4.9883873,3.28,1236.0,0.0,6418.0,1.171,550.52,F,0,101.7563331540035
11821363,CONFIRMED,8.19596647,2.04,672.0,0.994,4723.0,0.747,48.2,K,1,96.73050797632166
7629518,CONFIRMED,15.59466045,2.74,718.0,0.999,5900.0,0.929,62.88,G,1,55.64083955415651
10810838,CONFIRMED,56.35407916,2.59,352.0,0.999,4802.0,0.701,3.63,K,1,18.401507316901743
4828341,FALSE POSITIVE,36.12895451,48.03,546.0,0.0,5921.0,0.912,21.05,G,0,104.03290244559031
10019763,FALSE POSITIVE,32.50456309,10.68,591.0,0.0,6132.0,0.947,28.8,F,0,149.41594466452494
9899280,FALSE POSITIVE,1.332560589,1.4,1086.0,0.0,4489.0,0.609,330.32,K,0,425.1964260966148
8046659,CANDIDATE,31.56904354,11.18,575.0,0.0,5654.0,0.998,25.83,G,0,133.9730167827568
4940438,FALSE POSITIVE,9.08590495,6.28,861.0,0.0,5931.0,0.866,130.1,G,0,233.47151567989937
5308663,FALSE POSITIVE,0.784512952,25.48,1952.0,0.0,5997.0,0.904,3158.4199999999996,G,0,746.9602617854548
5474733,FALSE POSITIVE,0.883778461,1.09,1934.0,0.0,5975.0,0.949,3158.4199999999996,G,0,135.89378481130464
10963065,CONFIRMED,2.465024332,0.69,1561.0,1.0,6139.0,1.194,1406.11,F,1,12.454238119058047
6268648,CONFIRMED,15.86624787,1.31,879.0,1.0,6099.0,1.308,141.18,F,1,4.871977334109302
10125352,FALSE POSITIVE,4.288515468,48.03,1722.0,0.0,6378.0,2.002,2081.57,F,0,806.0365004610961
5357901,CONFIRMED,3.797018259,10.07,982.0,0.995,5167.0,0.848,219.64,K,1,1279.0826034318525
4278221,CONFIRMED,1.340596782,1.16,1783.0,1.0,5992.0,1.125,2393.35,G,1,80.188168018443
10214162,CONFIRMED,17.42393582,3.29,722.0,1.0,6018.0,0.969,64.13,F,1,44.24373505296807
10905746,CONFIRMED,9.8786461,1.6,393.0,1.0,3609.0,0.422,5.65,M,1,149.07913342497412
8242434,CONFIRMED,44.96407458,2.0,379.0,0.748,4827.0,0.729,4.89,K,1,18.04996561323647
6185331,CONFIRMED,49.7700907,5.12,455.0,0.998,5774.0,0.818,10.16,G,1,70.9100576342731
11820830,FALSE POSITIVE,12.7319385,48.03,1145.0,0.994,7238.0,1.568,405.75,F,0,381.4580159965428
11774387,FALSE POSITIVE,0.520222869,1.52,2145.0,0.0,5776.0,0.889,3158.4199999999996,G,0,518.0471987285895
9636135,CONFIRMED,5.83376197,2.98,1143.0,0.997,6213.0,1.195,403.49,F,1,91.34757344239054
9636135,CONFIRMED,2.42150341,1.62,1532.0,0.999,6213.0,1.195,1305.04,F,1,70.82376976706384
7841925,CONFIRMED,14.16400071,2.35,694.0,1.0,5440.0,0.885,54.95,G,1,51.40496777057843
7841925,CANDIDATE,0.840594032,0.62,1780.0,0.944,5440.0,0.885,2368.31,G,0,59.24381818594686
7841925,CONFIRMED,6.20920207,0.89,914.0,0.464,5440.0,0.885,164.98,G,1,16.411126397759514
5219234,CONFIRMED,5.48711441,3.24,836.0,1.0,5103.0,0.787,115.29,K,1,242.13090902181494
5219234,CONFIRMED,8.29084167,3.21,728.0,0.999,5103.0,0.787,66.47,K,1,124.70386495753694
5219234,CONFIRMED,3.20539622,1.7,1000.0,1.0,5103.0,0.787,236.11,K,1,141.51136672894685
5219234,CONFIRMED,16.73869035,2.56,576.0,1.0,5103.0,0.787,26.06,K,1,59.550656542254515
12504988,FALSE POSITIVE,5.093938816,17.19,1137.0,0.003,6197.0,1.035,395.38,F,0,953.427234882595
9015738,CONFIRMED,13.93291548,1.66,852.0,0.999,6026.0,1.207,124.53,F,1,9.445259334911288
7215603,CONFIRMED,2.36436762,0.82,1752.0,0.912,6250.0,1.543,2228.09,F,1,12.011668473111639
4276716,CANDIDATE,20.6654374,0.66,487.0,1.0,4830.0,0.676,13.35,K,0,4.858353494129285
5561278,CONFIRMED,20.31047472,2.41,931.0,1.0,6065.0,1.877,177.81,F,1,8.104192652765331
7287683,CANDIDATE,69.8347983,3.51,765.0,0.855,7732.0,2.022,80.97,A,0,3.817581012473548
6387542,CONFIRMED,2.53475568,2.02,1218.0,1.0,5662.0,0.806,519.95,G,1,182.66060261871078
8266276,CANDIDATE,2.59488443,2.36,1014.0,0.809,4748.0,0.797,249.92,K,0,228.21825633290345
6869184,CONFIRMED,43.3167427,2.42,459.0,1.0,5654.0,0.774,10.47,G,1,22.7971896880418
8396405,CANDIDATE,19.18109525,1.72,513.0,0.938,5214.0,0.587,16.42,G,0,45.117340210278144
10799735,FALSE POSITIVE,37.590298548,14.39,573.0,0.0,6147.0,1.003,25.53,F,0,129.20088926131717
6604328,CONFIRMED,31.0033072,2.72,616.0,1.0,6090.0,1.071,34.03,F,1,20.81068306157996
9719634,FALSE POSITIVE,3.351556891,1.64,1074.0,0.0,5185.0,0.911,314.73,K,0,102.01229193456648
7439316,CONFIRMED,2.617028373,1.57,996.0,1.0,4831.0,0.724,233.23,K,1,190.82712482307502
12061238,FALSE POSITIVE,1.876406096,1.57,1192.0,0.0,5198.0,0.759,476.68,K,0,231.1866290163662
8323753,FALSE POSITIVE,6.71425632,5.76,1565.0,0.0,6093.0,2.623,1416.6,F,0,42.22358910480201
12400538,CONFIRMED,150.2412582,4.6,327.0,1.0,5604.0,0.943,2.72,G,1,15.831203948210812
5184584,CONFIRMED,53.44944498,5.82,486.0,0.989,5919.0,1.0,13.23,G,1,64.30375472160796
5636648,FALSE POSITIVE,0.466743525,20.43,2197.0,0.0,5791.0,0.856,3158.4199999999996,G,0,1705.6476573510047
5564247,FALSE POSITIVE,1.727177258,1.42,1250.0,0.001,5394.0,0.72,576.55,G,0,201.13743299415304
5438099,CONFIRMED,7.24022418,2.14,716.0,1.0,4955.0,0.721,62.1,K,1,119.45762707032642
5438099,CONFIRMED,4.64622383,1.82,830.0,1.0,4955.0,0.721,112.18,K,1,96.09954585420823
6543893,CONFIRMED,10.29674097,5.75,1129.0,1.0,6068.0,1.797,384.86,F,1,98.2641015198812
6543893,CONFIRMED,5.93919041,3.7,1357.0,0.997,6068.0,1.797,801.92,F,1,71.47438803868893
6975129,CONFIRMED,19.74733983,2.62,754.0,1.0,6243.0,1.149,76.57,F,1,24.342519252629884
11391018,CONFIRMED,30.360445359,10.99,459.0,0.982,4939.0,0.765,10.47,K,1,159.96800911750418
8685497,CONFIRMED,4.4096675,1.51,1192.0,0.995,5836.0,1.166,476.94,G,1,30.092971862390982
4365645,CONFIRMED,4.16787814,1.07,962.0,0.999,5251.0,0.847,202.48,G,1,40.33227324635744
7199906,CANDIDATE,154.608014,2.39,878.0,0.0,5706.8232800782525,1.0,141.3,G,0,2.7223685830412387
8197343,CONFIRMED,11.79161234,2.41,857.0,0.998,5619.0,1.199,127.75,G,1,35.228430855962145
7032421,FALSE POSITIVE,20.55848388,36.9,624.0,1.0,5578.0,0.936,35.76,G,0,32.94503641189712
6786348,CONFIRMED,26.964501,2.2,573.0,1.0,5754.0,0.905,25.56,G,1,22.314523825232296
6209677,CONFIRMED,7.76845639,1.35,841.0,0.999,5447.0,0.917,118.09,G,1,28.03645783226184
9641018,FALSE POSITIVE,2.178154348,22.22,1392.0,0.0,5947.0,0.881,886.88,G,0,196.7720976217981
9813499,CONFIRMED,5.03257009,2.53,1047.0,1.0,5970.0,0.908,283.49,G,1,87.25164123844324
12254792,CONFIRMED,40.4286676,2.92,494.0,1.0,5813.0,0.833,14.08,G,1,22.659663411712337
12020218,CONFIRMED,21.3588236,2.52,691.0,1.0,6170.0,0.992,53.89,F,1,29.968878997624195
7690844,CONFIRMED,22.0459163,3.05,640.0,1.0,5900.0,0.951,39.69,G,1,36.505627121518195
9535080,FALSE POSITIVE,49.6456235,43.41,648.0,0.001,6273.0,1.493,41.57,F,0,17.27241878632061
5438099,CONFIRMED,17.32670445,2.23,535.0,1.0,4955.0,0.721,19.38,K,1,46.171503779531484
5438099,CONFIRMED,44.8411168,2.75,390.0,0.999,4955.0,0.721,5.45,K,1,23.451690659051557
5210475,FALSE POSITIVE,1.008917105,1.51,1636.0,0.0,5708.0,0.795,1698.88,G,0,335.5082378150383
8009350,CONFIRMED,13.75207851,2.81,556.0,1.0,4802.0,0.699,22.57,K,1,88.3939107180097
8082001,CONFIRMED,6.33855946,3.31,1034.0,1.0,6108.0,1.03,270.47,F,1,113.85867791480811
9017682,CANDIDATE,11.30507984,1.4,744.0,0.988,5705.0,0.844,72.67,G,0,24.626097642845128
9277896,CONFIRMED,4.59489816,1.85,1319.0,1.0,6056.0,1.381,716.65,F,1,23.87430497480275
9401997,CONFIRMED,32.2964275,1.9,503.0,0.977,5246.0,0.891,15.14,G,1,14.620812162583617
10686864,CONFIRMED,2.97041801,1.7,991.0,1.0,5068.0,0.743,228.11,K,1,178.6617231020627
10749128,CANDIDATE,9.9824036,1.17,966.0,0.0,6273.0,1.139,205.65,F,0,8.404789403626198
11904734,CANDIDATE,12.681733929,7.25,601.0,1.0,4976.0,0.701,30.84,K,0,382.9681356816613
8043714,FALSE POSITIVE,6.814984472,14.18,836.0,0.0,5465.0,0.817,115.58,G,0,712.650193108173
7918217,FALSE POSITIVE,63.9354965,48.03,2590.0,0.0,3626.0,2.747,3158.4199999999996,M,0,19.56033922408032
10153011,CANDIDATE,83.09708021,13.83,329.0,0.0,5286.0,0.636,2.78,G,0,58.4460968752009
9631995,CONFIRMED,7.891448838,12.63,1028.0,0.988,5972.0,1.237,263.54,G,1,615.438318070738
11870545,CANDIDATE,0.839961456,1.63,1455.0,1.0,4932.0,0.718,1066.37,K,0,586.8126406028802
7901948,CONFIRMED,2.578852119,1.63,1230.0,1.0,5743.0,0.853,540.56,G,1,129.63131834392712
11955499,FALSE POSITIVE,9.04189129,3.24,729.0,0.0,5237.0,0.826,66.83,G,0,86.64116553429608
6442377,CONFIRMED,30.22910274,3.49,755.0,1.0,6325.0,1.518,76.88,F,1,14.667984154663005
9784222,FALSE POSITIVE,0.798200403,24.03,2128.0,0.0,6258.0,1.031,3158.4199999999996,F,0,497.1182656744412
5376836,FALSE POSITIVE,3.479425638,12.86,1166.0,0.876,5907.0,0.878,435.85,G,0,1395.8338258355961
5557821,FALSE POSITIVE,2.92878704,22.76,1239.0,0.001,5955.0,0.883,556.77,G,0,187.58618926420814
10004519,CONFIRMED,9.80321143,2.99,896.0,1.0,6170.0,0.992,152.12,F,1,82.97281006414039
5031857,CONFIRMED,24.81097206,4.22,631.0,1.0,6086.0,0.921,37.43,F,1,84.26916909760125
5031857,CANDIDATE,7.136922,1.38,956.0,1.0,6086.0,0.921,197.05,F,0,31.049799899732683
10879038,CONFIRMED,4.8538404,1.72,1052.0,0.986,5778.0,0.968,288.7,G,1,40.46280549315136
10990917,CONFIRMED,11.04605365,1.8,869.0,0.996,6093.0,1.025,134.66,F,1,27.910420297478822
11043136,FALSE POSITIVE,2.621706694,34.68,1288.0,0.0,5749.0,0.881,648.75,G,0,1743.9021727576976
11046025,CONFIRMED,3.72020708,0.99,954.0,1.0,5017.0,0.797,195.7,K,1,42.1750716091858
5771719,FALSE POSITIVE,12.264867364,28.29,1077.0,0.0,5372.0,2.344,317.89,G,0,395.9847143765655
9729691,CONFIRMED,8.689301216,2.92,782.0,1.0,5211.0,0.895,88.24,G,1,128.54888698566666
9729691,CONFIRMED,20.99757968,2.97,582.0,0.0,5211.0,0.895,27.2,G,1,53.90145041707016
4950232,FALSE POSITIVE,0.979442525,1.64,1567.0,0.001,5532.0,0.745,1420.01,G,0,479.1501165420605
10904857,CONFIRMED,3.120828136,14.16,1303.0,0.802,6122.0,0.996,680.79,F,1,1556.2215502917395
8651389,CONFIRMED,15.13590453,2.57,933.0,0.992,6050.0,1.572,179.16,F,1,16.893605498977074
9520668,FALSE POSITIVE,1.399326503,1.0,1143.0,0.0,4502.0,0.728,402.58,K,0,147.49952892159294
7871954,CONFIRMED,1.937029968,0.87,802.0,0.889,4042.0,0.49,97.94,K,1,161.22620979501542
7871954,CONFIRMED,7.06117322,1.23,521.0,0.991,4042.0,0.49,17.41,K,1,68.21812537265585
12418724,CONFIRMED,20.55331441,3.19,749.0,1.0,6325.0,1.112,74.49,F,1,33.00197654106728
7456001,CONFIRMED,40.0686713,3.1,560.0,1.0,6026.0,0.992,23.27,F,1,24.230900813524105
10028792,CONFIRMED,114.73658,12.28,476.0,1.0,5597.0,1.699,12.13,G,1,42.27073876526562
10028792,CONFIRMED,154.608014,6.47,401.0,0.0,5597.0,1.699,6.14,G,1,6.863809789316614
10028792,CANDIDATE,5.83393857,1.98,1285.0,0.952,5597.0,1.699,642.83,G,0,23.03760973609292
5553652,FALSE POSITIVE,24.3282251,48.03,520.0,0.0,5286.0,0.78,17.33,G,0,46.061724412439766
5299459,CONFIRMED,10.41572666,3.01,797.0,1.0,5511.0,0.987,95.64,G,1,79.23595030286633
11153121,CONFIRMED,14.97031664,2.53,883.0,0.999,5726.0,1.483,143.33,G,1,19.40506717298132
11153121,CONFIRMED,32.2753853,2.31,683.0,0.987,5726.0,1.483,51.5,G,1,6.93717512335941
11153121,CANDIDATE,6.33027476,1.02,1046.0,0.0,5900.0,1.07,283.31,G,0,14.09101553753095
11177543,CONFIRMED,38.3262237,2.43,480.0,0.994,5229.0,0.903,12.56,G,1,10.230593106933204
11337141,CONFIRMED,4.04355245,1.75,613.0,0.992,3871.0,0.532,33.34,K,1,102.92929426450249
6705142,CANDIDATE,5.59728249,3.28,930.0,1.0,5610.0,0.858,176.53,G,0,251.425580630289
3967760,CONFIRMED,5.52418625,2.25,976.0,0.677,5334.0,1.004,214.86,G,1,88.88186925268857
3967760,CONFIRMED,8.77514782,1.91,837.0,0.972,5334.0,1.004,115.84,G,1,40.10188856282993
4067336,FALSE POSITIVE,10.12742274,3.8,969.0,1.0,6392.0,1.162,208.77,F,0,92.17547484346447
5387843,FALSE POSITIVE,0.870693883,2.09,1876.0,0.406,5985.0,0.883,2923.54,G,0,503.6213169307404
7549209,CONFIRMED,27.5071114,2.58,569.0,1.0,5783.0,0.88,24.71,G,1,21.110904433244126
7663405,CONFIRMED,5.1443645,1.55,923.0,1.0,5157.0,0.904,171.63,K,1,60.39618693426564
9765975,CONFIRMED,18.45848388,2.5,632.0,1.0,5311.0,0.948,37.81,G,1,29.000214940730007
9818462,CONFIRMED,25.9421582,1.95,501.0,1.0,5167.0,0.796,14.85,K,1,21.9603934109075
6803202,CONFIRMED,21.06075303,1.78,669.0,1.0,5706.0,1.034,47.39,G,1,14.301482932303298
5299459,CONFIRMED,13.08424286,2.71,739.0,1.0,5511.0,0.987,70.51,G,1,50.5952088388552
9651668,CONFIRMED,2.684328541,12.73,1265.0,0.995,5561.0,0.956,603.57,G,1,1809.2792762955612
5299459,CANDIDATE,23.3397956,1.23,653.0,0.0,5671.0,1.084,43.02,G,0,5.359944111935582
12506770,CONFIRMED,2.806243488,1.41,771.0,1.0,4153.0,0.581,83.53,K,1,213.66642009647313
5629985,FALSE POSITIVE,2.27190723,1.12,1318.0,0.0,5788.0,0.856,714.27,G,0,65.58366381887873
9898364,FALSE POSITIVE,7.132351753,48.03,1579.0,0.0,7530.0,1.93,1466.12,A,0,104.32744006028835
11337372,CONFIRMED,6.53194024,3.09,907.0,1.0,5301.0,0.977,159.66,G,1,118.17315707713823
11337833,CONFIRMED,51.3011844,2.07,492.0,0.994,6032.0,0.929,13.86,F,1,9.724921672568636
11546211,FALSE POSITIVE,1.097211085,16.07,740.0,0.0,3497.0,0.334,71.01,M,0,4426.404423356696
11547505,CONFIRMED,0.938466959,1.58,1876.0,1.0,5499.0,1.087,2919.17,G,1,231.65439967290314
4471747,CANDIDATE,51.3901452,3.62,570.0,0.996,6074.0,1.292,24.98,F,0,9.612737969068824
11502867,CONFIRMED,3.217518511,11.38,1185.0,1.0,5720.0,0.903,464.73,G,1,1509.4551852292357
9909735,CONFIRMED,4.66271902,3.86,1039.0,1.0,5729.0,0.939,274.98,G,1,349.710113992672
9909735,CONFIRMED,11.8150174,3.48,762.0,1.0,5729.0,0.939,79.66,G,1,84.89196131018817
11551692,CONFIRMED,7.834433676,3.47,689.0,1.0,4920.0,0.72,53.33,K,1,257.59360324693876
11551692,CONFIRMED,3.005156911,2.2,949.0,1.0,4920.0,0.72,191.27,K,1,230.13773339704326
12266636,CONFIRMED,33.3856176,2.48,580.0,0.998,5833.0,1.022,26.73,G,1,16.570009476176352
9850893,FALSE POSITIVE,8.48039789,1.71,866.0,0.0,5401.0,1.05,132.85,G,0,30.623563112084117
4826110,FALSE POSITIVE,1.333395306,0.86,1390.0,0.0,5199.0,0.811,880.53,K,0,85.87100875844843
7869917,CONFIRMED,7.71467686,4.65,1622.0,1.0,6900.0,2.599,1636.72,F,1,30.318833082011942
9824805,CONFIRMED,4.4444826,1.71,1217.0,1.0,6240.0,1.079,518.45,F,1,36.67468514782801
5193400,FALSE POSITIVE,21.3781146,3.18,727.0,0.0,6218.0,1.131,65.94,F,0,26.01258391607649
7939330,CONFIRMED,29.5422566,3.15,515.0,1.0,5510.0,0.803,16.56,G,1,29.784454583608213
7939330,CONFIRMED,144.551628,3.06,303.0,0.994,5510.0,0.803,1.99,G,1,7.161455144593737
4918309,CANDIDATE,154.608014,11.32,353.0,1.0,5393.0,1.37,3.66,G,0,28.116265693704598
12602568,CONFIRMED,8.04727721,2.33,855.0,1.0,5840.0,0.849,126.56,G,1,60.39309785377705
9941066,CONFIRMED,5.87063416,1.44,616.0,0.998,4166.0,0.612,33.99,K,1,86.12357476555822
5972334,CONFIRMED,15.358767771,10.89,662.0,0.998,5422.0,0.887,45.46,G,1,316.21677418485916
4650733,CONFIRMED,29.5390897,2.51,714.0,1.0,6572.0,1.238,61.49,F,1,13.653095071511293
4830605,CANDIDATE,35.6364022,1.99,537.0,0.985,5926.0,0.887,19.62,G,0,12.700496460330108
4832197,FALSE POSITIVE,0.94773253,45.58,2321.0,0.0,6302.0,1.269,3158.4199999999996,F,0,5124.5471124643145
4844004,FALSE POSITIVE,0.784031658,1.55,1705.0,0.0,5435.0,0.824,1995.65,G,0,449.2165544672432
12120943,CANDIDATE,8.98128472,7.19,898.0,0.978,5977.0,1.022,153.36,G,0,540.7578260140049
7831264,CONFIRMED,13.07141889,2.47,964.0,1.0,6122.0,1.439,203.87,F,1,19.20985029345961
9761199,FALSE POSITIVE,0.692015479,19.31,1057.0,0.0,3752.0,0.497,294.34,K,0,6528.900201089288
7751571,FALSE POSITIVE,17.0421346,5.14,594.0,0.0,5367.0,0.773,29.47,G,0,212.2210676589774
9579499,FALSE POSITIVE,7.94671044,27.43,673.0,0.0,4859.0,0.702,48.5,K,0,611.1585462525044
11913013,FALSE POSITIVE,3.74781242,38.04,1172.0,0.0,5780.0,1.0,446.47,G,0,1295.8759552859372
7768451,CANDIDATE,154.608014,3.64,283.0,0.99,5401.0,0.878,1.52,G,0,7.427169978394522
7691260,CONFIRMED,3.989544192,0.93,903.0,1.0,5229.0,0.688,157.1,G,1,47.6244881259859
9821454,CONFIRMED,17.9776037,1.58,752.0,1.0,6296.0,1.006,75.61,F,1,11.89813745866475
9821454,CONFIRMED,11.8693144,1.09,864.0,1.0,6296.0,1.006,131.58,F,1,8.585163099226692
11954842,CONFIRMED,12.98494603,1.64,818.0,1.0,5948.0,1.025,105.74,G,1,19.807552484682912
7972785,FALSE POSITIVE,7.300735516,13.32,1086.0,0.004,6434.0,1.138,328.98,F,0,665.2343437666316
5470739,CONFIRMED,19.17893976,2.4,640.0,1.0,5767.0,0.881,39.65,G,1,39.25138768984798
10022908,CONFIRMED,6.99130452,1.95,716.0,1.0,4847.0,0.761,62.05,K,1,79.44154033216107
9932970,CANDIDATE,52.971584,29.02,402.0,0.0,5204.0,0.789,6.19,G,0,73.29590144028919
5617854,CONFIRMED,3.517494725,1.42,704.0,1.0,4132.0,0.564,58.08,K,1,151.4714425051483
4932442,CONFIRMED,6.93365167,1.7,1104.0,0.993,5861.0,1.304,351.27,G,1,17.249208020858077
4932442,CANDIDATE,5.91393977,1.07,1112.0,0.0,6194.0,1.129,361.0,F,0,14.203729369398026
5183357,CONFIRMED,61.0373591,3.38,610.0,0.989,6309.0,1.614,32.74,F,1,7.167741305504811
5269467,CONFIRMED,33.8677783,2.31,394.0,0.991,4564.0,0.691,5.69,K,1,26.42039262433698
5360920,CANDIDATE,14.62399621,21.92,681.0,1.0,5753.0,0.815,50.91,G,0,73.98798416400848
7672940,FALSE POSITIVE,154.608014,33.63,281.0,0.0,6340.0,2.173,1.47,F,0,31.4129900148643
7838655,FALSE POSITIVE,2.113202658,48.03,1281.0,0.0,5482.0,0.858,635.47,G,0,996.0237329968379
11702948,CANDIDATE,9.771462706,10.15,799.0,0.0,5812.0,0.853,96.39,G,0,497.0289654810662
9512981,CANDIDATE,154.608014,10.83,214.0,0.998,4810.0,0.776,0.49,K,0,31.4129900148643
7770450,FALSE POSITIVE,1.157808038,22.9,1579.0,0.0,5566.0,0.886,1472.38,G,0,748.569686471636
11455491,FALSE POSITIVE,6.14281498,1.82,1355.0,0.0,6495.0,1.554,796.26,F,0,19.86060143390482
11764462,CONFIRMED,5.69919592,1.16,964.0,1.0,5646.0,0.932,204.18,G,1,27.968857754235618
11656246,CONFIRMED,18.11473813,2.49,830.0,0.997,6109.0,1.36,112.43,F,1,13.331685960176781
7808587,CONFIRMED,6.24145791,1.6,1111.0,1.0,5810.0,1.259,360.09,G,1,26.227846500049534
4741126,CONFIRMED,20.4222447,1.78,785.0,1.0,6119.0,1.299,89.74,F,1,9.269304269965975
5301750,CONFIRMED,8.72585478,2.86,985.0,0.998,6036.0,1.131,222.19,F,1,51.19269243671735
5301750,CONFIRMED,12.88291395,3.15,865.0,1.0,6036.0,1.131,132.23,F,1,35.74501869586732
5301750,CONFIRMED,27.4345973,2.56,672.0,1.0,6036.0,1.131,48.29,F,1,17.226423804660694
5301750,CONFIRMED,4.22453631,1.6,1254.0,0.996,6036.0,1.131,584.24,F,1,37.660937988245145
5301750,CONFIRMED,44.5520266,2.29,572.0,0.996,6036.0,1.131,25.3,F,1,8.127576400755697
5526717,CONFIRMED,52.069002,2.92,524.0,0.994,5565.0,1.246,17.76,G,1,10.722310368076576
5972334,CONFIRMED,2.418406841,2.25,1226.0,0.996,5422.0,0.887,535.84,G,1,275.1398105228896
5526717,CANDIDATE,8.51170088,2.39,878.0,0.0,5706.8232800782525,1.0,141.3,G,0,49.44957605230131
5530882,FALSE POSITIVE,5.0825188,0.88,968.0,0.0,5706.0,0.834,207.45,G,0,20.65904802949278
5531953,CANDIDATE,6.93910337,1.41,445.0,1.0,3638.0,0.42,9.28,M,0,88.5849319751523
6034945,CONFIRMED,9.11500269,1.78,906.0,0.997,5962.0,1.028,159.34,G,1,29.43498857047512
9851226,FALSE POSITIVE,8.48031942,4.54,918.0,0.0,5951.0,0.991,168.01,G,0,168.23658748457848
8692861,CONFIRMED,13.7223682,2.23,746.0,1.0,5637.0,0.943,73.16,G,1,41.61818074521568
7543649,FALSE POSITIVE,3.582076914,5.33,1265.0,0.0,6109.0,0.993,604.27,F,0,428.3548446441874
9480310,CONFIRMED,15.43400996,4.3,721.0,1.0,5900.0,0.951,63.79,G,1,115.71198960143732
11858748,FALSE POSITIVE,1.780984316,2.33,1397.0,0.0,5730.0,0.87,899.03,G,0,331.7828207084559
4741126,CONFIRMED,7.63846084,1.12,1089.0,0.993,6119.0,1.299,333.3,F,1,9.386707806961802
11669125,CONFIRMED,70.6981724,1.63,417.0,0.956,5811.0,0.866,7.11,G,1,5.0595367299763465
12159249,CONFIRMED,3.74443645,1.1,1328.0,1.0,5876.0,1.293,736.89,G,1,19.57570945021647
9872292,CANDIDATE,10.19154678,1.39,1144.0,0.924,6212.0,1.684,404.17,F,0,6.014788659980031
9963461,FALSE POSITIVE,10.581581895,48.03,1098.0,0.0,6168.0,1.567,342.98,F,0,458.9767435712881
8081482,FALSE POSITIVE,2.819453322,29.8,1357.0,0.488,5767.0,1.074,803.4,G,0,1722.5679751828143
5542466,CANDIDATE,12.89006728,1.93,620.0,0.998,4915.0,0.812,34.99,K,0,46.74141623254584
4178389,CANDIDATE,23.210509958,21.19,595.0,0.0,5875.0,0.809,29.69,G,0,209.24572569875977
5542466,CONFIRMED,2.35574505,1.34,1093.0,0.903,4915.0,0.812,338.4,K,1,113.29748947153682
5542466,CANDIDATE,4.74666128,1.3,865.0,0.996,4915.0,0.812,132.4,K,0,54.101184991232415
10028140,CONFIRMED,19.65639342,2.83,549.0,1.0,5288.0,0.74,21.5,G,1,42.89698430344095
6048024,FALSE POSITIVE,62.81584402,48.03,582.0,0.0,6340.0,1.492,27.14,F,0,26.87856903526487
6049190,CONFIRMED,70.468171,3.46,511.0,0.365,6461.0,1.131,16.17,F,1,13.089597571646921
6149553,FALSE POSITIVE,56.86716792,2.39,878.0,0.0,5706.8232800782525,1.0,141.3,G,0,7.401458792393472
6198999,CONFIRMED,3.93246069,1.65,894.0,1.0,4841.0,0.779,151.31,K,1,115.83078278654071
6310636,CONFIRMED,0.921030497,1.62,2362.0,1.0,5843.0,1.615,3158.4199999999996,G,1,110.20264837115378
6616218,CONFIRMED,5.960400011,2.85,890.0,1.0,5418.0,0.886,148.26,G,1,138.9671831540435
7761545,CONFIRMED,85.3514875,6.31,390.0,0.936,5584.0,0.938,5.44,G,1,54.769988630836686
7499398,CANDIDATE,23.02028478,7.58,604.0,1.0,5613.0,0.956,31.4,G,0,210.97480098158888
12365184,CONFIRMED,69.72646639,11.65,613.0,0.985,6430.0,1.731,33.3,F,1,64.41169662720951
4770365,CONFIRMED,1.609321941,1.57,958.0,1.0,4224.0,0.603,199.28,K,1,452.67511828449
4770365,CONFIRMED,9.51220046,1.99,530.0,0.975,4224.0,0.603,18.66,K,1,122.93685408728234
4770365,CONFIRMED,4.72941177,1.22,669.0,0.987,4224.0,0.603,47.3,K,1,91.82960188725544
10748390,CONFIRMED,4.887803076,4.82,800.0,0.913,4778.0,0.763,96.67,K,1,882.9733794291675
11804465,CONFIRMED,4.437962934,18.05,1338.0,0.761,5953.0,1.415,757.65,G,1,1094.3534392304143
9663113,CONFIRMED,20.74028645,4.24,798.0,0.999,6226.0,1.299,95.68,F,1,49.33875925325033
5649956,FALSE POSITIVE,1.207852845,38.59,1539.0,0.0,5601.0,0.797,1331.31,G,0,4020.9368385434404
4840513,FALSE POSITIVE,2.379282197,25.74,1571.0,0.759,6392.0,1.162,1442.19,F,0,2041.2458875722002
5217586,FALSE POSITIVE,26.0692512,23.61,591.0,0.0,5585.0,0.91,28.85,G,0,31.895814483539905
5289854,CONFIRMED,9.69501146,2.08,833.0,0.964,5896.0,0.914,114.06,G,1,53.140731408686754
5289854,CONFIRMED,15.3825394,2.14,714.0,1.0,5896.0,0.914,61.61,G,1,35.78732910640229
9895709,FALSE POSITIVE,1.818939148,1.82,1549.0,0.0,6153.0,0.962,1364.15,F,0,182.08415623148707
10006581,CONFIRMED,40.1097817,3.11,556.0,1.0,5509.0,1.169,22.65,G,1,18.2499123399617
5972334,CANDIDATE,0.708621057,1.2,1846.0,0.998,5422.0,0.887,2741.07,G,0,264.5984029797184
6616218,CONFIRMED,2.46106962,0.84,1195.0,0.959,5418.0,0.886,483.09,G,1,34.21276639870107
6696462,FALSE POSITIVE,3.403743926,10.77,1101.0,1.0,5596.0,0.853,346.98,G,0,239.70663414707184
7220429,CONFIRMED,8.03753796,1.54,744.0,1.0,5044.0,0.804,72.44,K,1,35.645243783085036
7222086,FALSE POSITIVE,2.43902575,2.61,2307.0,0.983,6546.0,2.747,3158.4199999999996,F,0,33.824981142573016
12406749,CONFIRMED,56.3587987,5.04,419.0,0.999,5446.0,0.821,7.29,G,1,45.41615611121959
8692861,CONFIRMED,154.608014,1.73,286.0,0.693,5637.0,0.943,1.59,G,1,2.2010501991183977
7811397,CANDIDATE,154.608014,9.06,272.0,0.922,5270.0,0.787,1.29,G,0,31.4129900148643
12403119,CONFIRMED,76.13622222,4.78,399.0,0.961,5591.0,0.892,6.01,G,1,38.739773448139445
9842890,FALSE POSITIVE,4.9883872,2.59,990.0,0.0,5819.0,0.823,227.27,G,0,127.93714168779842
8113154,FALSE POSITIVE,2.586878667,19.84,1666.0,0.0,6812.0,1.172,1823.52,F,0,1877.4363335843302
5270698,FALSE POSITIVE,3.964333304,37.09,1680.0,0.186,5758.0,2.318,1881.78,G,0,1225.098806676927
5024450,FALSE POSITIVE,1.525924389,48.03,1722.0,0.0,6203.0,1.06,2072.8,F,0,3182.7920406874105
5282049,FALSE POSITIVE,5.910371418,12.62,1053.0,0.926,6200.0,0.958,290.83,F,0,821.7250078749619
5475431,CANDIDATE,0.917568975,11.92,1748.0,0.733,5713.0,0.893,2197.57,G,0,5293.00808149055
10027323,CONFIRMED,5.92365747,0.99,531.0,1.0,3883.0,0.496,18.87,K,1,68.6231440725083
10027323,CONFIRMED,105.3582299,1.87,204.0,0.738,3883.0,0.496,0.41,K,1,11.486525553330315
12019440,CONFIRMED,3.24325988,12.91,1243.0,0.998,5823.0,1.013,563.17,G,1,1497.4748184533396
5039228,CANDIDATE,7.79668781,2.44,1116.0,1.0,6521.0,1.276,366.42,F,0,46.340190707212635
10004738,CONFIRMED,56.4758069,3.22,417.0,0.986,5497.0,0.839,7.14,G,1,19.332171772830392
10004738,CONFIRMED,92.8747294,2.64,353.0,1.0,5497.0,0.839,3.68,G,1,7.093425781760608
7304449,CONFIRMED,1.538180949,1.0,602.0,0.999,3364.0,0.274,30.85,M,1,546.7497179358187
7386827,CONFIRMED,10.4188915,3.17,855.0,1.0,5692.0,1.064,126.48,G,1,64.30626521065125
7522911,CONFIRMED,20.4998763,2.8,731.0,1.0,6249.0,1.076,67.67,F,1,21.356226427571176
7626370,CONFIRMED,1.921437488,1.77,1276.0,1.0,5238.0,0.851,626.79,G,1,145.04765403015807
7703955,CONFIRMED,96.109323,4.01,409.0,0.998,5792.0,1.005,6.59,G,1,10.220652579146769
7512982,CONFIRMED,20.38174802,3.16,528.0,1.0,4883.0,0.808,18.36,K,1,78.35932415771275
7512982,CANDIDATE,7.00447892,1.19,754.0,0.977,4883.0,0.808,76.26,K,0,33.03600491098344
9597806,CONFIRMED,5.101375725,2.84,1050.0,1.0,5869.0,0.954,287.28,G,1,175.36446014275887
7812167,FALSE POSITIVE,17.7940049,48.03,762.0,0.0,6273.0,1.044,79.54,F,0,49.42113958842396
11760959,FALSE POSITIVE,3.47021401,2.4,933.0,0.133,4922.0,0.744,179.02,K,0,318.48179876375985
5283458,CANDIDATE,30.69395532,13.72,614.0,1.0,6137.0,1.018,33.69,F,0,158.22985175310407
9940565,FALSE POSITIVE,2.139325409,11.61,1007.0,0.0,4765.0,0.666,243.34,K,0,2270.2016156907152
8053552,CANDIDATE,29.481061268,16.61,571.0,0.0,5631.0,0.901,25.1,G,0,164.73965966997494
9663113,CONFIRMED,154.608014,5.8,264.0,0.0,6226.0,1.299,1.15,F,1,11.27625893959158
8111381,FALSE POSITIVE,2.233799622,28.63,1287.0,0.0,5741.0,0.846,650.73,G,0,1190.1246529980835
5444549,FALSE POSITIVE,31.13862664,12.88,582.0,0.0,5919.0,1.0,27.22,G,0,155.97026985644862
10004738,CONFIRMED,13.93068791,1.4,665.0,1.0,5497.0,0.839,46.19,G,1,13.387709293675506
5474613,CONFIRMED,20.4074846,2.9,660.0,0.9,5823.0,0.972,44.8,G,1,17.80719217105277
4860932,FALSE POSITIVE,12.36564669,24.89,804.0,0.0,6075.0,0.952,98.51,F,0,31.409598683916464
5438757,CONFIRMED,10.35078415,1.97,842.0,0.999,5534.0,1.08,119.01,G,1,26.384474455493308
5438757,CONFIRMED,62.9224936,2.75,462.0,0.838,5534.0,1.08,10.73,G,1,6.639914855504074
7750419,CANDIDATE,32.7737631,5.0,686.0,1.0,5640.0,1.534,52.22,G,0,17.224143540599403
5972334,CONFIRMED,38.6520796,2.07,487.0,0.0,5422.0,0.887,13.28,G,1,14.65639121782208
7815744,CONFIRMED,14.20442616,1.9,602.0,0.997,5350.0,0.678,31.1,G,1,56.36271335300461
7955580,CONFIRMED,55.673582,2.19,384.0,0.991,4998.0,0.808,5.16,K,1,13.742604167269135
8230616,CONFIRMED,6.82778157,1.34,577.0,1.0,4198.0,0.574,26.31,K,1,79.93811670808913
9692345,FALSE POSITIVE,0.687895191,1.35,1391.0,0.0,4478.0,0.651,888.72,K,0,672.3407955907633
7898352,CONFIRMED,127.2824442,12.04,392.0,1.0,5733.0,1.183,5.61,G,1,38.15687254063589
11402995,CONFIRMED,10.06083238,2.58,899.0,1.0,5705.0,1.14,154.16,G,1,45.74174209629362
7898352,CONFIRMED,30.1837021,3.65,634.0,1.0,5733.0,1.183,38.2,G,1,32.29888755097407
12062667,FALSE POSITIVE,2.92928244,38.42,2112.0,0.0,6634.0,2.251,3158.4199999999996,F,0,91.6948111019298
7984047,CANDIDATE,77.63424586,9.4,325.0,0.939,4812.0,0.755,2.65,K,0,62.55873224759886
7951018,CONFIRMED,52.75878505,8.76,540.0,0.331,6228.0,1.137,20.08,F,1,92.05481125839535
9899355,FALSE POSITIVE,1.332564478,27.04,1618.0,0.0,5995.0,0.878,1627.5,G,0,804.0886708973192
12644774,FALSE POSITIVE,41.0772969,3.25,523.0,0.0,5665.0,0.938,17.74,G,0,29.622202331429456
9902856,FALSE POSITIVE,135.9121619,40.18,370.0,0.0,6141.0,0.959,4.41,F,0,35.73410894290248
7747425,CONFIRMED,42.4729078,2.03,539.0,1.0,5616.0,1.111,19.93,G,1,7.863836438342467
9892816,CONFIRMED,15.17026921,2.47,905.0,0.998,6297.0,1.369,158.23,F,1,14.81845818871925
9892816,CONFIRMED,39.4576228,2.8,658.0,0.603,6297.0,1.369,44.26,F,1,6.204124390382686
9836149,CONFIRMED,17.8159689,3.12,699.0,1.0,5964.0,0.933,56.48,G,1,43.601333408254874
4813563,CONFIRMED,36.5157639,2.55,425.0,1.0,4847.0,0.781,7.71,K,1,23.58707330781049
2985767,CONFIRMED,14.07969236,2.08,931.0,1.0,5821.0,1.547,177.81,G,1,12.038615309631666
2304320,CONFIRMED,16.54081386,1.57,570.0,0.998,5064.0,0.769,24.87,K,1,22.368911417034713
3657758,CONFIRMED,3.609313059,3.26,1092.0,1.0,5668.0,0.868,336.16,G,1,380.98662474598046
9790806,CONFIRMED,1.93155546,2.25,1290.0,1.0,5461.0,0.858,655.43,G,1,261.3955490566137
6382217,CONFIRMED,8.41100305,1.8,472.0,0.978,3757.0,0.539,11.71,K,1,89.83470764524334
5375194,CONFIRMED,13.52252364,2.11,652.0,1.0,5338.0,0.816,42.82,G,1,51.07034887757091
6468138,CONFIRMED,134.2520474,3.43,393.0,0.987,5818.0,1.2,5.63,G,1,6.198043278407387
10019708,CONFIRMED,3.268695042,16.91,1597.0,0.999,5927.0,1.691,1539.0,G,1,1485.8223044962785
11875734,CONFIRMED,99.7468804,3.94,391.0,1.0,5620.0,0.974,5.55,G,1,12.902659159253266
7697568,FALSE POSITIVE,22.84156293,30.0,557.0,0.0,5381.0,0.826,22.78,G,0,128.7433792955428
7046804,CONFIRMED,11.720123999,7.94,660.0,0.998,5215.0,0.77,44.89,G,1,414.3898136584894
7449136,CONFIRMED,4.33643506,1.75,1453.0,1.0,6180.0,1.603,1054.56,F,1,25.020552250585297
8680979,CONFIRMED,15.95541913,2.18,573.0,1.0,4891.0,0.805,25.54,K,1,47.79567329360405
8680979,CONFIRMED,8.25980352,1.35,714.0,0.99,4891.0,0.805,61.43,K,1,36.12676733501767
9030537,CONFIRMED,62.5613879,3.54,417.0,1.0,5662.0,0.84,7.13,G,1,21.940050342137628
6949061,CONFIRMED,8.96847034,2.17,1024.0,1.0,5808.0,1.374,259.95,G,1,26.12485642674267
7269493,CONFIRMED,1.907810683,0.91,1268.0,1.0,5435.0,0.824,609.28,G,1,63.16140331624299
5513648,CANDIDATE,32.85862571,2.31,691.0,1.0,5899.0,1.414,53.85,G,0,4.954559007939715
9164836,FALSE POSITIVE,48.118812545,45.18,490.0,0.0,6003.0,0.872,13.6,F,0,100.93141836071051
7887791,CANDIDATE,2.229326354,0.6,1273.0,1.0,5587.0,0.865,621.53,G,0,22.024590483085458
11657891,CONFIRMED,2.514628496,1.27,1217.0,1.0,5662.0,0.84,517.89,G,1,90.82852610765929
6305192,CONFIRMED,8.025118521,7.79,1093.0,1.0,6002.0,1.369,336.73,F,1,388.8291483589418
6382217,CONFIRMED,5.79529495,1.05,534.0,1.0,3757.0,0.539,19.23,K,1,57.68472577914262
9634821,CONFIRMED,73.7578875,4.28,375.0,0.979,5029.0,0.93,4.66,K,1,24.90445513369672
9634821,CANDIDATE,8.56267266,2.26,768.0,1.0,5029.0,0.93,82.22,K,0,71.01754605670048
8950568,CONFIRMED,8.30537702,1.69,809.0,1.0,5435.0,0.873,101.43,G,1,44.01967534039773
3326377,CONFIRMED,13.22714056,2.22,638.0,1.0,5180.0,0.8,39.1,K,1,61.38892955107449
11601584,CONFIRMED,51.8098276,2.6,410.0,1.0,5191.0,0.826,6.71,K,1,19.79161189102278
11601584,CONFIRMED,4.38536428,1.15,935.0,0.95,5191.0,0.826,180.22,K,1,45.264198667664616
11601584,CONFIRMED,34.205785079,1.1,471.0,0.85,5191.0,0.826,11.67,K,1,5.355819186049677
11601584,CONFIRMED,13.97945055,1.97,635.0,0.98,5191.0,0.826,38.44,K,1,25.473104162881427
8689793,CONFIRMED,3.554856338,1.29,1157.0,1.0,6068.0,0.831,425.04,F,1,65.51600904666432
11673802,CONFIRMED,5.28790754,7.1,1661.0,1.0,4994.0,2.747,1802.31,K,1,65.03517646603935
4263293,CONFIRMED,8.45746636,1.87,540.0,1.0,4347.0,0.524,20.08,K,1,156.11058250783276
4263293,CONFIRMED,17.28116957,2.04,425.0,1.0,4347.0,0.524,7.75,K,1,90.43369395049574
4263293,CONFIRMED,32.1340014,1.84,346.0,0.243,4347.0,0.524,3.39,K,1,39.273042416684525
5695524,CONFIRMED,59.7711433,3.17,522.0,0.938,6214.0,1.122,17.53,F,1,9.611661552406678
6205897,CONFIRMED,4.417692516,1.57,790.0,1.0,4766.0,0.664,92.16,K,1,63.20041491995954
7948784,CONFIRMED,10.08744556,3.15,942.0,1.0,6310.0,1.095,186.14,F,1,56.31752822069257
9244756,CONFIRMED,16.34355902,3.26,730.0,1.0,5730.0,1.056,67.34,G,1,50.74782053193209
9650808,CONFIRMED,21.96401646,2.57,643.0,1.0,5774.0,0.958,40.41,G,1,31.56981790023663
9650808,CONFIRMED,125.602323,2.89,360.0,0.899,5774.0,0.958,3.95,G,1,7.370086618541284
8950568,CONFIRMED,12.51353325,1.88,706.0,1.0,5435.0,0.873,58.69,G,1,34.42672755914082
8950568,CONFIRMED,17.9134215,1.39,626.0,0.889,5435.0,0.873,36.38,G,1,11.041999988667717
8950568,CONFIRMED,25.2149143,1.19,559.0,0.998,5435.0,0.873,23.05,G,1,6.904643733014789
8804845,CONFIRMED,5.42586901,1.48,973.0,0.951,5594.0,0.934,211.66,G,1,47.73428911067648
10480915,CONFIRMED,19.58561177,3.09,666.0,1.0,5618.0,0.996,46.51,G,1,27.20874927257889
11709244,CONFIRMED,4.544436472,3.0,1017.0,1.0,5445.0,0.937,253.48,G,1,193.4893369987019
11709244,CONFIRMED,12.76220558,3.18,721.0,0.974,5445.0,0.937,63.86,G,1,51.229389457930985
11709244,CONFIRMED,38.7149617,2.62,498.0,0.999,5445.0,0.937,14.55,G,1,17.94655010597621
10019708,FALSE POSITIVE,8.78458274,2.6,1149.0,0.0,5927.0,1.691,411.55,G,0,23.99658654703502
11853878,CONFIRMED,3.69298623,1.74,745.0,1.0,4402.0,0.572,72.66,K,1,206.68909994825515
5728139,CONFIRMED,5.334082429,13.08,1495.0,1.0,6332.0,1.905,1180.64,F,1,876.7206098231819
7668663,CONFIRMED,6.4980147,1.87,1026.0,1.0,5727.0,1.104,262.18,G,1,29.378203776608878
7047922,CONFIRMED,19.76169247,2.81,791.0,0.975,6327.0,1.175,92.38,F,1,19.861659146646968
9353314,CONFIRMED,5.18498961,1.15,652.0,1.0,4325.0,0.56,42.62,K,1,82.95098589406817
3629967,CONFIRMED,85.6542476,3.56,522.0,0.956,5818.0,1.647,17.51,G,1,5.557225862550219
9347009,CONFIRMED,19.32945602,2.26,529.0,1.0,5026.0,0.763,18.57,K,1,48.39763721400371
11253711,CANDIDATE,17.79108667,2.88,830.0,0.991,5855.0,1.34,112.09,G,0,23.281321016688636
4917596,CONFIRMED,3.290114076,1.49,802.0,1.0,4484.0,0.594,97.96,K,1,196.1330169999856
4743513,FALSE POSITIVE,2.086075752,10.3,1845.0,0.0,6131.0,1.417,2747.42,F,0,1753.43584550711
11046458,CONFIRMED,3.311864148,9.06,1116.0,1.0,5461.0,0.937,365.94,G,1,1466.455078760676
9111849,CANDIDATE,63.0732241,17.8,1077.0,0.994,6234.0,2.747,317.78,F,0,10.643185116646034
7132798,CONFIRMED,2.422084188,3.55,1213.0,1.0,5598.0,0.83,511.66,G,1,772.8055074524932
3448130,CONFIRMED,78.5461106,3.55,501.0,0.983,5808.0,1.397,14.85,G,1,8.38615680608888
9656252,CONFIRMED,16.92342126,3.4,702.0,1.0,5786.0,0.99,57.37,G,1,66.49364704167388
6026438,CONFIRMED,5.47665801,2.01,741.0,1.0,4650.0,0.706,71.0,K,1,118.3203330967164
9471268,CONFIRMED,4.580346161,1.38,889.0,1.0,5103.0,0.789,147.56,K,1,67.3093231741006
9471268,CONFIRMED,2.248288213,1.25,1127.0,1.0,5103.0,0.789,380.75,K,1,117.0668415544462
9471268,CONFIRMED,6.76690759,1.31,781.0,1.0,5103.0,0.789,87.79,K,1,36.841052827204344
10657406,CONFIRMED,34.1732156,2.37,465.0,1.0,5201.0,0.834,11.09,G,1,18.581804165950366
5526527,CONFIRMED,16.7364755,2.73,464.0,1.0,4334.0,0.653,10.99,K,1,68.53294769260111
5809954,FALSE POSITIVE,137.8645881,15.9,170.0,0.0,3645.0,0.449,0.2,M,0,17.140006963107883
8766650,CONFIRMED,12.43929428,1.3,627.0,0.984,4987.0,0.773,36.57,K,1,20.443281931907155
10328393,CONFIRMED,7.62635494,1.21,703.0,1.0,4955.0,0.721,57.89,K,1,38.82588763958054
11773328,CANDIDATE,8.710442022,3.61,760.0,1.0,5416.0,0.809,78.75,G,0,137.3523865928098
7094486,CONFIRMED,11.35010642,1.75,403.0,1.0,3597.0,0.514,6.25,M,1,107.57608385490363
7289577,CONFIRMED,109.4450597,3.04,340.0,1.0,5403.0,0.868,3.14,G,1,11.600340878611627
8543100,CONFIRMED,7.56052209,2.4,914.0,0.998,5895.0,0.94,164.9,G,1,87.26910551226231
2693736,CONFIRMED,12.12401737,2.37,675.0,1.0,5094.0,0.87,48.98,K,1,65.0279503847329
9412760,CONFIRMED,9.38740646,1.69,575.0,1.0,4500.0,0.646,25.83,K,1,40.96978240356283
9412760,CONFIRMED,7.41556471,0.79,622.0,1.0,4500.0,0.646,35.37,K,1,20.281665103290564
6026438,CONFIRMED,24.2101973,1.5,451.0,0.4,4650.0,0.706,9.8,K,1,18.917648391076927
10663396,CONFIRMED,23.8990075,3.26,823.0,1.0,5511.0,1.93,108.3,G,1,12.276660442907513
11457726,CONFIRMED,6.22161107,1.59,1101.0,1.0,6277.0,1.097,348.15,F,1,26.52046200631439
8956206,CONFIRMED,6.17998508,2.12,814.0,1.0,5149.0,0.791,104.06,K,1,121.44042263610126
9649706,CONFIRMED,1.569066598,1.68,1849.0,1.0,5821.0,1.395,2763.39,G,1,93.81373626054334
5856571,CONFIRMED,9.59068586,3.93,1087.0,1.0,5476.0,1.673,329.34,G,1,56.784260057080004
7765528,CONFIRMED,7.03932913,4.67,1060.0,1.0,5846.0,1.24,298.33,G,1,118.86075853935816
11760231,CONFIRMED,49.6075771,2.12,402.0,0.978,5187.0,0.774,6.17,K,1,12.633150753093322
7779077,CONFIRMED,16.84183355,3.08,699.0,1.0,5602.0,1.009,56.43,G,1,48.81297499820024
6046540,CONFIRMED,7.340714946,14.31,1155.0,0.998,6056.0,1.498,421.03,F,1,661.611305673495
5706966,CONFIRMED,12.55111099,1.34,480.0,1.0,4213.0,0.598,12.56,K,1,39.36703295777325
3762468,CONFIRMED,3.003879547,10.96,1438.0,1.0,6311.0,1.172,1011.87,F,1,1616.8091709437642
5706966,CONFIRMED,24.0884178,1.16,386.0,1.0,4213.0,0.598,5.26,K,1,16.07411508779128
10130039,CONFIRMED,12.75800092,1.49,822.0,0.999,5782.0,1.095,107.96,G,1,14.728012733204913
10130039,CONFIRMED,5.47033376,1.15,1090.0,1.0,5782.0,1.095,334.27,G,1,20.474070671695177
9518318,CONFIRMED,6.51112385,3.09,1008.0,1.0,6032.0,1.001,243.67,F,1,106.7557638302334
9518318,CONFIRMED,23.85163321,3.37,654.0,1.0,6032.0,1.001,43.19,F,1,34.95358127721268
7273277,CONFIRMED,2.714078374,1.38,1301.0,0.998,5815.0,0.992,675.86,G,1,52.87245990192618
11769890,CONFIRMED,122.8799543,2.7,326.0,1.0,5413.0,0.861,2.66,G,1,5.840659724268795
6862721,CONFIRMED,4.88753111,2.45,1003.0,1.0,5568.0,0.957,239.11,G,1,139.04770828149265
12301181,CONFIRMED,6.14728341,0.79,770.0,0.994,4997.0,0.746,83.18,K,1,19.472015850982213
9279354,CONFIRMED,2.800111267,2.13,956.0,1.0,4786.0,0.704,197.81,K,1,252.38282789996003
6774880,CONFIRMED,34.3511339,2.75,576.0,1.0,6091.0,0.967,26.1,F,1,17.449205657807994
3937519,CONFIRMED,3.413036353,6.62,1200.0,1.0,5392.0,1.087,490.24,G,1,1133.506824971108
7449541,CONFIRMED,3.00725068,1.56,1122.0,1.0,5667.0,0.781,373.99,G,1,95.0369724415525
5080636,CONFIRMED,4.194496867,1.57,577.0,1.0,3706.0,0.522,26.2,K,1,157.5159121462279
5080636,CANDIDATE,6.35585682,0.86,503.0,0.974,3706.0,0.522,15.1,K,0,27.78539621035705
3338885,CONFIRMED,1.970340203,3.97,1599.0,1.0,4883.0,1.667,1540.07,K,1,204.63471200866525
3338885,CONFIRMED,5.05821338,10.69,1168.0,1.0,4883.0,1.667,439.8,K,1,147.9376103346593
6776401,CONFIRMED,26.85323647,2.65,544.0,1.0,5329.0,0.869,20.77,G,1,35.96586955464292
10130039,CONFIRMED,25.0985083,1.59,656.0,0.987,5782.0,1.095,43.84,G,1,6.677687693495314
8226050,CONFIRMED,34.2685741,2.44,477.0,0.995,5083.0,0.872,12.2,K,1,20.406451635815216
9965957,CONFIRMED,5.75321539,3.14,920.0,1.0,5445.0,0.929,169.44,G,1,127.54606776507283
9704384,CONFIRMED,5.50860699,1.49,934.0,1.0,5448.0,0.883,179.62,G,1,37.01480253903537
8426567,CONFIRMED,18.93055119,4.41,766.0,1.0,5015.0,1.643,81.42,K,1,36.13206996113883
12508335,FALSE POSITIVE,42.94386258,41.62,520.0,0.0,5750.0,0.94,17.26,G,0,113.09415847148045
10094670,CONFIRMED,22.06402,2.67,712.0,0.991,6232.0,1.09,60.81,F,1,17.616916590902292
8142942,CONFIRMED,5.756245244,2.24,773.0,1.0,4931.0,0.734,84.16,K,1,108.33450861913973
8257205,CONFIRMED,148.4601819,3.61,285.0,0.993,5159.0,0.821,1.56,K,1,10.319938857625768
9044228,CONFIRMED,0.934885365,3.21,2080.0,1.0,4777.0,1.795,3158.4199999999996,K,1,289.233322205231
7265298,CONFIRMED,25.7626846,2.66,633.0,0.862,5739.0,1.069,37.99,G,1,24.046407027006804
7265298,CONFIRMED,11.0317836,1.45,840.0,0.995,5739.0,1.069,117.67,G,1,16.52497969593965
7132798,CONFIRMED,4.12511935,0.88,1016.0,1.0,5598.0,0.83,252.18,G,1,27.805256107317234
3248501,CANDIDATE,4.22464216,4.31,1279.0,1.0,6343.0,1.14,631.55,F,0,233.629254885815
2307415,CONFIRMED,13.12162167,1.99,913.0,0.978,6140.0,1.277,164.48,F,1,15.005767194932394
7430034,CONFIRMED,49.6220669,3.33,546.0,0.999,5938.0,1.184,20.99,G,1,10.187000090477891
9735426,CONFIRMED,8.08801663,2.94,792.0,1.0,5269.0,0.874,92.93,G,1,117.81627605283497
8826168,CONFIRMED,11.55103848,2.17,845.0,1.0,5907.0,1.058,120.76,G,1,34.87132353488619
10464050,CONFIRMED,4.469754641,2.26,1103.0,1.0,5988.0,0.934,350.69,G,1,123.92179090082632
9763348,CONFIRMED,15.77382794,2.72,955.0,1.0,6283.0,1.531,196.14,F,1,19.8810333923295
9101496,CONFIRMED,6.56226483,3.07,1290.0,1.0,5878.0,1.812,654.67,G,1,39.742376566049074
6037581,CONFIRMED,20.67876365,2.42,749.0,1.0,5865.0,1.272,74.36,G,1,15.66341225627384
10723750,CONFIRMED,50.79034648,10.6,612.0,0.993,6163.0,1.406,33.12,F,1,95.62250184515773
6037581,CONFIRMED,9.59993246,2.08,967.0,1.0,5865.0,1.272,206.91,G,1,28.250198751919136
6037581,CONFIRMED,2.0248205,1.01,1625.0,0.933,5865.0,1.272,1652.5,G,1,31.262030387384954
10779233,CONFIRMED,154.608014,2.28,300.0,0.861,5646.0,0.954,1.92,G,1,3.782468869951334
11614617,CONFIRMED,24.7577652,2.44,644.0,1.0,6106.0,0.966,40.74,F,1,18.527520408021317
11450414,CONFIRMED,12.7983174,2.88,908.0,1.0,5592.0,1.451,160.33,G,1,26.30033226086423
4736569,CONFIRMED,10.13200555,1.67,574.0,1.0,4777.0,0.561,25.66,K,1,89.97231550075493
10384798,CONFIRMED,38.505224,2.45,532.0,1.0,5974.0,0.881,18.98,G,1,18.05469304632535
2307415,CONFIRMED,4.6126736,1.6,1294.0,0.983,6140.0,1.277,663.8,F,1,28.876961942418816
3128552,CONFIRMED,8.67890312,2.56,905.0,0.999,5509.0,1.116,158.43,G,1,62.288977365609774
10134152,CONFIRMED,39.3135699,2.07,540.0,1.0,6060.0,0.925,20.04,F,1,12.720798474218443
9573685,CONFIRMED,5.94565516,1.12,568.0,1.0,3974.0,0.564,24.71,K,1,67.47784545244295
10329835,CONFIRMED,1.52373073,1.26,818.0,1.0,3746.0,0.51,105.95,K,1,239.34675124652765
6849046,CONFIRMED,4.225384543,9.0,1111.0,0.998,5574.0,1.054,360.46,G,1,1149.4101780738208
8804397,CONFIRMED,60.0853848,2.4,485.0,0.997,6028.0,1.047,13.07,F,1,7.19309698088178
9662811,CONFIRMED,43.0343364,2.5,484.0,0.99,5550.0,0.911,13.01,G,1,12.585299212374983
11570749,CANDIDATE,46.2991052,4.33,592.0,0.999,5396.0,1.507,29.04,G,0,18.464719702617494
11297236,CONFIRMED,88.6440015,2.51,391.0,0.862,5661.0,0.934,5.51,G,1,7.056315028829108
10074466,CONFIRMED,35.01190875,2.97,603.0,0.999,5872.0,1.153,31.35,G,1,12.472898953274004
8218379,CONFIRMED,16.57099265,2.03,614.0,1.0,5483.0,0.779,33.53,G,1,38.917403056116854
7755636,CONFIRMED,16.00496657,3.71,1040.0,1.0,6384.0,1.904,276.53,F,1,23.586428521980974
9411166,CONFIRMED,1.954525966,2.38,1540.0,1.0,5741.0,1.136,1331.18,G,1,200.96944570343967
9411166,CANDIDATE,15.09521323,2.39,878.0,0.0,5706.8232800782525,1.0,141.3,G,0,27.883011229249124
4989057,CONFIRMED,7.23400381,1.78,831.0,1.0,5411.0,0.85,112.48,G,1,62.662394423040816
9834040,CONFIRMED,6.77408984,2.5,1058.0,1.0,6246.0,1.092,295.82,F,1,76.80736634576431
6152974,CONFIRMED,20.172024672,6.24,564.0,1.0,5064.0,0.864,24.0,K,1,240.76413146278745
8802693,CONFIRMED,26.41044199,2.45,512.0,1.0,5448.0,0.734,16.27,G,1,37.526823684937504
6061773,CONFIRMED,8.27745764,2.46,1088.0,1.0,5129.0,1.781,331.35,K,1,23.82374015990736
10024701,CONFIRMED,14.37504582,2.05,786.0,1.0,5931.0,1.053,90.16,G,1,17.467770408818076
2579043,CANDIDATE,6.31219171,2.17,1096.0,1.0,6322.0,1.075,342.04,F,0,63.95559871232111
3239671,CONFIRMED,147.97391,3.33,329.0,0.997,5578.0,0.95,2.78,G,1,8.562996003822565
9304101,CONFIRMED,13.24503482,1.77,887.0,0.975,5636.0,1.39,146.31,G,1,11.785548480724945
11360571,CONFIRMED,77.2550726,3.7,548.0,0.937,6564.0,1.356,21.37,F,1,7.630566902088446
6035124,CONFIRMED,3.85690686,0.93,972.0,0.9,5272.0,0.813,210.44,G,1,33.13536070196935
8160953,CONFIRMED,116.3311739,3.26,323.0,1.0,5354.0,0.835,2.59,G,1,13.636069737967288
8160953,CANDIDATE,86.049055,2.06,410.0,0.0,5733.0,0.997,6.68,G,0,4.995987463197591
4157325,CONFIRMED,6.31943553,2.71,986.0,1.0,5670.0,1.022,223.15,G,1,91.95441542861978
4157325,CONFIRMED,12.20951755,2.61,791.0,1.0,5670.0,1.022,92.68,G,1,44.07217548084036
4157325,CONFIRMED,3.07644709,1.61,1253.0,1.0,5670.0,1.022,583.25,G,1,70.43839652057855
5108214,FALSE POSITIVE,2.11913005,1.35,2090.0,0.999,5799.0,2.377,3158.4199999999996,G,0,13.543293390606207
9955598,CONFIRMED,68.958447,1.11,402.0,0.999,5455.0,0.888,6.17,G,1,1.7880333064925313
10723750,CONFIRMED,18.79591276,7.39,852.0,1.0,6163.0,1.406,124.64,F,1,129.3579104694674
7219761,FALSE POSITIVE,47.76397728,2.39,878.0,0.0,5706.8232800782525,1.0,141.3,G,0,8.812080232192924
5770074,CONFIRMED,63.0380366,2.59,465.0,0.986,5798.0,1.019,11.1,G,1,10.449246764769956
10136549,CONFIRMED,9.69315023,1.89,1017.0,1.0,5683.0,1.472,253.08,G,1,14.628887063065772
9851271,FALSE POSITIVE,8.48031229,2.58,952.0,0.0,5910.0,1.078,193.86,G,0,41.401777197995145
12154526,CONFIRMED,56.1886436,2.56,503.0,0.999,5700.0,1.176,15.13,G,1,6.161387387539642
6665512,CONFIRMED,6.92101452,1.48,619.0,1.0,4461.0,0.585,34.85,K,1,76.53502220943182
10525027,CONFIRMED,3.27344784,0.81,625.0,1.0,3758.0,0.496,36.05,K,1,80.19067748456929
11069176,CONFIRMED,15.3789014,2.94,1039.0,0.999,5817.0,2.153,275.53,G,1,12.035970267681149
10005758,CONFIRMED,134.4785189,10.52,412.0,0.999,5791.0,1.336,6.81,G,1,29.993637890965793
10158418,CANDIDATE,5.007414194,8.8,1114.0,0.999,5957.0,1.042,363.75,G,0,881.4729177564016
3128793,FALSE POSITIVE,24.68662378,48.03,1149.0,0.0,4648.0,2.747,412.55,K,0,196.73407118290032
5864975,CONFIRMED,98.7179332,6.99,360.0,1.0,5808.0,0.786,3.97,G,1,49.19774799337067
2975770,CONFIRMED,71.52543938,5.76,340.0,0.933,4855.0,0.778,3.15,K,1,67.90171499957307
3648437,CANDIDATE,17.50441726,3.56,824.0,1.0,5815.0,1.329,108.78,G,0,41.44096825534653
7877496,CONFIRMED,1.72086129,13.25,1647.0,1.0,5742.0,1.215,1743.61,G,1,2822.2495492358944
7286173,CONFIRMED,56.4349933,2.37,465.0,0.359,5534.0,1.001,11.04,G,1,10.27731139998204
11126381,CONFIRMED,33.7888028,2.71,611.0,1.0,6202.0,1.062,33.01,F,1,19.213465592216842
4149450,CONFIRMED,3.215109385,1.54,1155.0,1.0,5541.0,0.934,421.21,G,1,49.14296251852097
10136549,CONFIRMED,3.29276797,1.39,1458.0,0.998,5683.0,1.472,1068.95,G,1,24.50825589147115
5511081,CONFIRMED,13.72710334,2.38,1005.0,0.999,5951.0,1.693,241.58,G,1,14.511437341594311
5511081,CONFIRMED,24.3110031,2.3,831.0,0.998,5951.0,1.693,112.64,G,1,7.585042840128633
5511081,CONFIRMED,44.4304059,2.61,680.0,0.896,5951.0,1.693,50.42,G,1,5.367945558201619
5511081,CONFIRMED,9.34145925,1.56,1143.0,0.996,5951.0,1.693,403.44,G,1,8.745956901754937
10978763,CONFIRMED,4.97760447,1.75,1023.0,1.0,5353.0,1.023,258.91,G,1,57.71852740239925
11069176,CONFIRMED,21.1285655,2.88,935.0,0.974,5817.0,2.153,180.55,G,1,8.363085510940152
8098728,FALSE POSITIVE,24.4851178,7.14,1179.0,0.0,6655.0,2.747,456.64,F,0,10.773891396185155
6152974,CONFIRMED,7.51854537,1.42,784.0,0.992,5064.0,0.864,89.41,K,1,38.13237613009177
2449431,CANDIDATE,86.7490807,2.23,398.0,0.936,5579.0,0.97,5.94,G,0,6.306695074867808
5631630,CONFIRMED,25.96190067,3.25,850.0,0.879,6369.0,1.729,123.11,F,1,13.492848788408836
6504954,CONFIRMED,130.3543929,7.7,369.0,0.999,5970.0,1.015,4.36,G,1,37.25766268364862
9410930,CONFIRMED,1.855557556,10.05,1436.0,1.0,5657.0,0.947,1004.89,G,1,2617.380411777429
5731623,CANDIDATE,3.261759866,8.01,1262.0,1.0,6131.0,0.945,599.54,F,0,1188.3462177592446
6153672,FALSE POSITIVE,3.364425589,48.03,1106.0,0.003,5813.0,0.775,352.97,G,0,1439.4730606716948
10676014,CONFIRMED,16.78175788,2.25,545.0,1.0,4925.0,0.742,20.82,K,1,54.10636993411324
9520838,CONFIRMED,105.3035093,3.18,351.0,1.0,5534.0,0.875,3.58,G,1,12.935941157660926
8167996,CONFIRMED,2.549562652,1.11,682.0,1.0,3716.0,0.506,50.9,K,1,194.19016811044816
8167996,CONFIRMED,13.96950181,2.04,387.0,1.0,3716.0,0.506,5.29,K,1,79.45881070758098
8167996,CONFIRMED,5.21230171,1.04,537.0,1.0,3716.0,0.506,19.7,K,1,82.49714309036035
6773862,CONFIRMED,17.76076524,1.93,368.0,1.0,3826.0,0.516,4.34,K,1,72.47435471423415
10978763,CONFIRMED,10.55840479,1.41,796.0,0.982,5353.0,1.023,94.94,G,1,18.392929979719028
10602291,CANDIDATE,20.92735802,17.36,735.0,0.0,6126.0,1.109,69.08,F,0,232.0742061830507
10978763,CONFIRMED,6.98800953,1.39,914.0,0.967,5353.0,1.023,164.86,G,1,27.647357830663974
5202905,CONFIRMED,22.8245144,3.36,946.0,0.944,6642.0,1.846,189.46,F,1,14.138307363069243
9072190,CONFIRMED,49.1011093,3.28,498.0,0.999,5393.0,1.11,14.57,G,1,17.221606844633957
5384079,CONFIRMED,7.05675145,1.68,1196.0,0.989,6388.0,1.402,483.95,F,1,18.422074366810808
9839821,CONFIRMED,34.8536903,2.4,522.0,0.996,5818.0,0.848,17.62,G,1,22.026362011944546
4056616,CONFIRMED,2.41434868,0.97,953.0,1.0,4507.0,0.724,195.08,K,1,79.11036279979245
6707908,FALSE POSITIVE,2.466070972,24.3,1260.0,0.998,5708.0,0.884,595.8,G,0,285.677098509718
8492026,CONFIRMED,4.30656389,1.95,1177.0,1.0,6108.0,1.03,453.2,F,1,59.6763467498447
6867766,FALSE POSITIVE,12.964717746,39.93,834.0,0.0,6210.0,1.033,114.24,F,0,287.9275949645499
6058614,FALSE POSITIVE,1.731079436,48.03,1541.0,0.46,6045.0,0.955,1332.5,F,0,2805.5904882229797
11017901,CONFIRMED,7.794302043,16.51,882.0,1.0,5494.0,0.982,142.82,G,1,434.599529414208
5088591,CONFIRMED,14.5324483,3.11,664.0,1.0,5345.0,0.86,46.06,G,1,93.30155332463836
11298298,CONFIRMED,5.248667607,2.84,1056.0,1.0,5807.0,1.012,293.42,G,1,114.54335557431692
10187159,CONFIRMED,7.96431492,2.44,805.0,1.0,5185.0,0.91,99.42,K,1,93.6678179471085
9758089,CONFIRMED,92.7297248,2.81,276.0,0.998,4580.0,0.675,1.38,K,1,13.560915906007304
10619192,CONFIRMED,1.485710994,14.48,1562.0,1.0,5624.0,1.018,1404.81,G,1,3268.939934895575
9883311,CANDIDATE,30.5231459,11.26,506.0,1.0,5518.0,0.79,15.46,G,0,72.4794229024735
4939346,CONFIRMED,71.3116598,4.94,475.0,0.989,6194.0,1.069,12.01,F,1,29.981071903195275
4242147,CANDIDATE,28.78270955,2.11,443.0,1.0,4774.0,0.745,9.09,K,0,30.03539324531731
5396122,FALSE POSITIVE,15.44428875,37.58,731.0,0.0,5895.0,0.991,67.39,G,0,232.84982935844164
10190777,CONFIRMED,1.411230023,1.71,1164.0,0.972,4575.0,0.737,436.04,K,1,275.07918175859277
9651234,CONFIRMED,96.9151707,2.37,325.0,1.0,5162.0,0.791,2.64,K,1,8.902630968589936
7045496,CONFIRMED,13.47472742,1.96,634.0,1.0,5395.0,0.734,38.21,G,1,54.145807722765795
8750043,CONFIRMED,2.29503515,1.18,1304.0,1.0,5637.0,0.909,681.51,G,1,74.98795824543254
9973109,CONFIRMED,27.495634,2.11,590.0,1.0,5657.0,0.911,28.66,G,1,17.577336096341696
6226290,CONFIRMED,14.08826442,2.66,724.0,1.0,5853.0,0.895,64.97,G,1,63.130558419771624
9595827,CONFIRMED,3.905081685,12.78,1046.0,0.999,5543.0,0.887,282.59,G,1,1243.6871727050698
9349482,CONFIRMED,110.9643706,2.11,239.0,0.996,4441.0,0.546,0.77,K,1,11.56407226086677
4349442,CANDIDATE,4.539297295,2.34,830.0,1.0,4914.0,0.724,112.09,K,0,175.82016513417196
4644952,CONFIRMED,6.94135824,2.96,876.0,1.0,5527.0,0.88,139.05,G,1,118.8528197904968
2987027,CONFIRMED,17.276296682,7.31,538.0,0.99,4941.0,0.738,19.88,K,1,281.1192751198899
4644952,CONFIRMED,31.7821117,2.08,528.0,1.0,5527.0,0.88,18.32,G,1,17.94090982318208
4644952,CONFIRMED,4.36273233,1.76,1023.0,1.0,5527.0,0.88,258.7,G,1,78.29955499470215
8978528,CONFIRMED,18.6848377,1.93,402.0,1.0,4156.0,0.545,6.16,K,1,66.97944183909074
8978528,CONFIRMED,7.41634701,1.24,547.0,1.0,4156.0,0.545,21.1,K,1,68.16024106185938
9967771,CONFIRMED,9.91724268,2.85,903.0,1.0,5539.0,1.207,157.41,G,1,46.17210799161365
11622600,CONFIRMED,82.5341188,2.45,260.0,0.854,4316.0,0.58,1.08,K,1,22.96504800145755
10454632,CONFIRMED,20.16037858,1.75,510.0,1.0,4975.0,0.724,16.03,K,1,17.043330740865482
10005788,CONFIRMED,10.99470891,1.71,512.0,1.0,4302.0,0.586,16.24,K,1,80.46597752081824
10005788,CANDIDATE,6.73679732,2.39,878.0,0.0,5706.8232800782525,1.0,141.3,G,0,62.47775909042785
10656508,CANDIDATE,124.03589939,11.13,413.0,0.998,5822.0,1.28,6.88,G,0,39.1555994988944
5213902,FALSE POSITIVE,1.194812329,1.36,1806.0,0.0,6198.0,0.97,2521.46,F,0,158.60231385342527
2832589,CONFIRMED,10.84969477,2.67,676.0,1.0,5251.0,0.778,49.3,G,1,103.42226429287835
2438513,CONFIRMED,12.18420006,2.59,819.0,1.0,5771.0,1.068,106.52,G,1,40.979300860232264
6356207,CONFIRMED,3.76417012,1.7,908.0,1.0,5063.0,0.728,160.99,K,1,148.34611141326417
8564674,CONFIRMED,5.92972237,1.92,972.0,1.0,5741.0,0.956,210.95,G,1,69.4973515260884
8564674,CONFIRMED,12.2476121,1.9,763.0,1.0,5741.0,0.956,80.29,G,1,32.87987868263725
8578780,CONFIRMED,13.59051547,2.4,724.0,0.999,5442.0,0.974,64.8,G,1,45.75985372834427
4544907,CONFIRMED,46.8776724,2.62,484.0,0.99,5504.0,0.993,13.01,G,1,11.515076844984307
7761918,CONFIRMED,89.1935737,3.81,483.0,0.972,6071.0,1.295,12.83,F,1,9.735006278821183
8240797,CONFIRMED,13.09390911,2.2,752.0,0.371,5772.0,0.956,75.58,G,1,30.44927199742873
8240797,CONFIRMED,4.915385452,1.46,1042.0,0.404,5772.0,0.956,279.43,G,1,45.87636151875888
8164262,FALSE POSITIVE,87.455958,48.03,728.0,0.0,7700.0,2.111,66.26,A,0,18.35095100095982
6279974,FALSE POSITIVE,0.805259257,48.03,2723.0,0.0,5872.0,2.022,3158.4199999999996,G,0,1719.0736870970238
9455325,CONFIRMED,9.76785911,2.54,749.0,1.0,5371.0,0.852,74.48,G,1,59.931249356441626
3098810,CONFIRMED,40.80957343,3.44,623.0,1.0,6183.0,1.3,35.68,F,1,10.686218045087761
8367644,CONFIRMED,22.08551599,3.34,352.0,1.0,3828.0,0.565,3.63,K,1,142.96247375110568
10332883,CONFIRMED,1.151166776,1.28,957.0,1.0,3951.0,0.535,199.25,K,1,502.44674538800274
9071386,FALSE POSITIVE,4.693305543,17.85,1389.0,0.269,6365.0,1.47,881.73,F,0,1034.8143660162293
9305831,CONFIRMED,3.246732048,12.4,1459.0,1.0,5763.0,1.457,1072.7,G,1,1495.8733668803209
2438513,FALSE POSITIVE,8.3606759,1.49,929.0,0.0,5771.0,1.068,176.04,G,0,23.29955165466945
11656918,CONFIRMED,62.1385979,5.14,524.0,0.992,5123.0,1.621,17.88,K,1,14.263276448984698
11656918,CANDIDATE,17.1181036,1.22,654.0,0.0,5576.0,0.929,43.25,G,0,9.796645932204779
10844890,CANDIDATE,8.29482811,2.76,876.0,1.0,5773.0,0.939,139.38,G,0,67.45166898943732
9536692,FALSE POSITIVE,26.635216,27.64,536.0,0.0,5215.0,0.882,19.45,G,0,56.04610077124961
4636578,CONFIRMED,17.84850835,3.29,888.0,1.0,6188.0,1.465,146.82,F,1,21.91779796545295
4636578,CONFIRMED,26.1363443,2.8,782.0,0.998,6188.0,1.465,88.29,F,1,13.858097209103569
4636578,CONFIRMED,11.1895709,1.81,1037.0,0.996,6188.0,1.465,273.37,F,1,12.80656794444191
11923284,CONFIRMED,2.757977384,1.69,1332.0,1.0,5919.0,1.0,744.97,G,1,76.5053409154424
9838975,FALSE POSITIVE,18.692860599,14.81,528.0,0.0,5190.0,0.66,18.4,K,0,259.81577160318716
5621125,CONFIRMED,14.80075082,17.38,1912.0,1.0,6327.0,2.747,3158.09,F,1,33.87665977880438
9872283,CONFIRMED,3.126861192,5.12,1391.0,1.0,4854.0,1.749,886.72,K,1,254.12065045706706
10666242,FALSE POSITIVE,87.24250316,15.86,390.0,0.0,5671.0,0.955,5.49,G,0,55.66896666287721
8624520,CANDIDATE,10.240611361,3.9,656.0,1.0,5227.0,0.64,43.85,G,0,288.84994222758496
7870032,CONFIRMED,16.87725775,2.54,642.0,1.0,5497.0,0.872,40.09,G,1,48.49129000237021
9597058,CONFIRMED,12.05705659,1.96,689.0,1.0,5365.0,0.834,53.26,G,1,43.45173269191731
4035640,CONFIRMED,28.26727385,2.93,517.0,1.0,5132.0,0.886,16.84,K,1,41.04392967488091
6205228,CONFIRMED,3.770590654,2.13,1272.0,1.0,5714.0,1.208,619.65,G,1,83.3821618017515
11758544,CONFIRMED,2.7073064,1.36,1709.0,0.999,6045.0,1.629,2012.12,F,1,25.671272376115244
4851530,CANDIDATE,23.11707222,4.37,548.0,0.011,5275.0,0.796,21.26,G,0,104.1438109933802
4851530,CANDIDATE,4.77502117,1.73,926.0,0.989,5275.0,0.796,174.23,G,0,94.53361229810004
3118797,CONFIRMED,66.4159789,3.44,376.0,0.894,5383.0,0.759,4.71,G,1,30.914247354411874
7747425,CONFIRMED,8.0103929,1.88,940.0,0.997,5616.0,1.111,184.38,G,1,36.71480334004591
6300348,CANDIDATE,5.69590202,6.61,1043.0,1.0,6106.0,0.94,279.61,F,0,852.6656503125732
7747425,CONFIRMED,27.6666375,2.04,622.0,0.967,5616.0,1.111,35.27,G,1,11.710855719275608
7747425,CONFIRMED,5.19559398,1.18,1085.0,1.0,5616.0,1.111,327.78,G,1,22.326609901876896
7102316,CONFIRMED,57.2488518,3.19,431.0,0.998,5642.0,0.846,8.17,G,1,25.42583744884819
7102316,CONFIRMED,37.0551726,3.19,498.0,1.0,5642.0,0.846,14.59,G,1,27.76400507172378
9489524,CONFIRMED,16.33269981,1.61,591.0,1.0,5208.0,0.772,28.76,G,1,18.392550129163244
9489524,CONFIRMED,10.05550267,0.92,694.0,1.0,5208.0,0.772,54.96,G,1,14.688475041695753
5940165,CONFIRMED,9.30413878,1.67,583.0,1.0,4458.0,0.658,27.35,K,1,68.4963987607244
8277797,CONFIRMED,4.33722007,1.63,996.0,1.0,5390.0,0.876,231.86,G,1,82.65663125551293
8277797,CONFIRMED,1.653889476,0.97,1373.0,0.973,5390.0,0.876,838.03,G,1,75.21663436716857
5124667,CONFIRMED,150.8783198,4.37,423.0,1.0,5504.0,1.737,7.56,G,1,4.373723149056436
2989404,CONFIRMED,3.553831111,1.62,1292.0,1.0,6015.0,1.081,658.37,F,1,53.96992541551309
2989404,CONFIRMED,1.6783263,1.57,1659.0,1.0,6015.0,1.081,1797.15,F,1,87.1701766217928
11413812,CONFIRMED,5.65378163,1.82,1020.0,1.0,5988.0,0.934,256.14,G,1,64.87693087644065
9549648,CONFIRMED,5.99185827,2.75,1355.0,1.0,6157.0,1.695,796.76,F,1,31.092190703636255
10063802,CONFIRMED,120.0183551,4.54,473.0,0.978,6469.0,1.467,11.84,F,1,7.382204157537234
11074178,CONFIRMED,14.30517579,3.05,693.0,1.0,5741.0,0.846,54.59,G,1,60.355777005100336
11074178,CONFIRMED,9.18189122,2.17,804.0,0.976,5741.0,0.846,98.61,G,1,39.599684998228504
11030475,CANDIDATE,2.64622742,0.99,1082.0,0.992,5167.0,0.787,324.38,K,0,58.762901035920784
5942808,CONFIRMED,2.935362067,3.15,1022.0,1.0,4922.0,0.823,258.48,K,1,358.5929013097109
6206214,CONFIRMED,13.53953595,2.32,1079.0,0.999,6109.0,1.997,320.19,F,1,9.911713406987186
8959839,CONFIRMED,22.7082375,1.72,677.0,1.0,6170.0,0.992,49.67,F,1,13.15822066772025
7672097,CONFIRMED,7.97033985,1.81,839.0,0.996,5774.0,0.818,116.77,G,1,61.578302711897535
6142862,FALSE POSITIVE,5.33459393,0.79,627.0,0.0,4275.0,0.533,36.55,K,0,42.42122324013517
5599774,CONFIRMED,8.49640437,2.14,702.0,1.0,5093.0,0.709,57.43,K,1,98.15916988894443
8099138,CONFIRMED,66.1843646,2.72,436.0,0.998,5640.0,0.978,8.57,G,1,8.468767561455142
7033233,CONFIRMED,2.032318856,1.12,1011.0,1.0,4670.0,0.682,247.21,K,1,141.46402231678158
7033233,CANDIDATE,65.18703725,2.39,878.0,0.0,5706.8232800782525,1.0,141.3,G,0,6.4568051833035245
6383785,CONFIRMED,3.62275506,1.62,1304.0,0.997,5794.0,1.216,683.84,G,1,49.85156241835461
9411412,CONFIRMED,2.892216772,1.31,794.0,0.998,4229.0,0.615,93.66,K,1,124.64487568499587
7008211,CONFIRMED,154.608014,2.95,267.0,0.996,5303.0,0.753,1.2,G,1,10.238796547764982
7620413,CONFIRMED,2.543063763,1.26,1319.0,0.999,5579.0,1.029,716.3,G,1,59.770424246338486
4545187,CONFIRMED,3.177414601,2.65,997.0,1.0,5303.0,0.708,233.26,G,1,356.98835136057204
10854546,CONFIRMED,2.168451063,2.41,1558.0,1.0,6153.0,1.109,1389.18,F,1,215.31498126319485
11774991,CONFIRMED,37.8154157,1.21,401.0,0.999,4856.0,0.705,6.09,K,1,7.573630877737513
11774991,CONFIRMED,53.5783052,1.16,357.0,0.0,4856.0,0.705,3.82,K,1,4.197594514430442
8261920,CANDIDATE,6.69332825,2.44,609.0,0.973,4245.0,0.637,32.54,K,0,116.80287755198617
8261920,CONFIRMED,33.1362861,2.05,357.0,0.993,4245.0,0.637,3.86,K,1,24.903213278328135
8261920,CONFIRMED,7.72513619,1.71,581.0,0.993,4245.0,0.637,26.91,K,1,49.47485592483775
9112931,CONFIRMED,10.71253475,2.02,485.0,1.0,4175.0,0.544,13.09,K,1,111.88761838088786
9071593,CONFIRMED,32.5635249,2.05,490.0,1.0,5225.0,0.859,13.63,G,1,17.759133932088538
8126558,CONFIRMED,12.19140405,2.46,763.0,1.0,5516.0,0.967,80.01,G,1,54.612249521825994
11811193,CONFIRMED,6.11784972,1.05,1211.0,1.0,6226.0,1.333,509.24,F,1,9.889095477814385
3734418,CONFIRMED,3.97599629,1.11,936.0,0.997,5143.0,0.778,181.47,K,1,51.81091353583733
8681734,CONFIRMED,7.68478504,1.47,830.0,1.0,5344.0,0.907,112.06,G,1,35.66788121896511
10232693,FALSE POSITIVE,0.990516282,3.52,2841.0,0.013,5975.0,2.399,3158.4199999999996,G,0,102.57277123688917
10212441,CONFIRMED,15.0447098,1.51,931.0,1.0,5798.0,1.525,177.24,G,1,6.507270748419488
6119141,CANDIDATE,29.0726293,2.32,614.0,0.056,5799.0,1.042,33.69,G,0,15.120751393476477
8247771,CONFIRMED,1.118547814,0.98,1174.0,0.999,4496.0,0.658,447.97,K,1,209.91503184860724
8165946,CONFIRMED,6.42199919,1.25,1000.0,1.0,5985.0,0.981,236.21,G,1,25.163503640990026
12017109,CONFIRMED,9.75374033,1.87,813.0,1.0,5806.0,0.899,103.3,G,1,44.16767162387642
9225395,CONFIRMED,81.3153052,2.55,393.0,0.979,5325.0,0.975,5.64,G,1,8.799081528873115
10709622,CONFIRMED,51.3283527,3.06,546.0,0.998,6119.0,1.119,21.06,F,1,13.487672282145924
11499228,CONFIRMED,19.7919389,2.58,736.0,1.0,6285.0,1.039,69.48,F,1,19.386680705648295
9022166,CONFIRMED,26.8475962,3.2,800.0,0.989,5508.0,1.988,96.89,G,1,9.464534482234203
10965588,CONFIRMED,62.8917493,2.5,384.0,1.0,5052.0,0.855,5.13,K,1,12.577166461483685
10670119,CONFIRMED,14.87149773,1.59,391.0,0.998,3825.0,0.524,5.51,K,1,63.53764880680919
10670119,CONFIRMED,2.732767897,1.42,687.0,0.992,3825.0,0.524,52.68,K,1,224.3512889159207
4043443,FALSE POSITIVE,119.8401019,26.96,255.0,0.0,4602.0,0.675,1.0,K,0,40.52650092080738
8491277,CONFIRMED,9.61375316,3.27,931.0,1.0,5997.0,1.11,177.26,G,1,82.99568199023741
3734418,CANDIDATE,6.6254781,0.9,828.0,0.0,5211.0,0.832,111.18,G,0,18.41376549112735
8613535,CONFIRMED,29.9685917,1.91,644.0,0.962,6249.0,1.076,40.76,F,1,10.327478951905505
12256520,CONFIRMED,33.2407985,1.51,486.0,0.999,5382.0,0.827,13.17,G,1,10.28555315841766
3337432,FALSE POSITIVE,2.97600846,2.27,1892.0,0.0,6208.0,2.088,3034.68,F,0,34.67732077616473
5629538,CONFIRMED,15.18727049,1.94,789.0,0.991,6136.0,1.005,91.56,F,1,19.259550305145055
8561231,CONFIRMED,28.6853212,2.69,547.0,0.999,5726.0,0.838,21.09,G,1,24.022739546664027
8235924,CONFIRMED,0.588001053,0.99,1188.0,0.15,3814.0,0.57,473.45,K,1,505.78140716356836
6941084,CONFIRMED,85.7357202,2.94,448.0,0.99,6096.0,1.077,9.54,F,1,8.72098581846403
6200235,CONFIRMED,1.078389713,1.98,1667.0,1.0,5325.0,0.985,1817.38,G,1,278.65621896932913
11460462,CONFIRMED,5.03728033,1.55,1321.0,0.998,6387.0,1.381,720.22,F,1,15.1470625022769
8612275,CONFIRMED,3.289726319,1.37,1116.0,1.0,5463.0,0.91,367.18,G,1,71.40411609419355
8612275,CONFIRMED,7.18644594,2.19,860.0,1.0,5463.0,0.91,129.48,G,1,55.938638286062165
7207061,CONFIRMED,15.94248453,2.62,616.0,1.0,5376.0,0.806,34.06,G,1,68.60285785078946
4545187,CONFIRMED,41.0081117,2.64,425.0,1.0,5303.0,0.708,7.72,G,1,24.49515372345223
7286911,CONFIRMED,11.55562042,2.11,703.0,0.99,5420.0,0.85,57.75,G,1,38.206516305768375
8591173,CONFIRMED,12.2885046,3.22,913.0,1.0,5109.0,1.671,164.61,K,1,27.839026076451972
6962109,CONFIRMED,17.13263125,2.31,611.0,0.969,5477.0,0.794,32.91,G,1,49.62460159177243
5706595,CONFIRMED,19.0231361,2.04,647.0,1.0,5569.0,0.954,41.5,G,1,21.111135298033222
5706595,CONFIRMED,4.57948235,1.35,1040.0,1.0,5569.0,0.954,276.82,G,1,45.223451947576564
10489345,CONFIRMED,1.003931703,1.6,1419.0,1.0,4949.0,0.741,962.58,K,1,489.17670249128497
11774303,FALSE POSITIVE,0.614083885,2.55,2603.0,0.0,6521.0,1.276,3158.4199999999996,F,0,634.2781654333756
10329469,CONFIRMED,55.8224775,2.13,379.0,0.998,5162.0,0.736,4.85,K,1,15.757093547128934
9654875,CANDIDATE,1.34145255,1.31,3015.0,0.036,7495.0,2.389,3158.4199999999996,F,0,19.82925150800153
9717943,CONFIRMED,6.11010439,0.93,1125.0,0.999,6213.0,1.195,378.84,F,1,9.770700496984471
8026752,CONFIRMED,4.286866229,4.14,1217.0,0.007,6228.0,1.049,517.66,F,1,308.36045012497635
1872821,CONFIRMED,10.27380957,1.68,799.0,1.0,5806.0,0.899,96.27,G,1,34.33974492092908
8013439,CONFIRMED,13.39155154,1.58,1180.0,1.0,6197.0,2.188,459.23,F,1,3.651555971982616
8013439,CONFIRMED,5.62904396,1.39,1576.0,1.0,6197.0,2.188,1459.41,F,1,7.017177389391004
8013439,CONFIRMED,8.2562857,1.49,1387.0,1.0,6197.0,2.188,874.56,F,1,4.5177700185447796
7207061,CONFIRMED,12.33087921,2.34,671.0,1.0,5376.0,0.806,47.99,G,1,70.7329935802688
6921944,CONFIRMED,4.421566535,2.19,729.0,1.0,4299.0,0.697,66.94,K,1,154.6963038067231
9532052,CONFIRMED,15.72585941,2.69,602.0,0.999,5332.0,0.755,31.13,G,1,83.49941111421903
8164012,CONFIRMED,1.252753881,2.44,2199.0,1.0,5907.0,1.705,3158.4199999999996,G,1,159.64827811217933
4140813,CONFIRMED,13.36019864,1.84,520.0,1.0,4500.0,0.688,17.3,K,1,52.38694564798776
8611781,CONFIRMED,76.957056,2.09,451.0,0.978,5878.0,1.041,9.81,G,1,4.77019287224293
3097926,CANDIDATE,14.97974335,3.79,620.0,1.0,5062.0,0.853,34.95,K,0,80.89591201173684
10518424,CANDIDATE,6.7445683,0.86,983.0,0.0,6106.0,0.923,220.68,F,0,12.839961899414673
5730445,CANDIDATE,33.35859852,4.44,459.0,0.975,5009.0,0.799,10.46,K,0,54.73551291146988
5601258,CONFIRMED,8.84784273,1.15,479.0,1.0,3867.0,0.552,12.48,K,1,52.012678575266676
7960980,CONFIRMED,9.98970266,2.48,705.0,0.999,5265.0,0.81,58.26,G,1,98.94188382179534
8107225,CONFIRMED,5.63252508,2.04,844.0,1.0,5216.0,0.804,119.75,G,1,112.63154464285138
3458028,CONFIRMED,1.442592305,2.67,2700.0,1.0,7216.0,2.043,3158.4199999999996,F,1,115.07062627787967
3342794,CONFIRMED,14.17222858,2.39,873.0,0.997,5845.0,1.314,137.33,G,1,17.41433950255973
3342794,CONFIRMED,4.92031063,1.18,1242.0,0.991,5845.0,1.314,562.99,G,1,16.462375262677266
5716932,CONFIRMED,56.4931698,4.43,681.0,0.973,6160.0,2.046,50.79,F,1,7.291146902505726
11288051,CONFIRMED,13.82142084,2.2,560.0,1.0,4983.0,0.651,23.15,K,1,55.36333846267574
7515670,FALSE POSITIVE,2.30367952,1.3,1384.0,0.006,6191.0,0.865,866.21,F,0,59.20962478322505
11566256,CONFIRMED,5.78387049,2.07,1051.0,1.0,6063.0,1.012,288.69,F,1,71.45733997927053
8495415,CONFIRMED,11.08507658,2.5,665.0,0.997,5080.0,0.793,46.17,K,1,69.62513920675141
4055304,CONFIRMED,0.571038347,1.65,1897.0,1.0,5132.0,0.886,3069.59,K,1,423.96452229853486
4857213,CONFIRMED,8.77425786,1.75,771.0,1.0,5146.0,0.905,83.63,K,1,27.307152789785913
9415108,CONFIRMED,4.51005082,1.74,1063.0,0.0,5362.0,1.032,301.74,G,1,65.3651171052658
4262581,CONFIRMED,37.6468519,5.37,787.0,1.0,5443.0,2.652,90.85,G,1,11.352874900012555
8591693,CONFIRMED,29.4557841,2.19,598.0,1.0,6036.0,0.949,30.3,F,1,18.12207742247812
4833421,CONFIRMED,12.466004437,5.65,897.0,1.0,6038.0,1.191,152.76,F,1,179.05496595003336
8282651,CONFIRMED,2.361724472,1.53,922.0,1.0,4478.0,0.651,170.59,K,1,248.54719801539997
3548044,CONFIRMED,34.7630543,1.75,554.0,0.991,5670.0,0.95,22.23,G,1,8.448624722828223
11401767,CONFIRMED,20.0545282,2.63,755.0,0.998,6056.0,1.209,76.97,F,1,15.228480917342148
10909127,CONFIRMED,3.17059731,1.69,1080.0,1.0,5431.0,0.843,321.28,G,1,102.63050402953884
3661886,CONFIRMED,27.0142622,2.0,677.0,1.0,5949.0,1.184,49.65,G,1,10.646228198673514
3661886,CONFIRMED,12.50945798,1.54,875.0,0.998,5949.0,1.184,138.54,G,1,12.414606631901409
2439243,CONFIRMED,26.0203329,4.53,675.0,1.0,5624.0,1.244,49.09,G,1,44.74961963303706
9221517,CONFIRMED,0.769854899,0.93,1650.0,0.995,5173.0,0.822,1756.8,K,1,142.36448990889645
6751874,CONFIRMED,6.89226333,2.13,1156.0,1.0,5862.0,1.463,422.14,G,1,31.107343079417717
10863608,CONFIRMED,8.07127043,1.53,856.0,0.999,5766.0,0.853,126.94,G,1,39.42378126958633
5602588,CONFIRMED,11.01819178,2.64,840.0,1.0,6075.0,0.969,117.97,F,1,49.52718294398757
11288051,CONFIRMED,30.9505927,1.51,428.0,0.982,4983.0,0.651,7.91,K,1,9.738101073586224
5602588,CANDIDATE,6.3143447,1.34,1012.0,0.0,6075.0,0.969,247.53,F,0,30.311934031729372
5385304,CANDIDATE,78.7327023,7.76,761.0,0.984,6715.0,2.747,79.13,F,0,6.297256229194613
5547480,FALSE POSITIVE,3.979867514,26.5,1173.0,0.0,6032.0,0.973,446.89,F,0,228.0477922461818
11462341,CANDIDATE,42.3375799,1.45,311.0,0.992,4132.0,0.581,2.21,K,0,8.380261716376472
9405595,CONFIRMED,23.3593589,2.98,684.0,1.0,6244.0,1.009,51.68,F,1,24.405635550211954
3546060,CONFIRMED,9.69310837,2.12,609.0,1.0,4818.0,0.618,32.4,K,1,116.64988740861463
7019489,FALSE POSITIVE,24.2598301,25.42,547.0,0.0,5485.0,0.805,21.13,G,0,63.49178842765267
2141783,FALSE POSITIVE,116.5214317,44.41,457.0,0.0,6056.0,1.411,10.33,F,0,6.621099558631668
4144576,CONFIRMED,0.813166357,1.14,1693.0,1.0,5237.0,0.887,1945.44,G,1,213.36347539031306
8494542,CONFIRMED,10.86062378,2.09,1108.0,0.989,6455.0,1.496,356.24,F,1,17.457560803197254
9992325,CONFIRMED,24.08632177,2.78,500.0,1.0,4973.0,0.768,14.78,K,1,43.24861263364248
11073656,CANDIDATE,1.834277283,1.64,1459.0,0.999,5751.0,0.958,1068.36,G,0,156.1923067222547
10206675,FALSE POSITIVE,17.40208965,16.37,422.0,0.0,4098.0,0.615,7.49,K,0,35.426779909733426
9945370,CONFIRMED,37.9456138,2.79,515.0,1.0,5861.0,0.865,16.61,G,1,27.22053741030802
3832716,FALSE POSITIVE,1.141877248,48.03,2184.0,0.0,6158.0,1.368,3158.4199999999996,F,0,4253.259278531487
8453211,FALSE POSITIVE,5.77675928,32.77,954.0,0.0,5544.0,0.875,195.79,G,0,609.7709510235987
8973129,CONFIRMED,24.1738244,2.21,595.0,1.0,5468.0,0.968,29.69,G,1,22.032095178121672
12505654,CONFIRMED,5.186737262,2.4,860.0,1.0,5230.0,0.777,129.37,G,1,137.40815545478077
7215678,CANDIDATE,1.151244686,40.32,1756.0,1.0,6086.0,0.921,2253.09,F,0,234.18131981718437
11670125,CONFIRMED,1.217000383,1.58,1314.0,1.0,4859.0,0.757,707.61,K,1,377.81417855149516
11461844,CONFIRMED,13.6823798,1.43,802.0,0.997,6102.0,1.026,97.74,F,1,13.126371481078168
7449554,CANDIDATE,2.42088277,2.27,1616.0,0.999,5583.0,1.53,1615.12,G,0,92.23908020957165
9351920,CONFIRMED,8.79618433,1.77,938.0,1.0,6142.0,1.046,183.26,F,1,32.5482037732604
2161536,CONFIRMED,16.85592593,1.7,408.0,1.0,3967.0,0.587,6.52,K,1,51.70288500431254
10549023,CONFIRMED,14.36270451,2.31,918.0,1.0,6643.0,1.216,167.88,F,1,24.326894684544335
9661979,CONFIRMED,69.8956789,3.04,442.0,0.999,5390.0,1.104,8.99,G,1,7.8459785873830326
8219268,CONFIRMED,6.24667547,14.93,1902.0,0.059,4604.0,2.747,3095.83,K,1,63.52178881481097
10531955,CONFIRMED,2.344512589,0.97,1471.0,1.0,5821.0,1.132,1106.25,G,1,25.122492528445964
4833421,CONFIRMED,5.766165573,2.27,1159.0,1.0,6038.0,1.191,426.48,F,1,63.26561306324111
8168187,CONFIRMED,18.3027235,2.72,902.0,0.988,5528.0,1.839,156.71,G,1,10.200667676589225
4142847,CONFIRMED,2.888904439,1.68,976.0,0.999,4895.0,0.759,215.06,K,1,139.22232752677078
10203349,CONFIRMED,17.14648756,3.64,811.0,1.0,5559.0,1.412,102.24,G,1,25.678728571042686
9718066,CONFIRMED,16.09227518,0.98,503.0,0.199,4657.0,0.67,15.15,K,1,7.9851977773599065
3440978,CANDIDATE,38.103908,4.08,456.0,0.997,5250.0,0.771,10.22,G,0,25.223134592913674
3867615,CONFIRMED,62.7843981,2.28,530.0,0.944,6053.0,1.26,18.7,F,1,5.176445260848969
12121570,CONFIRMED,91.500873,1.82,310.0,0.97,5051.0,0.706,2.18,K,1,7.702658749496302
8410415,CONFIRMED,44.2993483,2.68,463.0,0.985,5316.0,0.915,10.85,G,1,18.01155165074968
7987866,CONFIRMED,3.13877646,0.97,1022.0,0.999,5242.0,0.722,257.32,G,1,55.46747346257337
9532710,CANDIDATE,5.24242029,3.86,1367.0,0.305,5383.0,1.829,825.0,G,0,63.88270712266757
11560897,CONFIRMED,35.9682692,2.95,674.0,0.998,5883.0,1.529,48.68,G,1,7.498275730209447
11342416,CONFIRMED,25.3690868,1.67,755.0,0.998,6126.0,1.406,76.9,F,1,4.33992760038962
9086251,CONFIRMED,6.89213244,1.35,1177.0,0.999,6164.0,1.446,454.45,F,1,11.897623952217609
4254466,CONFIRMED,42.3006282,2.54,558.0,0.912,5852.0,1.129,22.94,G,1,12.006913883137083
5801571,FALSE POSITIVE,0.838597429,44.67,2278.0,0.0,6366.0,1.236,3158.4199999999996,F,0,2959.8230499702618
9904006,CONFIRMED,55.1866213,2.47,568.0,0.979,6178.0,1.267,24.56,F,1,6.804185347001847
5288570,FALSE POSITIVE,1.728528176,5.07,2720.0,0.0,6153.0,2.747,3158.4199999999996,F,0,114.31691004150574
9364609,CONFIRMED,14.97436238,1.28,631.0,0.997,5311.0,0.8,37.53,G,1,17.723626106075308
7457296,CONFIRMED,3.97076603,1.6,958.0,1.0,5178.0,0.778,198.43,K,1,87.94272877367192
10328458,CONFIRMED,2.352273912,1.29,1019.0,0.994,4816.0,0.748,255.03,K,1,135.44341004450166
7050060,FALSE POSITIVE,22.0425953,28.78,760.0,0.0,5974.0,1.26,78.85,G,0,15.787614628119586
4248120,CONFIRMED,23.34036251,2.21,601.0,1.0,5530.0,0.892,30.94,G,1,26.353489571400836
9580992,CANDIDATE,37.8034121,2.95,460.0,1.0,5329.0,0.819,10.57,G,0,17.937534268236067
8321314,CONFIRMED,15.03366411,1.7,669.0,1.0,5523.0,0.891,47.32,G,1,24.93736704883717
6934986,CANDIDATE,131.485184,3.03,400.0,0.97,5765.0,1.242,6.08,G,0,4.242303071956761
4049901,CANDIDATE,16.2908527,0.52,622.0,0.961,5425.0,0.797,35.48,G,0,2.707040620409023
11498128,CONFIRMED,106.247882,2.01,377.0,0.99,5679.0,0.972,4.75,G,1,3.7403098538943107
8041216,CONFIRMED,8.508333104,2.6,909.0,1.0,5767.0,1.03,161.66,G,1,75.98433113720743
11824786,CONFIRMED,12.94123564,1.7,795.0,0.996,6119.0,0.938,94.29,F,1,25.407156561133448
12254909,CONFIRMED,5.349791,1.29,1156.0,0.997,6074.0,1.183,422.79,F,1,16.598779279414842
10798331,CANDIDATE,147.281212,2.28,353.0,0.99,5708.0,1.054,3.69,G,0,3.074390778370292
9364290,CONFIRMED,5.26211833,1.95,1166.0,0.994,5587.0,1.309,436.61,G,1,36.962300693834834
9364290,CONFIRMED,12.1628195,3.14,882.0,0.998,5587.0,1.309,142.77,G,1,25.183305564963785
5022828,CONFIRMED,23.5541012,2.33,1381.0,0.995,9565.0,2.286,859.63,A,1,4.04175897826235
8233702,CONFIRMED,41.6977582,2.26,488.0,1.0,5730.0,0.87,13.45,G,1,16.42294525080727
11403339,CONFIRMED,4.79029482,1.01,938.0,0.999,5412.0,0.843,183.02,G,1,29.643269430335398
8260902,CONFIRMED,38.6715843,2.45,502.0,0.991,5432.0,0.913,15.03,G,1,15.497166998663667
8381204,CONFIRMED,8.32651854,1.8,938.0,1.0,6057.0,1.0,182.69,F,1,32.1743113539023
12058204,CONFIRMED,5.53533152,1.75,1054.0,1.0,5588.0,1.1,292.33,G,1,47.07938432565644
12058204,CONFIRMED,16.7261969,1.56,729.0,0.983,5588.0,1.1,66.83,G,1,11.652379866459661
4833421,CONFIRMED,21.58752788,2.18,747.0,1.0,6038.0,1.191,73.42,F,1,15.601601159344977
5357545,CONFIRMED,3.757294695,1.23,877.0,0.995,4901.0,0.716,139.89,K,1,72.73850527713265
6871071,CONFIRMED,3.2828024,1.79,1467.0,1.0,5640.0,1.515,1093.39,G,1,43.40803454999302
5342473,CONFIRMED,4.64495172,1.38,1209.0,1.0,6047.0,1.129,504.23,F,1,31.733376122152677
9334893,CANDIDATE,16.6671415,0.7,469.0,0.9,4729.0,0.525,11.47,K,0,10.4997008635224
9963265,CONFIRMED,16.48686712,27.45,760.0,1.0,6090.0,1.071,78.99,F,1,59.92041985961006
10583761,CONFIRMED,2.685054445,1.46,1137.0,0.992,5266.0,0.829,395.08,G,1,94.11354785396166
7542813,CONFIRMED,16.8600805,1.71,765.0,0.982,6205.0,0.973,80.9,F,1,16.215818186633214
12058147,CONFIRMED,1.54320541,1.23,1827.0,1.0,5866.0,1.282,2636.85,G,1,59.0977710478607
8164257,CONFIRMED,49.5004725,2.49,402.0,0.993,4954.0,0.828,6.2,K,1,19.498803774044784
8164257,CONFIRMED,6.47539108,1.92,793.0,1.0,4954.0,0.828,93.41,K,1,81.94099683628684
8164257,CONFIRMED,16.85825609,2.51,576.0,0.999,4954.0,0.828,26.05,K,1,45.05804135046806
10593759,FALSE POSITIVE,3.132604547,48.03,1444.0,0.0,6248.0,1.181,1028.81,F,0,1550.371241289014
6774537,CONFIRMED,2.949029106,1.48,1027.0,1.0,4983.0,0.807,263.92,K,1,121.49761400150794
10404582,CONFIRMED,37.8658964,2.01,543.0,1.0,5757.0,1.017,20.61,G,1,10.436832019642878
5959753,CONFIRMED,8.30865307,2.42,747.0,1.0,5022.0,0.849,73.53,K,1,100.63002907401452
6021193,CONFIRMED,11.93205399,1.83,905.0,1.0,5711.0,1.391,158.22,G,1,14.959704351790316
6021193,CONFIRMED,7.54235832,1.59,1054.0,1.0,5711.0,1.391,292.19,G,1,17.5674496461738
6871071,CONFIRMED,5.02818253,2.03,1272.0,0.995,5640.0,1.515,620.0,G,1,36.05676582309752
6871071,CONFIRMED,1.897828815,1.73,1761.0,1.0,5640.0,1.515,2278.95,G,1,69.7639317906552
6287313,CONFIRMED,10.62788695,1.87,872.0,0.995,6082.0,1.014,136.34,F,1,30.73988287013158
9289704,CANDIDATE,34.135676,13.98,1526.0,0.987,7818.0,2.747,1281.86,A,0,18.2214056636816
9278725,CONFIRMED,1.104462494,1.6,1397.0,1.0,5002.0,0.753,898.79,K,1,424.73148934290566
4458082,CONFIRMED,4.89336495,1.6,1374.0,1.0,6688.0,1.347,842.45,F,1,28.26276016874646
8042453,CONFIRMED,11.17392077,1.64,796.0,0.999,5911.0,0.914,94.84,G,1,29.067684180474103
10874215,CONFIRMED,31.0325991,2.64,561.0,0.995,5841.0,0.931,23.41,G,1,23.762108923709196
6666233,FALSE POSITIVE,0.512407185,1.03,1255.0,0.0,3862.0,0.563,583.45,K,0,642.4578140917364
7661065,FALSE POSITIVE,4.150297119,3.03,981.0,1.0,5290.0,0.858,218.44,G,0,142.97771532631324
3937519,CONFIRMED,5.89661966,1.28,1000.0,1.0,5392.0,1.087,237.1,G,1,24.42077127287535
8866137,CONFIRMED,33.4178173,3.13,448.0,1.0,5136.0,0.744,9.56,K,1,34.915505986682135
10857519,CONFIRMED,2.053341891,1.44,1737.0,0.999,6084.0,1.358,2154.14,F,1,31.899217703146736
9517393,CONFIRMED,56.7769831,3.21,491.0,0.992,6063.0,1.012,13.74,F,1,15.574973373321061
9351316,CONFIRMED,18.78429232,2.14,433.0,1.0,4243.0,0.641,8.3,K,1,53.74171051017801
6021193,CONFIRMED,3.61460279,1.14,1347.0,0.749,5711.0,1.391,776.7,G,1,17.92728102221157
10617017,CONFIRMED,13.15140223,1.87,1008.0,0.989,6154.0,1.636,243.84,F,1,7.436469380953608
3229150,CONFIRMED,18.5084526,29.33,683.0,0.999,5942.0,0.938,51.32,G,1,41.00288751313549
7989422,FALSE POSITIVE,7.47763833,2.05,1346.0,0.0,5957.0,1.953,776.56,G,0,14.710526926487496
9641481,CONFIRMED,42.1918331,2.35,526.0,0.999,5520.0,1.08,18.08,G,1,11.582810323545768
8892157,CONFIRMED,3.73090026,1.48,1128.0,0.999,5709.0,0.95,383.51,G,1,51.24768465399823
8892157,CANDIDATE,86.130534,1.47,391.0,0.0,5830.0,0.876,5.55,G,0,3.3112531265625265
11569782,CONFIRMED,2.787874175,2.33,1432.0,0.998,4827.0,1.727,993.06,K,1,70.8066388971805
4833421,CONFIRMED,37.9962369,2.39,618.0,1.0,6038.0,1.191,34.55,F,1,10.624736366984806
11520459,CANDIDATE,8.46354384,2.51,805.0,1.0,5427.0,0.887,99.37,G,0,93.60145288737584
7219825,CONFIRMED,17.23232894,2.79,817.0,1.0,6086.0,1.216,105.47,F,1,29.58392923992084
3749978,CONFIRMED,28.5057217,2.55,555.0,1.0,5712.0,0.87,22.43,G,1,26.513975262727694
10010440,CONFIRMED,53.5991459,2.49,529.0,0.971,6319.0,1.032,18.54,F,1,9.759483872671188
11718144,CONFIRMED,16.4581861,1.82,644.0,1.0,5475.0,0.884,40.61,G,1,26.479224220219507
4247991,CANDIDATE,154.608014,2.39,878.0,0.0,5706.8232800782525,1.0,141.3,G,0,2.7223685830412387
4247991,CANDIDATE,13.72549689,2.39,878.0,0.0,5706.8232800782525,1.0,141.3,G,0,30.665556472979535
10026544,CANDIDATE,154.608014,2.38,505.0,0.0,6146.0,2.251,15.4,F,0,0.7101831086194536
9473078,CONFIRMED,0.693842661,0.83,2161.0,0.997,5457.0,1.196,3158.4199999999996,G,1,71.05357276381136
10864531,CONFIRMED,83.4887405,2.95,411.0,0.526,5910.0,0.94,6.76,G,1,11.44345925304742
10864531,CONFIRMED,34.0607677,2.96,554.0,1.0,5910.0,0.94,22.32,G,1,24.042323626193546
2853780,CANDIDATE,6.2141496,4.27,1506.0,0.881,5295.0,2.747,1216.48,G,0,29.513290120984536
9472000,CONFIRMED,31.5888979,2.59,682.0,0.997,5866.0,1.367,51.02,G,1,11.415403004610681
10253547,CONFIRMED,59.9809868,2.81,568.0,0.859,6103.0,1.383,24.58,F,1,4.708158619357692
10253547,CONFIRMED,25.7457957,1.73,753.0,0.995,6103.0,1.383,75.97,F,1,5.449433438951744
12505076,CONFIRMED,11.92979348,2.43,770.0,1.0,5831.0,0.921,83.04,G,1,59.45618431610938
6185476,CANDIDATE,17.65737838,2.45,350.0,0.0,3745.0,0.47,3.55,K,0,122.0849411281631
12116380,CONFIRMED,4.3394569,2.11,1061.0,1.0,5330.0,1.013,300.07,G,1,77.75166519109798
2556650,CONFIRMED,2.852348262,1.66,621.0,1.0,3731.0,0.433,34.95,K,1,491.84036139272814
10600955,CONFIRMED,65.6480892,3.93,485.0,0.485,5565.0,1.246,13.04,G,1,8.967511578387265
10801100,FALSE POSITIVE,102.653705,39.16,562.0,0.0,6711.0,1.698,23.66,F,0,6.6953258043633195
4473226,CONFIRMED,14.83340944,2.54,694.0,1.0,5570.0,0.904,54.74,G,1,52.78624601897323
8914779,FALSE POSITIVE,0.987338654,0.98,2669.0,0.001,6258.0,1.896,3158.4199999999996,F,0,26.839828353362535
2854181,CONFIRMED,101.1323475,3.87,380.0,1.0,5492.0,1.016,4.91,G,1,14.860724952518284
8963721,FALSE POSITIVE,1.811460943,2.83,1508.0,0.0,5700.0,1.008,1224.37,G,0,236.54940044710642
10132832,CONFIRMED,16.07673148,2.14,724.0,1.0,5957.0,0.971,64.75,G,1,30.354428734913473
3219995,CONFIRMED,18.87058705,2.67,701.0,1.0,6103.0,0.949,56.97,F,1,31.15960295469451
6062929,CONFIRMED,22.1334224,1.76,507.0,0.994,5165.0,0.702,15.65,K,1,29.57518219143552
7504778,CONFIRMED,17.1369408,2.05,775.0,1.0,6218.0,1.077,85.15,F,1,21.12979231392338
7219825,CONFIRMED,26.6951944,1.4,706.0,0.993,6086.0,1.216,58.81,F,1,4.967186153924393
7097965,CONFIRMED,7.72085047,2.53,1021.0,1.0,5887.0,1.177,257.14,G,1,34.58168255394279
4249725,CONFIRMED,6.312508525,2.0,575.0,1.0,4090.0,0.571,25.94,K,1,203.72249715100384
3967326,CONFIRMED,4.19577385,3.02,1047.0,1.0,5229.0,1.005,283.78,G,1,208.3525068921434
6768394,CONFIRMED,7.1329472,1.64,1102.0,0.983,5862.0,1.307,349.21,G,1,20.32820318647529
6768394,CONFIRMED,8.91901228,1.84,1023.0,0.972,5862.0,1.307,258.92,G,1,20.24887894873489
5211199,CONFIRMED,4.5620407,2.82,1533.0,0.944,5343.0,2.506,1306.97,G,1,17.886732137220957
8804455,CANDIDATE,7.5966998,1.32,964.0,0.898,5716.0,1.091,204.34,G,0,16.78360384860805
8804455,FALSE POSITIVE,2.392630668,1.33,1418.0,0.0,5716.0,1.091,955.41,G,0,42.42192552218845
5546761,CONFIRMED,17.6700291,2.89,778.0,1.0,5795.0,1.247,86.37,G,1,19.71700205066442
5546761,CANDIDATE,15.40877383,2.39,878.0,0.0,5706.8232800782525,1.0,141.3,G,0,27.315606332058156
9205938,CONFIRMED,108.593113,1.68,374.0,1.0,5678.0,0.921,4.64,G,1,3.114377980857773
10723367,CONFIRMED,19.9865916,4.22,720.0,1.0,5500.0,1.238,63.67,G,1,32.42173618037004
10723367,CONFIRMED,12.12580644,2.5,851.0,0.959,5500.0,1.238,123.78,G,1,27.008512928233745
5005121,CONFIRMED,76.421501,2.81,455.0,0.994,5561.0,1.19,10.11,G,1,7.568550636031081
4833421,CONFIRMED,56.2590881,2.22,543.0,1.0,6038.0,1.191,20.49,F,1,6.1998871965363405
8229458,CONFIRMED,1.646801683,0.86,806.0,0.997,3810.0,0.513,99.8,K,1,172.57694289106453
10684670,CONFIRMED,3.78861833,1.23,1158.0,0.996,5560.0,1.04,424.17,G,1,37.85021015827689
11495458,CONFIRMED,10.45839865,1.25,609.0,1.0,4641.0,0.747,32.45,K,1,29.33527495626685
9003401,CONFIRMED,21.1033014,1.56,718.0,0.998,6000.0,1.126,62.99,F,1,9.121795512051968
5978559,CONFIRMED,95.6114617,2.37,421.0,0.99,6002.0,1.081,7.45,F,1,5.097715183241466
8872048,CANDIDATE,58.35512552,2.39,878.0,0.0,5706.8232800782525,1.0,141.3,G,0,7.212734035774549
7746958,CANDIDATE,1.204686597,1.55,1711.0,1.0,5780.0,1.0,2026.81,G,0,193.57731760337663
6768394,CONFIRMED,11.8984948,1.69,929.0,0.951,5862.0,1.307,176.27,G,1,11.001391537356474
6922710,CONFIRMED,23.1274171,1.44,667.0,0.997,5865.0,1.066,46.89,G,1,6.8014512524185
11348997,CONFIRMED,5.132486123,1.69,584.0,1.0,3879.0,0.578,27.41,K,1,176.99024960422676
5705819,CONFIRMED,8.77997349,2.12,713.0,1.0,5191.0,0.764,61.24,K,1,86.07087491331367
6696580,CONFIRMED,57.6896212,5.14,512.0,0.981,6228.0,1.049,16.19,F,1,28.195712957810166
11358389,CONFIRMED,10.66489514,1.76,865.0,0.995,6014.0,1.021,132.15,F,1,27.435806555900182
7204981,CONFIRMED,5.1233204,1.65,994.0,1.0,5364.0,0.982,231.12,G,1,55.86220998397836
3847907,CONFIRMED,3.573202801,5.81,1210.0,1.0,5646.0,1.08,507.91,G,1,832.586384172601
4370527,CONFIRMED,61.6174528,3.36,424.0,0.997,5480.0,0.931,7.67,G,1,21.92073736615091
6041734,CONFIRMED,24.3398202,5.09,737.0,1.0,5596.0,1.466,69.79,G,1,31.935322184508166
5125347,CONFIRMED,7.16520428,2.31,1034.0,0.984,6174.0,1.103,270.34,F,1,60.542586512271775
9336200,CONFIRMED,1.755843555,1.94,1343.0,0.999,5569.0,0.829,771.02,G,1,219.83735333413574
4770617,CONFIRMED,5.18560081,2.34,1314.0,1.0,6172.0,1.471,705.79,F,1,48.711809731455205
4454934,CONFIRMED,33.4698571,2.45,609.0,1.0,5912.0,1.094,32.52,G,1,11.0756373680484
9458343,CONFIRMED,11.89520436,1.33,787.0,1.0,5649.0,0.992,90.77,G,1,15.49363881630698
7120108,CONFIRMED,1.025857984,1.57,1520.0,1.0,5123.0,0.847,1264.7,K,1,263.8766810046097
10730703,CONFIRMED,5.60013327,1.73,952.0,1.0,5288.0,0.978,194.26,G,1,58.784315323981566
8007644,CONFIRMED,25.2034128,2.42,600.0,0.407,5831.0,0.921,30.62,G,1,27.65895260026055
11192235,CONFIRMED,1.615357809,1.37,806.0,0.949,3821.0,0.486,99.32,K,1,309.28132282301056
6383785,CONFIRMED,5.640676975,4.59,1125.0,1.0,5794.0,1.216,379.36,G,1,257.64637940466355
6696580,CONFIRMED,25.5638626,4.0,671.0,1.0,6228.0,1.049,47.94,F,1,44.00352237850004
6525946,CANDIDATE,6.78341325,20.75,2628.0,0.999,5096.0,2.747,3158.4199999999996,K,0,73.88610741060188
4249725,CONFIRMED,12.7945474,1.6,455.0,1.0,4090.0,0.571,10.1,K,1,63.83187888303107
8505920,CONFIRMED,42.4269647,3.44,496.0,0.974,5330.0,1.013,14.33,G,1,14.905614966134968
7918992,CONFIRMED,1.434745129,1.5,1664.0,0.998,5806.0,1.064,1813.0,G,1,139.88547229979827
6041734,CANDIDATE,6.95787,1.39,1047.0,0.0,6240.0,1.025,284.4,F,0,26.20054700648331
11308499,CONFIRMED,3.28192056,1.6,1326.0,0.993,5859.0,1.162,728.9,G,1,58.19763047524831
11308499,CONFIRMED,12.51610549,1.87,848.0,1.0,5859.0,1.162,122.54,G,1,21.012926122277356
9006186,CONFIRMED,5.45298742,0.92,904.0,0.897,5450.0,0.842,158.12,G,1,15.771171538847964
9006186,CONFIRMED,3.26662733,0.68,1072.0,0.961,5450.0,0.842,312.85,G,1,18.336955504501947
7802719,CONFIRMED,4.45743267,0.79,732.0,1.0,4487.0,0.612,67.7,K,1,39.41730879807097
11030475,CONFIRMED,2.81814715,1.3,1059.0,0.895,5167.0,0.787,298.2,K,1,98.85928064473141
11030475,CANDIDATE,9.4907638,1.05,704.0,0.0,5290.0,0.746,58.01,G,0,20.799168977316665
11030475,CANDIDATE,0.76196247,1.08,1638.0,0.99,5167.0,0.787,1710.11,K,0,249.61859341969952
5023956,FALSE POSITIVE,1.824649,5.31,1508.0,0.0,6190.0,0.793,1222.28,F,0,1763.900892719641
12401863,CONFIRMED,2.832647249,1.37,1453.0,0.989,5865.0,1.272,1054.98,G,1,40.49215801243595
5534941,CONFIRMED,3.70063251,1.24,1329.0,0.994,5423.0,1.404,737.02,G,1,18.537371601915694
11121752,CONFIRMED,3.93083997,1.2,1317.0,0.97,6038.0,1.191,711.45,F,1,25.796013262783628
11121752,CONFIRMED,7.63008196,1.39,1056.0,0.995,6038.0,1.191,293.67,F,1,16.251463699873547
2990873,CONFIRMED,16.22378479,1.51,676.0,0.993,5547.0,0.925,49.35,G,1,16.16762077377137
9307509,CONFIRMED,9.76293284,1.94,703.0,0.991,5052.0,0.816,57.59,K,1,56.66330077919496
10158729,CONFIRMED,58.601926,2.06,508.0,0.919,6250.0,1.019,15.8,F,1,6.764282798486862
6105462,CONFIRMED,25.0823402,2.26,776.0,0.816,6429.0,1.262,85.76,F,1,9.751881126307344
3120355,CONFIRMED,78.0998908,3.37,480.0,0.995,5779.0,1.284,12.52,G,1,8.4110232840428
6047072,CONFIRMED,4.27103727,1.22,1108.0,0.98,5984.0,0.906,356.54,G,1,42.237983093039134
9006186,CONFIRMED,4.27226421,0.64,981.0,0.649,5450.0,0.842,218.63,G,1,11.445921318616199
9006186,CANDIDATE,2.19251903,0.37,1225.0,0.993,5450.0,0.842,533.25,G,0,8.255344538560289
11410904,CONFIRMED,3.53232429,1.43,1159.0,0.996,5761.0,0.956,427.65,G,1,63.470956116546134
5021737,FALSE POSITIVE,15.03946326,12.36,962.0,0.0,6501.0,1.441,202.6,F,0,322.9304075576431
3862246,FALSE POSITIVE,4.702495974,37.24,981.0,0.0,5408.0,0.878,219.08,G,0,1018.0338327706988
4173026,CONFIRMED,10.44087398,3.41,829.0,1.0,5738.0,0.981,111.52,G,1,78.68115270557074
10471621,CANDIDATE,39.7557642,13.72,325.0,0.582,4405.0,0.511,2.64,K,0,15.640499246144536
10471621,CANDIDATE,10.27127527,0.94,510.0,0.988,4405.0,0.511,16.02,K,0,33.44278008041352
5350244,CONFIRMED,12.5722897,1.09,886.0,0.991,6084.0,1.169,145.82,F,1,6.880210531578825
5374403,CONFIRMED,40.8366307,1.5,496.0,0.983,5529.0,0.925,14.3,G,1,6.484374334046124
10925113,FALSE POSITIVE,11.7761073,1.31,619.0,0.0,5096.0,0.689,34.75,K,0,23.887350279153793
11769801,FALSE POSITIVE,29.7123181,46.43,870.0,0.0,6440.0,1.921,135.31,F,0,12.97105122201825
11752906,CONFIRMED,20.6180348,1.57,359.0,0.993,3757.0,0.576,3.92,K,1,37.32169469420044
1995519,CONFIRMED,19.9401211,2.42,588.0,0.952,5623.0,0.763,28.29,G,1,38.05894639225637
4914566,CONFIRMED,22.2420032,2.04,954.0,0.991,5979.0,2.164,195.54,G,1,2.8549586756646095
6198182,CONFIRMED,3.88148385,0.59,1156.0,0.957,5854.0,0.979,423.0,G,1,9.352093529900941
10024051,CONFIRMED,0.577369336,1.42,1757.0,1.0,5255.0,0.716,2239.26,G,1,693.490241054298
8676038,FALSE POSITIVE,154.608014,2.39,878.0,0.0,5706.8232800782525,1.0,141.3,G,0,2.7223685830412387
4349452,CONFIRMED,12.720370263,4.75,934.0,1.0,6267.0,1.258,180.23,F,1,92.77245674464216
8676038,FALSE POSITIVE,86.59322294,2.39,878.0,0.0,5706.8232800782525,1.0,141.3,G,0,4.860657516947249
8073806,CONFIRMED,11.96407399,3.21,808.0,1.0,5903.0,0.961,100.96,G,1,65.54623455651164
10419312,FALSE POSITIVE,2.493237866,9.48,2241.0,0.0,5002.0,2.747,3158.4199999999996,K,0,103.96119982560862
3234598,CONFIRMED,12.90467523,1.49,545.0,1.0,4513.0,0.722,20.91,K,1,31.957410213724533
10453588,CONFIRMED,68.8861017,1.47,501.0,0.939,5753.0,1.222,14.91,G,1,2.0889554851962253
11125613,CONFIRMED,9.99115241,1.68,660.0,0.998,4838.0,0.796,44.77,K,1,39.204686699399474
8074328,CANDIDATE,4.267961416,1.42,1371.0,1.0,6395.0,1.237,834.16,F,0,29.850316716171548
7212184,CONFIRMED,36.292017,3.1,694.0,0.987,5843.0,1.615,54.91,G,1,10.324584604928406
6956014,FALSE POSITIVE,0.925589891,48.03,3749.0,0.0,4094.0,2.747,3158.4199999999996,K,0,433.0211510488504
9757613,CONFIRMED,17.25121397,2.64,385.0,1.0,3879.0,0.537,5.17,K,1,119.11045817258508
5307858,FALSE POSITIVE,1.867281146,31.18,1561.0,0.0,6117.0,1.025,1405.94,F,0,375.4656879077169
6605493,CONFIRMED,9.30991834,1.21,913.0,1.0,5806.0,1.101,164.38,G,1,12.298711526614744
4670217,CANDIDATE,18.1209388,1.68,543.0,0.999,4905.0,0.774,20.58,K,0,27.824165489704097
7259298,CONFIRMED,3.23941775,0.77,1213.0,1.0,6075.0,0.858,511.14,F,1,23.893182656049845
9574179,CANDIDATE,3.98864999,1.15,1233.0,0.993,5692.0,1.188,547.73,G,0,23.617013334378836
6211812,CONFIRMED,2.524017517,1.5,1203.0,0.97,5420.0,0.871,495.14,G,1,120.04671043651874
11391755,CANDIDATE,25.1123362,2.22,691.0,0.651,6133.0,1.112,53.73,F,0,15.880641164719671
11391755,CANDIDATE,2.121023807,5.75,1573.0,0.0,6133.0,1.112,1446.5,F,0,124.42104568984689
9088780,CANDIDATE,33.18089453,2.39,878.0,0.0,5706.8232800782525,1.0,141.3,G,0,12.68501063524522
8894646,CANDIDATE,3.55557922,0.84,1270.0,1.0,5839.0,1.082,615.03,G,0,16.98738693832281
3234598,CONFIRMED,31.2012202,1.47,406.0,1.0,4513.0,0.722,6.44,K,1,11.541215301573367
8611832,CONFIRMED,22.5968256,1.3,670.0,0.972,5610.0,1.104,47.7,G,1,6.3238971052642015
8611832,CONFIRMED,45.3486381,1.61,531.0,0.973,5610.0,1.104,18.84,G,1,3.592169617989035
5621586,CONFIRMED,5.25419589,2.12,1093.0,1.0,6123.0,0.987,338.15,F,1,87.89166024032652
9210387,CONFIRMED,5.90608902,1.77,1012.0,1.0,5966.0,0.961,247.83,G,1,57.68622837317139
11852982,CONFIRMED,13.81504449,1.91,391.0,1.0,3732.0,0.509,5.52,K,1,74.74460185397491
8559152,CONFIRMED,12.4128518,1.5,933.0,0.974,5945.0,1.346,179.24,G,1,8.708715913292382
2718778,CONFIRMED,3.92453009,1.82,1074.0,0.999,5776.0,0.849,314.25,G,1,118.10331157379404
3122913,CONFIRMED,11.60653061,1.88,584.0,1.0,4703.0,0.701,27.47,K,1,66.48843017181342
9229657,CONFIRMED,2.66831274,1.48,1252.0,1.0,5806.0,0.899,581.38,G,1,99.76341828656861
10415227,FALSE POSITIVE,2.9322509,1.33,1312.0,0.001,6106.0,0.966,700.81,F,0,61.79553052571319
5175024,CONFIRMED,23.4772553,1.34,738.0,0.993,6384.0,1.121,70.05,F,1,6.022850550166314
9026749,CONFIRMED,66.5576728,4.96,757.0,0.956,5734.0,2.747,77.68,G,1,3.218261561573108
12216278,FALSE POSITIVE,2.01948607,2.15,1430.0,0.001,5884.0,0.944,988.37,G,0,136.37132936500026
9159242,FALSE POSITIVE,3.04468229,0.86,1244.0,0.0,5575.0,0.98,566.03,G,0,23.45072266965497
12061096,FALSE POSITIVE,15.05028313,2.46,735.0,0.0,5887.0,0.989,69.16,G,0,40.87630742133421
5794240,CONFIRMED,2.455240626,10.6,730.0,0.999,3793.0,0.568,67.3,K,1,1978.0953233542657
6933567,CONFIRMED,9.08233411,1.35,734.0,0.918,5354.0,0.788,68.75,G,1,32.689834617854636
9993529,FALSE POSITIVE,0.790539912,1.24,1502.0,0.0,4791.0,0.767,1200.65,K,0,350.7729284641103
11303815,FALSE POSITIVE,1.705782214,1.82,1455.0,0.0,5387.0,1.009,1060.41,G,0,162.97508422725292
6044553,FALSE POSITIVE,0.532086296,16.99,1790.0,0.0,5271.0,0.698,2417.28,G,0,931.8037388431443
9654468,CONFIRMED,47.7052566,2.89,347.0,1.0,4551.0,0.672,3.42,K,1,24.347421705305322
4349452,CONFIRMED,6.238535444,2.53,1185.0,1.0,6267.0,1.258,465.61,F,1,64.37408324517007
10027247,CONFIRMED,86.829519,1.68,196.0,0.937,3576.0,0.463,0.35,M,1,8.649132330215949
6343170,CONFIRMED,9.95667035,3.41,946.0,0.998,6165.0,1.115,189.48,F,1,58.93536487325805
7107802,CONFIRMED,10.41728722,1.64,870.0,0.996,5557.0,1.151,135.34,G,1,20.19719678997197
11752632,CONFIRMED,0.984941669,1.49,2335.0,1.0,5825.0,1.662,3158.4199999999996,G,1,82.64448805648003
10028535,CONFIRMED,0.663085361,1.6,1681.0,1.0,5172.0,0.767,1894.94,K,1,486.6643406413552
7047207,CONFIRMED,19.1187425,2.33,823.0,1.0,5862.0,1.463,108.48,G,1,11.376271216582367
5212220,FALSE POSITIVE,1.08749101,4.91,3081.0,0.0,5988.0,2.747,3158.4199999999996,G,0,116.23084589913071
9964748,FALSE POSITIVE,1.183818383,0.91,1775.0,0.0,6014.0,0.992,2337.65,F,0,71.21024745904795
9842937,FALSE POSITIVE,4.98845099,1.33,1055.0,0.0,5695.0,0.961,292.71,G,0,38.86978149904606
9757613,CONFIRMED,3.543919702,1.21,652.0,1.0,3879.0,0.537,42.68,K,1,143.06193216338286
8247770,CANDIDATE,8.28157072,1.37,956.0,0.427,5640.0,1.175,197.82,G,0,16.808405640228596
6867588,CANDIDATE,0.82628442,0.96,1629.0,1.0,5218.0,0.829,1654.69,G,0,163.26097495581485
7501646,CANDIDATE,6.37705295,2.15,935.0,1.0,5672.0,0.965,180.66,G,0,78.84519760808948
11962284,CONFIRMED,8.83929462,1.94,778.0,0.999,5330.0,0.87,86.5,G,1,35.7720851712034
2573056,FALSE POSITIVE,0.631795416,1.88,2797.0,0.0,6414.0,1.519,3158.4199999999996,F,0,229.82123061177765
6842682,CONFIRMED,7.56126152,1.2,891.0,0.992,5853.0,0.895,149.17,G,1,23.88490326942163
8890150,CONFIRMED,34.9897847,1.14,292.0,0.985,3765.0,0.521,1.71,K,1,14.247015358171094
8890150,CONFIRMED,7.05429483,1.0,497.0,0.983,3765.0,0.521,14.46,K,1,50.93351052921614
8838950,CANDIDATE,2.27050106,0.55,903.0,0.911,4671.0,0.528,157.05,K,0,46.99403223357227
11360805,CONFIRMED,26.7838935,1.59,523.0,1.0,5242.0,0.856,17.69,G,1,13.638793777312474
9845898,CONFIRMED,45.126216,2.32,604.0,1.0,6499.0,1.169,31.54,F,1,8.267921245601448
12453581,CONFIRMED,11.94019101,1.86,625.0,0.986,5073.0,0.748,35.99,K,1,52.90535130224856
11922678,FALSE POSITIVE,3.51295674,1.1,1434.0,0.0,6453.0,1.17,999.6,F,0,23.655287027531116
11179076,CONFIRMED,48.4313003,2.78,396.0,0.985,4891.0,0.805,5.81,K,1,18.30221353771912
5364071,CONFIRMED,7.203855862,2.25,509.0,1.0,3834.0,0.539,15.87,K,1,245.1326114553512
5959719,CONFIRMED,6.73808701,0.73,786.0,0.922,5168.0,0.769,90.19,K,1,13.787295988034444
5544903,FALSE POSITIVE,7.57571414,2.45,1075.0,0.0,6418.0,1.171,315.8,F,0,55.24231673292784
5542983,FALSE POSITIVE,4.76887671,2.11,1532.0,0.0,6063.0,1.855,1303.61,F,0,24.282447847136734
8256453,FALSE POSITIVE,1.347512632,23.45,1346.0,1.0,5316.0,0.685,775.18,G,0,1967.9221827139058
9474493,FALSE POSITIVE,0.512581697,1.32,2009.0,0.0,5547.0,0.82,3158.4199999999996,G,0,505.4803975960149
4551663,FALSE POSITIVE,12.07760884,1.03,708.0,0.0,5370.0,0.845,59.51,G,0,12.50247478622598
12257999,CANDIDATE,18.55581565,20.83,1793.0,1.0,5988.0,2.747,2442.24,G,0,30.49717730947602
6922203,CANDIDATE,13.33094869,25.95,815.0,1.0,5991.0,1.039,104.37,G,0,54.429734662792406
11752908,FALSE POSITIVE,6.38315744,2.35,787.0,0.0,5262.0,0.714,91.0,G,0,174.30245305057053
7021681,CONFIRMED,27.52194772,2.47,314.0,1.0,3780.0,0.511,2.28,K,1,84.0347501394062
4346178,CONFIRMED,16.1289679,2.94,715.0,1.0,5392.0,1.087,61.87,G,1,24.1180962360276
9664142,CONFIRMED,13.5631157,1.75,733.0,0.978,5853.0,0.895,68.41,G,1,24.802560668268868
10018233,CONFIRMED,16.2959916,1.83,678.0,0.894,5495.0,0.961,49.81,G,1,22.68042406207426
8081899,CONFIRMED,4.16056658,0.7,985.0,0.986,5481.0,0.815,222.54,G,1,18.218672515511095
10189557,FALSE POSITIVE,2.93101771,1.15,1134.0,0.001,5485.0,0.788,390.28,G,0,67.92862401367067
8478994,CONFIRMED,39.79220077,1.9,458.0,0.997,5437.0,0.781,10.38,G,1,15.339689391097732
9965184,FALSE POSITIVE,16.2276756,2.11,648.0,0.0,5328.0,0.883,41.57,G,0,32.40143646943496
9911882,FALSE POSITIVE,1.595630597,17.94,1346.0,0.28,5632.0,0.729,778.05,G,0,162.69429809636574
8631504,CONFIRMED,14.8200596,0.96,552.0,1.0,4825.0,0.732,21.92,K,1,12.476333091130078
8110767,CONFIRMED,20.49041,2.34,625.0,0.96,5681.0,0.923,36.01,G,1,32.29803600806426
5471574,FALSE POSITIVE,0.962827066,29.27,3399.0,0.0,6534.0,2.747,3158.4199999999996,F,0,89.63187995797368
6767840,CONFIRMED,8.679037,1.79,949.0,1.0,6117.0,1.027,191.84,F,1,34.7503991514266
8379705,CONFIRMED,11.1296971,1.93,843.0,1.0,6122.0,0.964,119.44,F,1,33.33424051585375
9896018,CONFIRMED,2.7296036,1.53,1455.0,0.999,5887.0,1.235,1056.15,G,1,53.3410785360922
11037511,CONFIRMED,3.11604194,1.59,1123.0,1.0,5591.0,0.86,375.55,G,1,110.78156412747127
9757613,CONFIRMED,46.82767725,2.13,276.0,0.965,3879.0,0.537,1.37,K,1,32.83741774742842
11818872,CONFIRMED,12.7372371,0.87,697.0,1.0,5420.0,0.868,55.82,G,1,7.913804164012932
11771430,CONFIRMED,40.0306267,2.01,617.0,0.984,5855.0,1.373,34.19,G,1,5.358397249374065
5513012,CONFIRMED,0.679336747,1.4,1883.0,1.0,5440.0,0.913,2982.78,G,1,354.3161783356318
11761199,FALSE POSITIVE,154.608014,46.07,291.0,0.0,5931.0,0.845,1.69,G,0,31.4129900148643
8074805,FALSE POSITIVE,154.608014,24.4,387.0,0.0,5989.0,1.324,5.33,G,0,31.4129900148643
2437505,CANDIDATE,21.47642727,48.03,655.0,0.0,5780.0,1.0,43.52,G,0,226.14096557783748
2437505,FALSE POSITIVE,17.5509742,5.97,700.0,0.0,5780.0,1.0,56.9,G,0,219.87383469574016
11253827,CONFIRMED,88.5122014,4.7,390.0,0.82,5593.0,0.945,5.47,G,1,28.45596381246484
3533469,FALSE POSITIVE,10.21507506,1.5,780.0,0.387,5406.0,0.95,87.48,G,0,25.31552616902651
8956706,FALSE POSITIVE,8.3806973,1.91,701.0,0.0,5062.0,0.735,57.04,K,0,77.65463620789644
7047363,CONFIRMED,31.0572947,1.85,480.0,1.0,5395.0,0.734,12.57,G,1,20.49759987626997
11968463,CONFIRMED,15.1622287,3.12,829.0,0.982,6325.0,1.112,111.74,F,1,31.644424411036617
11968463,CONFIRMED,10.04378351,2.94,951.0,1.0,6325.0,1.112,193.39,F,1,43.599107802752705
8836888,CANDIDATE,7.10397925,1.51,818.0,0.294,5488.0,0.789,105.84,G,0,52.153868551910534
9880190,CONFIRMED,4.5513988,1.13,907.0,0.976,5009.0,0.84,159.65,K,1,41.459781551113466
5364071,CONFIRMED,10.91274065,2.13,443.0,1.0,3834.0,0.539,9.12,K,1,127.11747163165653
5392702,FALSE POSITIVE,12.2141545,18.13,683.0,0.0,5435.0,0.824,51.37,G,0,43.86713791773307
8429566,FALSE POSITIVE,3.732261,1.09,1119.0,0.0,5762.0,0.867,369.47,G,0,41.15467808923331
10387742,CONFIRMED,3.03267135,0.6,1187.0,0.998,5640.0,0.921,468.31,G,1,13.981073155190389
7673841,CONFIRMED,5.34182466,0.95,1125.0,0.989,5767.0,1.135,379.09,G,1,13.19773756857081
9827149,CONFIRMED,2.131945045,1.66,1418.0,1.0,5845.0,1.013,955.16,G,1,126.36348231949852
5546691,CONFIRMED,12.9462567,1.13,764.0,0.999,6058.0,0.867,80.34,F,1,13.030793681080029
12156347,CONFIRMED,5.77957133,1.5,598.0,1.0,4102.0,0.581,30.22,K,1,68.6210061880143
8636539,CANDIDATE,6.77367892,1.33,1083.0,0.99,6392.0,1.072,324.84,F,0,22.247880624374204
9283156,CANDIDATE,5.22402436,0.58,941.0,1.0,5487.0,0.84,185.16,G,0,9.20746089323366
8547429,CONFIRMED,11.6601667,2.08,834.0,0.995,5791.0,1.083,114.36,G,1,15.522934161824633
8803882,FALSE POSITIVE,89.465468,2.57,549.0,0.054,5192.0,2.46,21.43,K,0,0.758952046168249
9893318,CONFIRMED,18.0161227,2.39,768.0,1.0,6245.0,1.065,82.38,F,1,27.725166414413906
6864885,FALSE POSITIVE,40.8777605,29.55,526.0,0.0,5930.0,0.937,18.15,G,0,17.591472507404116
5097868,FALSE POSITIVE,6.80243431,2.6,895.0,1.0,5836.0,0.816,151.72,G,0,36.61924373658523
8570333,CONFIRMED,84.5733346,2.59,366.0,0.982,5418.0,0.888,4.26,G,1,10.542329969805873
8478994,CONFIRMED,21.30181863,0.72,564.0,1.0,5437.0,0.781,23.89,G,1,4.098241634498415
5036705,CONFIRMED,4.14789051,1.93,1389.0,0.987,6150.0,1.417,878.32,F,1,33.17348895017
9574158,CANDIDATE,15.92108138,3.14,645.0,1.0,5595.0,0.82,40.88,G,0,45.022067464615894
9653622,CONFIRMED,19.0054098,28.47,758.0,1.0,6347.0,1.036,78.19,F,1,28.539242547666614
4391348,FALSE POSITIVE,1.96433113,1.33,1638.0,0.0,6306.0,1.121,1704.63,F,0,70.81290820860737
7294743,CANDIDATE,2.81043228,1.43,1701.0,0.992,5415.0,2.079,1978.53,G,0,16.86573284021631
8947520,CONFIRMED,0.968527683,1.21,1677.0,0.98,5580.0,0.886,1867.0,G,1,118.3239281762481
10468885,CONFIRMED,0.664074145,1.19,1703.0,1.0,5178.0,0.797,1998.48,K,1,320.14497417302704
12016267,FALSE POSITIVE,11.7489907,1.01,1114.0,0.0,6440.0,1.655,363.51,F,0,3.123672572146985
6765135,CANDIDATE,154.608014,2.87,348.0,0.994,6225.0,1.009,3.46,F,0,3.27796720809052
3861595,CONFIRMED,3.849371737,12.94,2034.0,1.0,6244.0,2.747,3158.4199999999996,F,1,337.3537524365109
5725087,FALSE POSITIVE,0.366197145,48.03,3749.0,0.0,4448.0,2.747,3158.4199999999996,K,0,751.7808474448921
10489206,CONFIRMED,4.164384505,2.54,590.0,1.0,3808.0,0.508,28.75,K,1,561.4275043989963
3426367,CONFIRMED,2.10433534,0.79,662.0,1.0,3605.0,0.433,45.34,M,1,115.04820329634344
5562090,CONFIRMED,28.8431751,2.66,491.0,0.998,5151.0,0.785,13.77,K,1,26.234975774217038
11548140,FALSE POSITIVE,1.378649746,6.51,734.0,0.0,3440.0,0.439,68.34,M,0,3522.794686678889
12110786,FALSE POSITIVE,1.112207126,0.73,1797.0,0.0,6046.0,0.972,2467.09,F,0,49.181486722465046
5342061,CANDIDATE,64.034363,3.47,411.0,0.989,5691.0,0.783,6.72,G,0,11.849887536165543
3654095,FALSE POSITIVE,1.303576682,1.51,1694.0,0.0,6045.0,0.955,1940.45,F,0,188.32800815625512
5078939,FALSE POSITIVE,1.958577398,1.8,1252.0,0.0,5402.0,0.816,579.19,G,0,231.29032350857344
6867555,CONFIRMED,5.19103699,1.92,1183.0,1.0,6321.0,1.125,462.91,F,1,55.88478767515006
5339567,CONFIRMED,4.86638504,1.32,1121.0,0.984,5688.0,1.111,372.7,G,1,29.54965519949897
4459924,FALSE POSITIVE,4.79176993,0.81,883.0,0.0,5138.0,0.756,143.74,K,0,24.33338864414135
11080405,CONFIRMED,25.1933989,1.95,513.0,0.999,5009.0,0.84,16.34,K,1,19.10024137314795
5529738,FALSE POSITIVE,0.759762021,24.2,2280.0,0.0,6386.0,1.123,3158.4199999999996,F,0,298.77776688708684
4047631,CANDIDATE,4.790912471,2.25,717.0,1.0,4359.0,0.676,62.51,K,0,75.288371929849
10059645,CONFIRMED,6.49441464,1.75,732.0,0.965,4769.0,0.742,68.05,K,1,55.01650569080388
5364071,CONFIRMED,2.576571021,1.57,717.0,1.0,3834.0,0.539,62.42,K,1,330.98253184149274
7183745,CONFIRMED,28.4750006,2.64,489.0,1.0,4996.0,0.831,13.5,K,1,26.823528846563043
8212002,CONFIRMED,14.7966306,0.98,874.0,1.0,6175.0,1.307,138.25,F,1,3.791403699704445
8004903,CONFIRMED,11.25401871,2.42,888.0,0.993,5995.0,1.118,147.13,G,1,38.510687707929
8883329,CONFIRMED,9.18244299,1.24,1052.0,0.993,6194.0,1.314,289.74,F,1,9.539944881269554
8883329,CONFIRMED,14.6134781,1.12,901.0,0.932,6194.0,1.314,155.87,F,1,4.981702473691051
3644653,FALSE POSITIVE,119.682075,30.39,351.0,0.0,5778.0,0.911,3.59,G,0,14.238556609249965
11253827,CONFIRMED,42.9923284,3.32,496.0,1.0,5593.0,0.945,14.33,G,1,26.05348539345452
5514383,CONFIRMED,6.88341278,2.63,1080.0,1.0,6139.0,1.193,321.63,F,1,70.80789945013294
10747445,FALSE POSITIVE,4.593595496,44.14,1022.0,0.003,5717.0,0.884,258.12,G,0,1057.2763762567047
8022489,CONFIRMED,154.608014,9.52,391.0,0.989,5616.0,1.674,5.54,G,1,16.658903593445032
8022489,CONFIRMED,11.1726723,1.5,1019.0,0.986,5616.0,1.674,255.06,G,1,6.873915025682799
8022489,CONFIRMED,2.53573284,1.36,1671.0,0.999,5616.0,1.674,1842.18,G,1,26.81670518570876
9209624,CONFIRMED,6.79164656,1.01,994.0,0.996,5772.0,1.003,230.81,G,1,15.106793189779886
9209624,CONFIRMED,11.8376933,1.0,826.0,0.991,5772.0,1.003,110.03,G,1,7.847812715337033
3354846,CONFIRMED,18.5525162,2.53,612.0,0.995,5569.0,0.829,33.14,G,1,41.58465577838978
6516185,CANDIDATE,47.3659328,11.97,481.0,0.989,5708.0,0.902,12.62,G,0,15.981950639426655
8478994,CONFIRMED,13.3669309,0.27,656.0,0.0,5417.0,0.772,43.71,G,1,0.9127001621591385
3946023,FALSE POSITIVE,1.045492348,0.83,2291.0,0.0,6057.0,1.457,3158.4199999999996,F,0,27.451181306972128
7183745,CONFIRMED,4.86634094,1.94,881.0,0.943,4996.0,0.831,142.39,K,1,75.35435854603315
9177629,CONFIRMED,5.60402307,1.25,774.0,1.0,4847.0,0.737,84.65,K,1,40.131883325740844
7778767,CONFIRMED,13.0313583,2.88,774.0,0.998,5514.0,1.071,84.94,G,1,43.993878980366915
7515762,CONFIRMED,40.9905002,2.41,627.0,0.951,5842.0,1.41,36.5,G,1,7.252900026821337
5942949,CONFIRMED,57.2932309,1.95,355.0,0.833,4806.0,0.729,3.76,K,1,13.502467706006087
12120307,CONFIRMED,8.00504749,1.52,1035.0,0.996,6398.0,1.101,271.68,F,1,23.422721755770617
12120307,CONFIRMED,12.13070414,1.61,901.0,0.969,6398.0,1.101,155.85,F,1,17.410366089432955
12120307,CONFIRMED,5.61357653,1.41,1165.0,0.999,6398.0,1.101,435.61,F,1,28.91204905333321
7446631,CANDIDATE,29.2254372,1.35,614.0,1.0,6049.0,1.008,33.69,F,0,5.957139282761525
9777251,FALSE POSITIVE,1.33255087,1.19,1728.0,0.0,5774.0,1.054,2107.29,G,0,92.52930058872724
6864893,FALSE POSITIVE,40.8792243,1.62,437.0,0.0,5383.0,0.72,8.59,G,0,10.117608811867793
11701407,CONFIRMED,18.8262877,2.34,591.0,0.942,5215.0,0.845,28.85,G,1,42.27068090540229
5906426,CANDIDATE,13.9034057,1.55,646.0,0.893,5261.0,0.819,41.08,G,0,18.80114884369662
11288051,CONFIRMED,3.41045981,1.06,892.0,1.0,4983.0,0.651,149.88,K,1,39.935963942645024
10813132,CONFIRMED,4.76702759,1.19,1046.0,0.836,5629.0,0.937,282.97,G,1,34.27712487814656
5857540,CONFIRMED,13.62801048,3.28,639.0,1.0,5052.0,0.855,39.48,K,1,66.97969607079433
12208631,CANDIDATE,53.3580444,3.41,474.0,1.0,5481.0,1.036,11.94,G,0,13.795483104324566
7289317,CONFIRMED,16.83203175,1.86,690.0,0.968,5518.0,1.008,53.44,G,1,19.367834189119804
6500206,FALSE POSITIVE,13.37499553,2.01,703.0,0.0,5263.0,0.961,57.85,G,0,34.250478736421684
5545815,FALSE POSITIVE,4.35370136,1.33,1179.0,0.01,5992.0,0.985,456.83,G,0,38.79457639235044
3116302,FALSE POSITIVE,134.96694,0.87,385.0,0.0,6154.0,1.053,5.18,F,0,0.5067907740962343
7879433,CONFIRMED,1.385787741,0.55,1008.0,0.982,4239.0,0.6,245.15,K,1,61.6255992698957
9205907,CONFIRMED,12.02295362,3.28,776.0,0.997,5982.0,0.879,85.78,G,1,64.75946132777314
8463346,CONFIRMED,16.79716262,2.75,503.0,0.982,4652.0,0.697,15.19,K,1,60.9507702676513
5364071,CONFIRMED,18.59611518,1.53,371.0,0.999,3834.0,0.539,4.48,K,1,43.761828323973624
10489206,CONFIRMED,5.77440326,0.8,529.0,0.997,3808.0,0.508,18.6,K,1,42.48058006257083
7531677,FALSE POSITIVE,2.622134451,1.64,1548.0,0.424,5864.0,1.369,1359.14,G,0,48.891467007387256
10068659,CONFIRMED,11.47685263,1.58,796.0,0.993,5550.0,1.032,94.94,G,1,20.963935650012786
2443393,CANDIDATE,73.711039,1.77,563.0,0.884,6374.0,1.502,23.81,F,0,1.854539046722703
9019191,CANDIDATE,14.43348326,16.25,558.0,0.742,4915.0,0.702,22.91,K,0,36.49846613671827
9718379,FALSE POSITIVE,40.0088894,20.75,585.0,0.0,6237.0,1.023,27.65,F,0,14.554265532799317
3002478,CANDIDATE,6.35705314,1.59,990.0,0.999,5982.0,0.96,227.07,G,0,42.81858181855626
4055774,FALSE POSITIVE,6.58738839,1.35,871.0,0.0,5616.0,0.822,136.02,G,0,39.24165157658178
6670075,FALSE POSITIVE,0.759706632,1.38,3749.0,0.0,8621.0,2.094,3158.4199999999996,A,0,52.25701386268799
9395024,CONFIRMED,4.37033233,1.56,1191.0,0.998,5657.0,1.182,475.39,G,1,40.68340496202036
8631751,CANDIDATE,1.530515205,0.84,608.0,1.0,3462.0,0.259,32.46,M,0,431.03132712752114
11401822,FALSE POSITIVE,1.08070294,1.04,1565.0,0.0,5482.0,0.813,1419.52,G,0,134.72712492111847
6507427,FALSE POSITIVE,4.74254518,1.77,1118.0,0.0,6046.0,1.007,369.34,F,0,64.45905909113553
5521300,FALSE POSITIVE,18.13559979,24.49,744.0,0.0,6184.0,1.038,72.36,F,0,24.961953574296423
8478994,CONFIRMED,51.20690303,2.39,878.0,0.0,5706.8232800782525,1.0,141.3,G,1,8.219594919720338
9753154,CONFIRMED,3.70429015,1.45,1839.0,0.999,6732.0,1.927,2708.57,F,1,15.036619094214315
9011825,CONFIRMED,37.3331165,2.5,657.0,0.996,5623.0,1.588,44.17,G,1,5.030386359520776
4172746,CANDIDATE,17.6997392,1.96,523.0,0.996,4807.0,0.742,17.73,K,0,42.52605032734042
5174858,CONFIRMED,7.9709719,2.27,760.0,0.998,5237.0,0.826,79.1,G,1,61.272327405896384
11074835,CONFIRMED,6.03355539,3.34,1598.0,0.95,4924.0,2.747,1540.84,K,1,14.833708189426268
1996180,CONFIRMED,3.02558494,1.62,1484.0,0.999,6123.0,1.263,1148.47,F,1,42.40502334070978
10407221,FALSE POSITIVE,0.933746783,1.3,1309.0,0.0,4643.0,0.663,696.63,K,0,447.1233610665087
5991936,FALSE POSITIVE,6.09740316,45.49,1826.0,0.0,8828.0,1.828,2630.31,A,0,93.2364131224677
5095635,CANDIDATE,0.754457729,2.07,2131.0,1.0,5561.0,1.193,3158.4199999999996,G,0,328.97800693085617
6269070,CONFIRMED,2.7612237,1.84,2017.0,0.985,6381.0,2.232,3158.4199999999996,F,1,24.19217247773152
6705137,FALSE POSITIVE,5.59727625,1.26,975.0,0.0,5796.0,0.876,213.15,G,0,35.87459168198104
12254688,CANDIDATE,62.6825769,39.8,916.0,0.015,7058.0,2.747,166.36,F,0,6.363809845220323
8345172,FALSE POSITIVE,50.5715805,2.74,406.0,0.0,5262.0,0.783,6.44,G,0,25.362070698976865
4172013,CANDIDATE,16.2707207,28.42,827.0,1.0,6117.0,1.244,110.79,F,0,28.76332331117945
12254378,CONFIRMED,2.032319072,1.87,1542.0,0.999,6156.0,1.05,1333.35,F,1,155.24137146905642
4247791,FALSE POSITIVE,4.100870416,48.03,1413.0,0.0,5923.0,1.51,939.61,G,0,1184.3095507361186
7604328,CONFIRMED,4.35407371,1.63,1043.0,0.998,5455.0,0.909,279.53,G,1,63.64155006461754
11236244,CONFIRMED,11.32269749,1.51,554.0,0.956,4563.0,0.642,22.24,K,1,27.466953018454262
9837685,CONFIRMED,13.71218522,2.47,676.0,1.0,5550.0,0.831,49.26,G,1,57.3723288723196
5042210,CONFIRMED,12.14684625,1.75,1097.0,0.996,5877.0,1.963,342.49,G,1,5.820440840765562
12454461,CONFIRMED,7.46718958,1.04,1035.0,0.743,6161.0,1.169,271.25,F,1,10.137682884435351
1996180,CANDIDATE,5.42204257,1.39,1222.0,0.922,6123.0,1.263,527.11,F,0,14.588598112021092
9635606,CONFIRMED,48.8882668,2.96,386.0,0.999,4821.0,0.788,5.23,K,1,9.466484093070774
3728701,CONFIRMED,51.1319346,2.43,542.0,0.883,6071.0,1.107,20.36,F,1,7.476736465981477
10861715,FALSE POSITIVE,133.516435,2.01,344.0,0.0,5989.0,0.848,3.3,G,0,3.81975447442107
1849702,CONFIRMED,39.8312536,1.46,420.0,1.0,5026.0,0.759,7.33,K,1,9.761179095804307
9390653,CONFIRMED,9.549277089,1.57,374.0,1.0,3547.0,0.369,4.62,M,1,191.31291122596517
2305866,CANDIDATE,24.1073172,2.74,1065.0,0.966,6585.0,2.517,304.22,F,0,4.3223391112139185
11187837,CONFIRMED,17.60461401,2.64,362.0,1.0,3744.0,0.516,4.07,K,1,130.19882166675237
8885673,FALSE POSITIVE,1.228721184,1.62,1324.0,0.001,4897.0,0.764,728.99,K,0,378.9305548426192
9712350,CANDIDATE,51.5738653,2.41,417.0,0.989,5380.0,0.813,7.12,G,0,17.464271773323922
8025596,CONFIRMED,4.69505576,1.49,1098.0,0.997,5999.0,0.959,343.6,G,1,51.117603766222366
5956787,FALSE POSITIVE,0.569115976,1.8,1589.0,0.0,4788.0,0.656,1504.24,K,0,1400.2418375266275
3642741,FALSE POSITIVE,7.258450123,5.53,880.0,1.0,5638.0,0.92,141.3,G,0,511.775921450387
12071037,FALSE POSITIVE,6.0959841,0.99,988.0,0.0,5826.0,0.885,225.07,G,0,18.487581028959706
8494617,CONFIRMED,22.9221181,1.33,684.0,0.993,5897.0,1.081,51.7,G,1,6.1207258154733974
10289119,CONFIRMED,16.10474503,3.21,1159.0,0.99,5822.0,2.747,425.93,G,1,7.705803461577683
7382313,CONFIRMED,7.42697378,1.4,899.0,0.975,5573.0,0.982,154.52,G,1,27.629019043069786
9887224,FALSE POSITIVE,0.874629873,0.72,1597.0,0.0,5099.0,0.832,1538.25,K,0,77.86150702401174
7542369,FALSE POSITIVE,5.46091846,1.25,1106.0,0.0,6319.0,0.93,353.34,F,0,31.496533277297825
8544992,CONFIRMED,3.17323012,0.88,830.0,0.997,4500.0,0.633,112.21,K,1,64.44537341023349
8544992,CONFIRMED,13.2970695,0.91,515.0,0.94,4500.0,0.633,16.64,K,1,16.5224375190338
11295426,CONFIRMED,5.398752862,2.21,1140.0,1.0,5790.0,1.198,398.33,G,1,64.181489476745
7289162,FALSE POSITIVE,5.26648126,1.07,1155.0,0.0,6204.0,1.065,420.53,F,0,18.57027399732929
3001885,FALSE POSITIVE,2.67596808,1.57,998.0,0.0,4732.0,0.795,234.19,K,0,157.176762736273
12306058,CONFIRMED,7.41683033,3.36,1425.0,0.868,4938.0,2.747,973.85,K,1,9.788548041384141
6183511,CONFIRMED,0.727331746,0.67,849.0,0.958,3460.0,0.356,122.92,M,1,491.3851237286706
12469800,CONFIRMED,1.302017467,1.37,1344.0,1.0,4948.0,0.816,772.73,K,1,223.11528636351235
4915638,CONFIRMED,8.63050092,1.43,739.0,1.0,5352.0,0.764,70.63,G,1,37.749836657221515
6351097,FALSE POSITIVE,12.49117388,1.36,763.0,0.0,5753.0,0.911,80.08,G,0,15.20273449271687
8081905,CONFIRMED,3.27645723,1.71,1195.0,1.0,5812.0,0.963,482.56,G,1,98.58208953333414
11465950,CONFIRMED,16.0573291,2.27,645.0,1.0,5644.0,0.806,41.04,G,1,35.809193198886355
9996632,FALSE POSITIVE,8.44326557,1.97,934.0,0.274,6081.0,1.023,179.79,F,0,42.57831250474335
4665571,CONFIRMED,4.60300256,1.32,848.0,1.0,4821.0,0.788,122.02,K,1,65.71797344383836
4829935,FALSE POSITIVE,16.9329284,2.46,793.0,0.0,6310.0,1.095,93.34,F,0,28.83730377079962
9269042,CONFIRMED,12.00089667,1.47,632.0,0.997,5195.0,0.69,37.81,K,1,35.05571388275273
6199056,FALSE POSITIVE,1.169010526,48.03,3749.0,0.997,5944.0,2.747,3158.4199999999996,G,0,141.91488982366954
11461433,CONFIRMED,1.916940872,0.89,1246.0,0.997,5083.0,0.872,571.25,K,1,54.82693886658388
11818607,CONFIRMED,5.05661302,1.15,1049.0,1.0,5926.0,0.939,286.32,G,1,27.271218789054178
8380709,CONFIRMED,24.3344939,1.74,647.0,0.997,6091.0,0.967,41.3,F,1,13.277448930219997
6149910,CONFIRMED,131.187921,2.34,284.0,1.0,4898.0,0.803,1.54,K,1,6.981587885671273
9108085,FALSE POSITIVE,2.17489806,1.08,1496.0,0.0,5749.0,1.15,1187.26,G,0,34.39241653468577
5436013,CONFIRMED,25.8859397,1.66,542.0,1.0,5190.0,0.899,20.35,K,1,8.386792309494563
8676148,CONFIRMED,28.6253502,2.38,573.0,1.0,5774.0,0.941,25.54,G,1,22.801467770340153
9696358,CONFIRMED,6.98141327,1.42,1384.0,0.739,6054.0,2.163,865.81,F,1,5.443024002502576
5039129,FALSE POSITIVE,1.319677953,1.13,1843.0,0.0,6306.0,1.076,2729.71,F,0,76.30649566515869
4484336,CONFIRMED,8.94337724,1.48,946.0,0.922,6074.0,1.005,188.93,F,1,24.051316882614245
9580167,CANDIDATE,0.827151296,19.1,3749.0,1.0,4452.0,2.747,3158.4199999999996,K,0,329.32306497891284
9757613,CONFIRMED,12.282998287,2.83,431.0,1.0,3879.0,0.537,8.14,K,1,227.52588046501938
10527135,FALSE POSITIVE,0.328686504,1.11,2324.0,0.0,5430.0,0.847,3158.4199999999996,G,0,522.9907462218163
11752906,CONFIRMED,6.383159135,2.73,530.0,1.0,3757.0,0.576,18.73,K,1,362.3910905363947
10916600,CONFIRMED,5.57654782,0.92,1183.0,0.994,6187.0,1.238,462.81,F,1,9.611681228262112
8429314,CONFIRMED,115.6863392,3.52,401.0,0.997,5800.0,1.149,6.09,G,1,8.176419156670834
9153570,CONFIRMED,3.81371423,1.37,1029.0,0.95,5547.0,0.82,264.63,G,1,73.68145148096217
11768142,CONFIRMED,38.0970717,1.58,242.0,0.999,3554.0,0.398,0.81,M,1,23.97297112995695
7984574,CANDIDATE,11.6191707,2.21,756.0,1.0,5870.0,0.834,77.43,G,0,60.27968932412706
9592579,FALSE POSITIVE,2.637574744,9.16,1385.0,0.0,6108.0,1.03,868.86,F,0,1841.3506616440363
10336951,CANDIDATE,38.2292037,1.51,359.0,0.996,4544.0,0.598,3.92,K,0,15.846524158702264
8481129,CONFIRMED,16.3012727,1.54,557.0,0.992,4873.0,0.796,22.73,K,1,15.919002446968452
2142522,CONFIRMED,13.32354078,1.32,872.0,0.757,6113.0,1.218,136.61,F,1,8.751427411475225
9395719,CONFIRMED,2.607545159,2.07,1431.0,1.0,6147.0,1.096,993.79,F,1,134.80111697655167
8753896,CONFIRMED,3.24417541,1.84,1047.0,1.0,5094.0,0.87,283.66,K,1,114.63621814456697
8240617,CANDIDATE,154.608014,42.05,291.0,0.0,5592.0,0.797,1.69,G,0,2.7915758622965043
8746295,FALSE POSITIVE,6.85567248,1.27,897.0,0.0,5734.0,0.883,153.07,G,0,28.837433610889182
10090257,FALSE POSITIVE,2.28607282,1.01,942.0,0.0,4583.0,0.654,186.39,K,0,114.51953660863701
11295426,CONFIRMED,9.60505976,0.91,941.0,1.0,5790.0,1.198,185.15,G,1,5.726148652301566
10679583,FALSE POSITIVE,3.54789928,0.99,987.0,0.015,5399.0,0.725,224.45,G,0,52.22808918070527
11622985,CANDIDATE,18.0243482,1.98,683.0,1.0,5955.0,0.91,51.44,G,0,24.47800026410941
11361283,CANDIDATE,16.4793229,1.53,537.0,0.997,4908.0,0.716,19.62,K,0,29.07279643146018
8757824,CONFIRMED,3.65690909,1.32,1368.0,0.998,6078.0,1.271,828.52,F,1,29.369064791271583
9832208,CONFIRMED,88.0712769,2.4,330.0,0.717,4939.0,0.819,2.79,K,1,10.053220881597095
6124512,CONFIRMED,8.38395796,3.24,1285.0,0.996,5405.0,2.605,645.64,G,1,12.94138168603126
10070468,CONFIRMED,1.68189051,1.27,1790.0,0.998,5827.0,1.374,2432.14,G,1,49.46814284599299
10031656,FALSE POSITIVE,8.59000355,1.82,843.0,0.0,5817.0,0.876,119.26,G,0,34.703128847950246
7584650,CONFIRMED,44.9977604,1.59,508.0,0.91,5871.0,0.983,15.74,G,1,3.7824104685885658
11337566,CONFIRMED,7.12815163,1.36,1373.0,1.0,6311.0,1.994,839.5,F,1,6.439256960643527
6364215,CANDIDATE,2.10081629,1.65,1378.0,0.972,5815.0,0.918,852.78,G,0,80.49252131417926
10202759,FALSE POSITIVE,0.872952088,25.5,3165.0,0.0,7102.0,2.082,3158.4199999999996,F,0,157.28240058920622
5007345,CONFIRMED,7.01074295,3.76,1453.0,1.0,5814.0,2.476,1054.63,G,1,31.779798744439777
12120484,CONFIRMED,17.2922631,2.13,809.0,0.993,5936.0,1.299,101.22,G,1,11.745137049181261
6429812,CONFIRMED,94.289223,2.11,369.0,0.998,5632.0,0.904,4.39,G,1,5.360103561358226
6846911,CONFIRMED,14.02634692,2.66,822.0,0.998,5970.0,1.131,108.07,G,1,28.774420189515748
5385439,FALSE POSITIVE,12.425866431,2.12,741.0,0.0,5428.0,0.94,71.19,G,0,20.755091923134803
5963582,CONFIRMED,25.5433704,2.11,772.0,0.947,5422.0,1.782,84.0,G,1,5.4260654655033305
4476423,FALSE POSITIVE,33.8542586,15.96,1326.0,0.0,4553.0,2.747,730.99,K,0,7.482071989607831
11403389,CONFIRMED,45.0909201,2.44,487.0,1.0,5790.0,0.9,13.27,G,1,9.676005702088124
9851662,CONFIRMED,15.0539886,1.44,665.0,0.995,5475.0,0.818,46.3,G,1,14.71370849849056
6467363,CANDIDATE,3.67936863,0.92,1112.0,0.995,5676.0,0.848,361.27,G,0,23.34639679743098
6467363,CANDIDATE,7.4464635,0.77,879.0,1.0,5676.0,0.848,141.12,G,0,10.474771010426627
8758204,CONFIRMED,154.608014,2.73,289.0,0.996,5135.0,0.874,1.65,K,1,6.681413034643858
8733898,CONFIRMED,1.565412613,1.73,648.0,1.0,3464.0,0.328,41.85,M,1,1759.6638593073608
8733898,CONFIRMED,5.14892346,1.72,436.0,0.992,3464.0,0.328,8.54,M,1,457.37716209904585
3228945,FALSE POSITIVE,0.730943372,1.37,2190.0,0.0,6143.0,1.067,3158.4199999999996,F,0,184.28240156475485
7008149,FALSE POSITIVE,0.515552803,13.96,1807.0,0.001,5068.0,0.73,2508.21,K,0,2374.344573197869
10332213,CONFIRMED,2.522590567,25.82,1205.0,1.0,5591.0,0.86,499.07,G,1,83.32703798618462
7090524,CONFIRMED,6.73968289,1.48,1011.0,0.98,5511.0,1.176,246.9,G,1,21.069240544045833
11133306,CONFIRMED,41.74598855,2.4,584.0,0.999,5978.0,1.171,27.58,G,1,10.103964827537903
6307063,FALSE POSITIVE,75.378004,3.82,455.0,0.0,5876.0,1.077,10.13,G,0,5.940725095347443
5871985,CONFIRMED,154.608014,2.72,202.0,1.0,4477.0,0.637,0.39,K,1,12.886136678529484
8292840,CONFIRMED,100.2830675,2.51,475.0,1.0,6214.0,1.297,12.07,F,1,3.502086730643735
9730163,CONFIRMED,4.871223664,1.56,341.0,1.0,3157.0,0.18,3.18,M,1,997.0184772858337
9730163,CONFIRMED,2.984157711,0.92,401.0,0.939,3157.0,0.18,6.12,M,1,870.5974186362297
11453592,CONFIRMED,2.8867624,1.24,557.0,1.0,3483.0,0.389,22.75,M,1,218.86110197361583
3834322,FALSE POSITIVE,0.498434645,1.08,1676.0,0.0,4784.0,0.708,1873.28,K,0,479.90243535338516
10073672,CANDIDATE,2.252976718,1.19,795.0,0.93,4039.0,0.559,94.26,K,0,207.68079681505165
11188249,FALSE POSITIVE,2.75505467,1.74,1783.0,0.001,6257.0,1.748,2387.41,F,0,31.033866925043636
4677282,FALSE POSITIVE,1.572181216,48.03,3384.0,0.0,6622.0,2.747,3158.4199999999996,F,0,139.61494881516253
5097470,FALSE POSITIVE,1.28805834,1.08,1736.0,0.0,5631.0,1.132,2142.23,G,0,71.89115362585206
4858610,FALSE POSITIVE,2.72288246,1.06,1162.0,0.0,5458.0,0.872,431.75,G,0,56.04355026033698
10591855,CONFIRMED,1.574090323,0.93,998.0,1.0,4313.0,0.65,234.92,K,1,142.87617216994985
4832175,FALSE POSITIVE,0.947738312,0.88,1229.0,0.0,4464.0,0.638,537.85,K,0,213.35003285168446
7749773,CONFIRMED,13.7872627,1.55,894.0,1.0,5691.0,1.458,150.64,G,1,5.4470565792584775
9451706,CONFIRMED,14.4359459,1.46,884.0,1.0,6075.0,1.352,144.45,F,1,7.4328347268189745
10064256,CONFIRMED,5.95958637,1.02,897.0,1.0,5452.0,0.9,153.48,G,1,22.333764750858034
6842807,CANDIDATE,16.6146221,1.49,604.0,0.937,5295.0,0.8,31.48,G,0,21.73988657858189
4381282,FALSE POSITIVE,0.497581917,0.76,1801.0,0.0,5271.0,0.63,2487.04,G,0,282.5665386871364
9815053,CANDIDATE,5.83892993,1.19,835.0,0.994,5279.0,0.769,114.94,G,0,40.65813476888221
7609553,CONFIRMED,2.279523364,0.87,1123.0,0.999,5017.0,0.797,374.78,K,1,55.62566368150635
10122538,CONFIRMED,12.2854718,2.21,434.0,1.0,3891.0,0.564,8.39,K,1,131.62701655462675
10122538,CONFIRMED,5.53609368,2.2,566.0,0.976,3891.0,0.564,24.23,K,1,220.96808159503544
9697131,CANDIDATE,3.09756897,1.75,1782.0,1.0,6329.0,1.885,2380.18,F,0,26.89205657945366
5480640,CONFIRMED,58.0337426,3.21,486.0,0.998,5467.0,1.152,13.17,G,1,13.907426332348933
5480640,CONFIRMED,14.4252635,1.68,773.0,0.998,5467.0,1.152,84.28,G,1,15.334208626414345
5480640,CONFIRMED,26.6757818,2.69,630.0,0.997,5467.0,1.152,37.15,G,1,17.798916019023668
5175986,CONFIRMED,0.868386354,1.52,1389.0,0.0,4792.0,0.704,880.33,K,1,562.5376282686267
9008737,CONFIRMED,11.8288843,1.18,730.0,0.0,5653.0,0.857,67.13,G,1,16.146915901443045
9008737,CONFIRMED,14.7512034,1.63,678.0,0.0,5653.0,0.857,49.97,G,1,17.700250814791154
9692128,FALSE POSITIVE,1.480323978,1.46,1743.0,0.0,5996.0,1.081,2180.25,G,0,112.2727203436544
10917043,CANDIDATE,154.608014,2.11,200.0,1.0,4400.0,0.624,0.38,K,0,8.076554168789725
6521045,CONFIRMED,6.88707073,1.3,1155.0,1.0,5788.0,1.474,420.97,G,1,9.975213366220213
8167959,FALSE POSITIVE,154.608014,48.03,398.0,0.0,5800.0,1.412,5.96,G,0,0.3706146823669826
4075015,FALSE POSITIVE,1.11431205,1.07,1635.0,0.0,5776.0,0.849,1691.99,G,0,143.94531585654124
6697605,CONFIRMED,3.42064689,2.27,1129.0,0.709,5370.0,0.966,382.68,G,1,104.30775565963198
6697605,CANDIDATE,1.23935745,1.5,1583.0,1.0,5370.0,0.966,1488.51,G,0,121.75664091098174
6294819,CONFIRMED,0.675650404,1.36,2085.0,0.998,5966.0,0.961,3158.4199999999996,G,1,297.0471101797787
12602314,CANDIDATE,1.407020118,1.12,1350.0,0.992,5022.0,0.849,782.45,K,0,129.28031210993674
5787131,CANDIDATE,24.4359956,2.31,674.0,0.988,6197.0,1.035,48.81,F,0,20.322478696141197
3230753,FALSE POSITIVE,17.7337356,1.24,597.0,0.0,5335.0,0.831,29.95,G,0,12.253481437943623
8358012,FALSE POSITIVE,10.06478627,1.49,729.0,0.0,5438.0,0.82,66.74,G,0,28.38609706512923
4664046,FALSE POSITIVE,1.12976597,0.83,1429.0,0.0,5366.0,0.715,987.44,G,0,118.34309365859195
11401755,CONFIRMED,16.23191704,3.54,926.0,1.0,5919.0,1.585,174.1,G,1,30.902080066323457
4180401,FALSE POSITIVE,15.4126766,2.82,618.0,0.0,5240.0,0.856,34.56,G,0,38.91601800040364
6350476,FALSE POSITIVE,1.110599919,1.07,1539.0,0.0,5227.0,0.867,1320.65,G,0,141.90528677681274
8292840,CONFIRMED,21.86965714,1.51,790.0,1.0,6214.0,1.297,92.0,F,1,5.738544468100426
5272233,CONFIRMED,9.02436414,1.62,939.0,1.0,5885.0,1.111,183.39,G,1,23.78006878609843
5272233,CONFIRMED,17.3408735,1.43,755.0,0.992,5885.0,1.111,76.86,G,1,9.169088281510156
11456382,FALSE POSITIVE,0.814280672,1.91,2563.0,0.0,6366.0,1.543,3158.4199999999996,F,0,165.667692527522
3130548,FALSE POSITIVE,0.878855771,1.57,1864.0,0.0,5727.0,0.937,2857.19,G,0,306.8762917641466
9593757,FALSE POSITIVE,2.49432176,8.91,1342.0,0.0,5780.0,1.0,766.49,G,0,1947.1024459971834
6346809,CANDIDATE,17.57704569,27.21,673.0,1.0,5653.0,0.901,48.33,G,0,38.117896022832724
4275117,FALSE POSITIVE,1.00652785,1.03,1815.0,0.0,6089.0,0.889,2556.97,F,0,125.08347384525925
6545051,FALSE POSITIVE,1.99566293,1.11,1182.0,0.0,5235.0,0.771,462.26,G,0,98.7140649047382
5513866,FALSE POSITIVE,0.755111225,1.38,1999.0,0.0,5780.0,1.0,3158.4199999999996,G,0,222.48378045234327
4547603,CANDIDATE,1.400755743,1.3,1628.0,0.963,5487.0,1.072,1659.74,G,0,103.08720897387748
5688910,CONFIRMED,25.8730914,2.88,667.0,0.918,6036.0,1.093,46.82,F,1,26.8386946601982
6345732,CONFIRMED,20.2642023,2.12,770.0,1.0,5937.0,1.291,82.92,G,1,9.14420401339953
5716763,CANDIDATE,1.28132831,4.52,2215.0,0.0,5918.0,1.596,3158.4199999999996,G,0,410.1212748510958
6345732,CONFIRMED,7.44136102,1.33,1075.0,0.931,5937.0,1.291,315.02,G,1,10.71040630682907
8611257,CONFIRMED,99.2532336,2.17,300.0,0.999,5010.0,0.715,1.93,K,1,5.420478310743923
3861611,FALSE POSITIVE,3.84933401,2.12,1147.0,0.0,5984.0,0.906,408.84,G,0,130.90576153977347
12416987,CANDIDATE,119.0833042,22.19,240.0,0.0,4412.0,0.623,0.78,K,0,24.780971772867552
8259713,CANDIDATE,27.8813154,1.54,681.0,0.999,6434.0,1.055,50.86,F,0,7.503232792237629
10880507,CONFIRMED,6.4802138,1.26,934.0,0.73,5496.0,0.983,180.05,G,1,21.91285725788862
11098013,CANDIDATE,7.50790041,1.77,1138.0,1.0,6408.0,1.337,396.33,F,0,19.3129892622004
5443604,FALSE POSITIVE,21.3910125,1.72,483.0,0.0,4889.0,0.686,12.88,K,0,30.190249292781257
12206313,CONFIRMED,14.3832267,1.84,889.0,0.982,6115.0,1.291,147.78,F,1,12.410288993081087
12206313,CONFIRMED,47.3186631,2.1,598.0,0.998,6115.0,1.291,30.22,F,1,5.566513987162921
9837661,CONFIRMED,11.12827427,4.04,408.0,1.0,3640.0,0.503,6.52,M,1,436.4288551993066
7769819,CONFIRMED,2.21571296,1.7,1283.0,1.0,5417.0,0.901,638.56,G,1,128.67190161671485
11874577,CONFIRMED,34.4585495,1.88,559.0,0.998,6161.0,0.862,23.05,F,1,12.507781269202873
12164564,CONFIRMED,3.35184041,1.88,1294.0,0.996,6198.0,1.005,661.69,F,1,103.01803121945177
8190354,FALSE POSITIVE,1.615758517,1.31,2158.0,0.0,5622.0,2.017,3158.4199999999996,G,0,25.808312047412223
3425851,CANDIDATE,110.3783828,3.02,473.0,1.0,6342.0,1.359,11.82,F,0,4.437463093543349
10397751,CONFIRMED,3.4462125,0.7,1015.0,1.0,5374.0,0.721,251.24,G,1,24.229498326060856
10397751,CONFIRMED,2.005414293,0.65,1216.0,0.829,5374.0,0.721,516.85,G,1,29.669679830091848
10397751,CANDIDATE,4.28886792,0.57,944.0,1.0,5374.0,0.721,187.43,G,0,13.82649246983572
7815931,FALSE POSITIVE,1.868564038,1.4,1565.0,0.0,6065.0,1.023,1417.56,F,0,94.56459420525356
6679295,CANDIDATE,24.5752524,1.64,316.0,0.993,3678.0,0.512,2.35,M,0,40.829692556891096
9642292,CONFIRMED,15.1408916,1.93,714.0,0.997,5926.0,0.887,61.42,G,1,31.490879969050173
6356692,CONFIRMED,11.39169531,1.02,886.0,1.0,5557.0,1.249,145.67,G,1,4.476945582913419
6026737,CANDIDATE,10.1747037,1.04,985.0,0.934,5866.0,1.339,222.53,G,0,5.150027120691485
4991208,CONFIRMED,2.44358543,0.67,1249.0,0.998,5561.0,0.873,574.37,G,1,24.18577197032968
8243283,FALSE POSITIVE,1.7592691,1.21,1519.0,0.0,5784.0,0.984,1254.94,G,0,79.80586938064222
9837661,CONFIRMED,2.226496196,2.1,697.0,1.0,3640.0,0.503,55.76,M,1,826.0063517305915
9837661,CONFIRMED,5.72084599,1.78,509.0,1.0,3640.0,0.503,15.84,M,1,230.03590767875224
9092504,CONFIRMED,0.962864171,1.52,1666.0,1.0,5704.0,0.804,1828.67,G,1,315.20541436783816
5383248,CONFIRMED,16.23847733,2.76,711.0,1.0,5683.0,0.993,60.35,G,1,39.82516259731109
9092504,CONFIRMED,6.46004728,1.8,883.0,0.956,5704.0,0.804,144.06,G,1,61.02122521926805
10001368,CONFIRMED,4.76831033,1.78,1219.0,1.0,6237.0,1.116,522.81,F,1,52.80696569092641
9466429,CONFIRMED,44.616751,2.31,693.0,0.996,6763.0,1.424,54.56,F,1,5.372421671851453
4365442,FALSE POSITIVE,1.714410345,1.84,2551.0,0.0,6340.0,2.498,3158.4199999999996,F,0,29.397862738631574
8885643,CONFIRMED,3.40165617,1.34,1236.0,1.0,6177.0,0.906,552.42,F,1,45.830616678698604
5652893,CONFIRMED,14.00948631,0.98,617.0,1.0,5153.0,0.767,34.32,K,1,12.12749677186415
3241557,FALSE POSITIVE,1.703359172,0.69,1525.0,0.0,6026.0,0.904,1284.58,F,0,33.81553400294838
3957082,FALSE POSITIVE,3.77881664,3.99,2580.0,0.001,6115.0,2.747,3158.4199999999996,F,0,12.464219486447483
8681833,CONFIRMED,1.311558909,1.15,1655.0,0.982,5926.0,0.963,1776.99,G,1,107.73439075468933
4138951,CONFIRMED,1.291233083,0.89,1887.0,0.99,6384.0,1.086,2993.7,F,1,51.113931999525754
3102384,CONFIRMED,10.573751447,2.07,844.0,1.0,5720.0,1.08,120.25,G,1,28.268112930231997
10471515,CONFIRMED,3.7847507,0.7,1311.0,0.992,6017.0,1.206,699.15,F,1,8.85130954596296
4935172,CANDIDATE,2.17291055,0.93,1507.0,0.785,6164.0,1.045,1220.49,F,0,35.16021402721801
8760040,CONFIRMED,18.2206024,1.78,786.0,0.999,5951.0,1.262,90.43,G,1,11.075374763679603
8760040,CANDIDATE,7.35101287,1.42,1064.0,0.913,5951.0,1.262,303.08,G,0,15.7665347686978
10098844,CONFIRMED,47.4497134,1.61,551.0,0.985,6007.0,1.126,21.82,F,1,4.3498682122703825
9467404,CONFIRMED,0.929906166,1.48,2291.0,1.0,6039.0,1.413,3158.4199999999996,F,1,116.89351460865569
5308666,FALSE POSITIVE,0.784513087,48.03,3749.0,0.0,3853.0,2.747,3158.4199999999996,K,0,403.56242011294836
5184911,CONFIRMED,4.11585514,1.93,895.0,1.0,4827.0,0.823,151.55,K,1,103.45359239246696
8176564,CANDIDATE,6.57159435,1.26,1211.0,1.0,6042.0,1.432,507.81,F,0,9.997573876421633
6587105,CONFIRMED,33.878639,3.52,564.0,1.0,5533.0,1.072,24.0,G,1,20.664938753885597
11662184,CONFIRMED,27.5722144,1.94,636.0,0.995,5912.0,1.09,38.62,G,1,10.746325837361834
11127479,CONFIRMED,2.12821621,0.7,1668.0,1.0,5952.0,1.377,1831.55,G,1,12.169816148519983
5428668,FALSE POSITIVE,0.703399912,2.15,2013.0,0.0,5955.0,0.91,3158.4199999999996,G,0,755.4735093569361
5041569,FALSE POSITIVE,2.5355023,2.7,1477.0,0.024,6268.0,1.1,1127.68,F,0,139.85394531095477
10604521,CANDIDATE,0.868122253,1.65,2047.0,1.0,6116.0,1.084,3158.4199999999996,F,0,266.43712818176084
9899181,FALSE POSITIVE,1.332560553,0.4,1249.0,0.0,4947.0,0.714,574.99,K,0,23.788787630425976
9899181,FALSE POSITIVE,18.936061,0.34,516.0,0.0,4947.0,0.714,16.7,K,0,1.2832658280938154
8884274,CONFIRMED,10.65275054,2.2,737.0,1.0,5602.0,0.817,69.81,G,1,69.53133814771562
7767162,CONFIRMED,3.30040818,1.43,1543.0,1.0,6333.0,1.438,1341.9,F,1,29.935691166539286
4861791,FALSE POSITIVE,5.62950902,2.11,979.0,0.0,5822.0,0.898,216.41,G,0,52.84652692500703
4385148,CANDIDATE,13.84301228,1.98,699.0,0.954,5745.0,0.837,56.45,G,0,41.01708418046711
4385148,CONFIRMED,24.2758992,2.25,580.0,0.973,5745.0,0.837,26.68,G,1,28.92580802938908
9838468,CONFIRMED,54.4099612,1.56,513.0,0.948,5746.0,1.133,16.35,G,1,3.547144598956266
6781548,FALSE POSITIVE,9.12209336,28.17,863.0,0.0,5899.0,0.96,131.35,G,0,99.40700716529392
8617363,CONFIRMED,19.94752741,2.52,625.0,0.988,5749.0,0.864,36.14,G,1,43.17828381918739
11401755,CONFIRMED,13.84984567,1.45,977.0,0.063,5919.0,1.585,214.98,G,1,6.108371314436458
7673192,CONFIRMED,6.12479773,1.51,1140.0,0.98,6052.0,1.202,399.43,F,1,21.110901241141885
7673192,CONFIRMED,11.24284815,1.44,931.0,1.0,6052.0,1.202,177.7,F,1,12.096578926043753
7673192,CONFIRMED,4.02877097,1.21,1311.0,0.997,6052.0,1.202,699.45,F,1,24.920751451899985
7673192,CONFIRMED,8.92114318,1.27,1006.0,0.999,6052.0,1.202,241.79,F,1,12.419932935097226
11807274,CONFIRMED,7.81285862,1.68,1196.0,1.0,6237.0,1.543,483.06,F,1,15.013710820227283
7670943,CONFIRMED,18.01164974,1.83,900.0,1.0,6477.0,1.459,155.37,F,1,5.985015340410456
6697756,CONFIRMED,0.916142298,0.6,1212.0,0.992,4374.0,0.614,507.47,K,1,107.51604877870184
5649833,FALSE POSITIVE,0.597933473,1.24,2564.0,0.0,6543.0,1.159,3158.4199999999996,F,0,177.2772470291189
10518399,FALSE POSITIVE,2.69636494,1.24,1406.0,0.0,5653.0,1.139,925.14,G,0,40.424795020513805
5905822,CONFIRMED,6.99205021,1.06,1194.0,1.0,6057.0,1.467,479.87,F,1,4.776853568961999
10793172,CONFIRMED,12.0999065,1.39,807.0,0.989,5553.0,1.098,100.37,G,1,13.677791642439551
10793172,CONFIRMED,5.36375016,1.15,1059.0,0.995,5553.0,1.098,296.73,G,1,21.309717378782608
7136729,FALSE POSITIVE,3.17319407,0.91,1077.0,0.0,5369.0,0.784,318.23,G,0,42.79599577091105
6364276,FALSE POSITIVE,5.24368302,0.91,654.0,0.0,4194.0,0.629,43.13,K,0,42.985054424590295
4367854,CANDIDATE,5.1952021,1.37,836.0,0.276,5044.0,0.738,115.35,K,0,61.74928209241369
5108946,FALSE POSITIVE,0.591280187,1.3,2385.0,0.0,6246.0,1.092,3158.4199999999996,F,0,228.31815265949373
8801316,CONFIRMED,3.93766786,1.36,1947.0,1.0,6277.0,2.741,3158.4199999999996,F,1,6.171165487786977
10597693,CANDIDATE,31.6084371,1.89,634.0,1.0,6341.0,1.033,38.1,F,0,10.49086985702308
7466270,CANDIDATE,16.1558656,2.04,455.0,0.782,4504.0,0.53,10.1,K,0,45.26529361571317
10876237,FALSE POSITIVE,1.465943491,1.6,2472.0,0.0,6230.0,2.19,3158.4199999999996,F,0,35.67668216482432
12314973,CONFIRMED,28.45489091,6.08,769.0,1.0,6206.0,1.573,82.7,F,1,49.85434681464396
3346154,CONFIRMED,1.952711161,2.58,1403.0,1.0,5741.0,0.946,917.15,G,1,206.3797288860787
5308387,FALSE POSITIVE,0.620739667,29.28,2947.0,0.0,6559.0,1.602,3158.4199999999996,F,0,174.30817740861403
6233573,FALSE POSITIVE,0.587470828,48.03,3434.0,0.0,5787.0,2.667,3158.4199999999996,G,0,329.88872087449425
10363281,FALSE POSITIVE,0.934924739,2.29,3156.0,0.0,6477.0,2.628,3158.4199999999996,F,0,78.93683514989328
4861527,FALSE POSITIVE,25.7054557,1.75,670.0,0.0,6326.0,1.001,47.76,F,0,10.35966851192605
5775129,CONFIRMED,3.84822189,1.72,1283.0,0.988,5927.0,1.193,641.53,G,1,52.985510146869416
9898447,CONFIRMED,2.37752442,0.53,1278.0,1.0,5615.0,0.936,632.62,G,1,13.501438609829297
5307568,FALSE POSITIVE,2.62838097,1.01,1375.0,0.001,5884.0,1.07,846.09,G,0,34.20356524647948
11135308,CONFIRMED,1.877878538,0.78,1701.0,0.999,6324.0,1.115,1977.35,F,1,25.29450070321854
2985587,CANDIDATE,3.375716723,2.34,1472.0,1.0,6310.0,1.282,1111.66,F,0,52.048206178821594
6521045,CONFIRMED,35.3331932,1.55,670.0,1.0,5788.0,1.474,47.52,G,1,2.821709304213128
8077137,CONFIRMED,15.0896415,1.42,968.0,1.0,6063.0,1.613,207.64,F,1,5.155854763017398
7019524,CONFIRMED,5.30873978,1.08,1042.0,0.981,5914.0,0.955,279.21,G,1,24.016999379088045
5106313,CONFIRMED,3.89524296,1.13,956.0,0.991,5018.0,0.838,197.66,K,1,48.52072179857043
9825174,CONFIRMED,0.740926358,1.22,1873.0,0.993,5618.0,0.874,2909.21,G,1,263.8588813707718
5642620,CANDIDATE,75.8580035,2.72,281.0,0.0,4474.0,0.614,1.47,K,0,15.138811292337797
8429415,FALSE POSITIVE,1.352564873,1.45,2447.0,0.0,6463.0,1.823,3158.4199999999996,F,0,41.920355268608255
5014903,FALSE POSITIVE,7.72768833,1.89,899.0,0.0,5765.0,0.94,154.46,G,0,52.38306498833656
5980783,CONFIRMED,37.3033197,2.31,493.0,0.983,5646.0,0.817,14.0,G,1,14.789568446906884
8873090,CANDIDATE,10.16435076,1.99,1389.0,0.999,6133.0,2.71,879.94,F,0,3.7090416191028814
8560804,FALSE POSITIVE,31.9729501,2.41,757.0,0.0,6007.0,1.759,77.49,F,0,4.888507301051336
12008872,CONFIRMED,14.8877665,1.96,831.0,1.0,6143.0,1.116,112.85,F,1,16.96023375971137
8415200,CONFIRMED,4.52158614,1.31,1214.0,0.989,5576.0,1.289,513.68,G,1,23.487333141904934
4072333,FALSE POSITIVE,2.007750531,1.64,1319.0,0.0,5645.0,0.865,716.79,G,0,175.32058618093325
9886361,CONFIRMED,7.03146295,1.38,1194.0,1.0,6170.0,1.499,480.26,F,1,12.14540993919338
9886361,CONFIRMED,54.2811949,2.07,604.0,0.986,6170.0,1.499,31.45,F,1,2.7228582619134643
3730335,FALSE POSITIVE,0.596087893,1.92,2967.0,0.0,6049.0,1.827,3158.4199999999996,F,0,176.31628025701235
6528464,CONFIRMED,12.58229808,1.53,917.0,1.0,5587.0,1.423,167.41,G,1,9.433888725675462
7428316,FALSE POSITIVE,7.12684695,1.38,941.0,0.0,6050.0,0.896,185.17,F,0,28.946882323605955
10275766,FALSE POSITIVE,0.661749944,23.92,2420.0,0.0,6363.0,1.198,3158.4199999999996,F,0,325.802823188452
10275766,FALSE POSITIVE,154.608014,2.53,303.0,0.0,6392.0,1.23,1.99,F,0,2.7288365530650953
6370120,FALSE POSITIVE,1.35477049,0.8,1102.0,1.0,4414.0,0.689,348.9,K,0,107.25063844577838
5642620,FALSE POSITIVE,0.493393859,1.4,1505.0,0.0,4474.0,0.614,1203.14,K,0,536.4882338351114
5209845,CONFIRMED,11.95401876,2.1,525.0,1.0,4359.0,0.659,17.92,K,1,71.59935224997086
9652649,FALSE POSITIVE,2.48883033,0.64,1230.0,0.0,5615.0,0.833,540.34,G,0,20.652271623514007
11100670,FALSE POSITIVE,20.2340219,0.99,562.0,0.0,5528.0,0.71,23.53,G,0,9.568043415036534
6129524,CONFIRMED,0.88184263,1.24,1564.0,1.0,5268.0,0.776,1419.46,G,1,283.38389583184477
5794570,CONFIRMED,5.448321078,2.17,978.0,1.0,5721.0,0.905,215.95,G,1,97.167548024599
5794570,CONFIRMED,1.116127169,1.0,1659.0,1.0,5721.0,0.905,1797.63,G,1,97.83831361961944
5649325,FALSE POSITIVE,154.608014,10.65,467.0,0.0,5970.0,2.229,11.24,G,0,10.684439682408701
9958387,CANDIDATE,154.608014,9.91,354.0,0.999,5185.0,1.853,3.73,K,0,10.527914807831372
6779260,CONFIRMED,3.833087643,2.25,1012.0,1.0,5397.0,0.831,247.8,G,1,120.37293246936592
11807274,CONFIRMED,9.37663713,1.89,1125.0,1.0,6237.0,1.543,379.3,F,1,12.627128293275437
5953297,CONFIRMED,5.62006198,1.45,772.0,1.0,4868.0,0.746,84.01,K,1,33.82524973505719
7659389,CONFIRMED,3.8259005,3.45,1005.0,1.0,5223.0,0.885,241.25,G,1,224.05182779844904
9472074,CONFIRMED,0.558841234,1.33,1787.0,1.0,5151.0,0.792,2412.15,K,1,502.6472330780087
10842192,CONFIRMED,9.33648141,2.39,577.0,1.0,4442.0,0.648,26.22,K,1,94.83229935548064
2442448,CONFIRMED,76.6139446,2.61,466.0,0.997,6173.0,1.03,11.12,F,1,6.509258890189033
11197853,CANDIDATE,0.698461304,14.81,3749.0,1.0,4676.0,2.747,3158.4199999999996,K,0,192.4229720820726
9665922,FALSE POSITIVE,1.545388842,0.56,1421.0,0.0,5782.0,0.767,964.53,G,0,34.16615842241211
11283615,CONFIRMED,1.289590179,1.38,1448.0,1.0,5467.0,0.808,1040.23,G,1,221.77588249142522
7605093,CONFIRMED,0.634003002,1.35,1714.0,1.0,5226.0,0.75,2030.16,G,1,499.8399045435434
3859363,FALSE POSITIVE,1.56859048,23.41,1693.0,0.001,6248.0,1.002,1935.28,F,0,178.8867161810137
8077137,CONFIRMED,22.8030252,1.29,843.0,1.0,6063.0,1.613,119.6,F,1,2.758405932911042
12023078,FALSE POSITIVE,0.623441939,13.89,3219.0,0.0,5385.0,2.747,3158.4199999999996,G,0,205.47222120711388
6364162,FALSE POSITIVE,5.24364571,25.01,1149.0,0.0,6197.0,1.056,411.58,F,0,51.567175769394225
7463685,CONFIRMED,8.98826122,1.39,864.0,0.998,5984.0,0.906,131.92,G,1,17.89000075367191
6716021,CANDIDATE,110.7556272,29.64,651.0,0.984,6525.0,2.668,42.53,F,0,43.85059362473638
11231334,FALSE POSITIVE,4.15743922,48.03,2089.0,0.0,6529.0,2.747,3158.4199999999996,F,0,354.0641058367656
8326342,CANDIDATE,14.4079035,23.4,624.0,0.0,5440.0,0.728,35.81,G,0,212.2446197671993
6878240,CONFIRMED,135.4978256,6.01,295.0,1.0,5307.0,0.757,1.8,G,1,35.84337961508955
6878240,CONFIRMED,22.2508509,2.07,539.0,0.96,5307.0,0.757,20.01,G,1,27.805678208917396
2436378,FALSE POSITIVE,8.53161917,48.03,891.0,0.006,5780.0,1.0,148.92,G,0,569.2588831294493
6614629,FALSE POSITIVE,0.526615152,1.46,2959.0,0.0,5718.0,1.832,3158.4199999999996,G,0,121.53087459967351
6630943,FALSE POSITIVE,0.690405794,1.04,1731.0,0.0,5204.0,0.786,2129.33,G,0,258.39875845537875
4831728,CONFIRMED,10.10773789,1.98,879.0,1.0,5480.0,1.174,140.75,G,1,29.175667514267133
4831728,CANDIDATE,7.0956395,1.2,989.0,0.899,5480.0,1.174,225.73,G,0,15.234708584053628
3336765,FALSE POSITIVE,1.844857057,0.97,1601.0,0.0,6143.0,1.004,1548.86,F,0,46.3992587800801
4270565,FALSE POSITIVE,18.0116764,2.02,695.0,0.003,6003.0,0.932,55.07,F,0,23.16275235768726
6528464,CONFIRMED,33.67280658,1.86,661.0,0.797,5587.0,1.423,45.09,G,1,5.075312020516468
11963206,CONFIRMED,3.00912491,1.22,1177.0,1.0,5713.0,0.893,452.27,G,1,63.606532039907904
4249611,CANDIDATE,79.2450351,3.33,404.0,0.983,5648.0,0.917,6.33,G,0,17.00169604694894
8263545,CONFIRMED,4.44589508,1.94,1063.0,0.999,5918.0,0.865,302.6,G,1,99.28259485601716
10068024,FALSE POSITIVE,2.023126394,0.92,1607.0,0.0,6349.0,1.059,1582.75,F,0,35.68734025423426
9636563,FALSE POSITIVE,10.63609504,1.36,728.0,0.0,5546.0,0.81,66.5,G,0,27.322057475710558
6937402,CONFIRMED,10.3108232,1.27,786.0,1.0,5708.0,0.893,90.1,G,1,19.785035204560582
5475641,FALSE POSITIVE,1.069842837,1.77,1433.0,0.0,4999.0,0.786,998.07,K,0,505.02745012069465
2853828,FALSE POSITIVE,1.077467951,31.06,2339.0,0.0,6329.0,1.508,3158.4199999999996,F,0,70.25731014063359
7899070,CANDIDATE,126.4451275,4.49,321.0,1.0,5613.0,0.795,2.51,G,0,25.72262027257634
4035667,FALSE POSITIVE,2.8736467,6.47,2866.0,0.0,8173.0,2.747,3158.4199999999996,A,0,75.06141934566973
9612825,FALSE POSITIVE,2.846517614,1.88,528.0,0.0,3468.0,0.32,18.32,M,0,756.8546175172202
7826659,CONFIRMED,154.608014,3.43,215.0,1.0,4658.0,0.686,0.5,K,1,12.634532644601464
7202957,CONFIRMED,1.716828304,0.74,1455.0,1.0,5808.0,0.902,1056.84,G,1,34.656930958892204
5513893,FALSE POSITIVE,0.755103143,1.49,2927.0,0.0,5996.0,2.128,3158.4199999999996,G,0,58.00532073801737
10514430,FALSE POSITIVE,20.71927223,2.51,818.0,0.0,5729.0,1.545,105.78,G,0,10.840149089541644
8095441,CONFIRMED,11.87457664,1.32,728.0,1.0,5523.0,0.88,66.33,G,1,18.585925771581863
5881813,CONFIRMED,109.6469948,4.85,428.0,0.987,5332.0,1.453,7.95,G,1,8.205423246128037
12456601,CONFIRMED,15.64588656,2.18,710.0,0.995,5896.0,0.916,60.08,G,1,36.56552141075987
10341917,FALSE POSITIVE,0.93375241,3.18,1594.0,0.0,5402.0,0.815,1528.26,G,0,554.7509108972474
3241604,FALSE POSITIVE,1.70336496,1.67,1484.0,0.0,5881.0,0.915,1151.45,G,0,185.92609771660443
9591070,FALSE POSITIVE,0.764174368,1.18,2241.0,0.0,6321.0,1.125,3158.4199999999996,F,0,131.12190645996648
7428736,CONFIRMED,7.06321927,1.21,827.0,0.993,5305.0,0.818,110.22,G,1,29.335065510432607
5817986,FALSE POSITIVE,0.584310213,23.09,2053.0,0.0,5783.0,0.88,3158.4199999999996,G,0,1385.2230921043306
11129258,CONFIRMED,25.384175,2.44,649.0,0.999,6137.0,0.994,42.01,F,1,23.400405961588273
10586004,CONFIRMED,15.79196594,2.4,910.0,0.952,5758.0,1.704,161.97,G,1,12.860969987629037
4939533,CANDIDATE,5.77207177,1.54,915.0,0.985,5591.0,0.86,165.58,G,0,56.91197425980724
4846856,CANDIDATE,46.151253,2.08,423.0,0.977,5204.0,0.769,7.59,G,0,14.062456765800054
7202957,CONFIRMED,8.16733851,1.03,865.0,1.0,5808.0,0.902,132.43,G,1,12.843841340916821
6521045,CONFIRMED,12.81590421,2.26,939.0,1.0,5788.0,1.474,183.68,G,1,17.2051847756437
5790807,FALSE POSITIVE,79.99623328,40.73,717.0,0.354,6796.0,2.49,62.49,F,0,60.71160854537675
8892303,CONFIRMED,5.424749327,5.15,625.0,1.0,4137.0,0.591,36.05,K,1,895.2856080975555
10265602,CANDIDATE,154.608014,6.98,301.0,1.0,5594.0,0.812,1.93,G,0,31.4129900148643
5369827,CONFIRMED,3.606940379,2.04,1046.0,1.0,5508.0,0.84,283.23,G,1,119.85227216864956
5302643,FALSE POSITIVE,69.2002312,45.24,585.0,0.0,7044.0,1.267,27.66,F,0,32.82503483890094
6586746,CONFIRMED,6.26404774,1.55,809.0,1.0,5032.0,0.817,101.27,K,1,60.45611651101497
9962455,CONFIRMED,23.1985852,2.61,793.0,0.933,5416.0,1.756,93.34,G,1,9.68593550265298
9962455,CONFIRMED,5.77721259,2.17,1260.0,0.992,5416.0,1.756,596.37,G,1,23.24650476467926
8687088,FALSE POSITIVE,0.905037231,1.1,2627.0,0.0,6223.0,1.763,3158.4199999999996,F,0,41.434759494441174
6436029,CONFIRMED,59.4969009,2.92,369.0,0.993,4817.0,0.833,4.36,K,1,21.212869593347172
6197215,CONFIRMED,10.61345333,1.77,987.0,1.0,5865.0,1.388,224.63,G,1,14.151850046341135
9451706,CONFIRMED,48.6303805,2.48,590.0,0.999,6075.0,1.352,28.6,F,1,6.98740163055068
9244508,CONFIRMED,40.5289885,5.92,933.0,0.989,6443.0,2.747,178.81,F,1,8.89980266840363
9692557,FALSE POSITIVE,0.571940563,1.88,3320.0,0.0,5827.0,2.286,3158.4199999999996,G,0,94.93993521840835
9366886,FALSE POSITIVE,0.633514386,0.81,1357.0,0.0,4330.0,0.618,807.27,K,0,282.70865501703065
3657176,FALSE POSITIVE,17.4166143,1.84,723.0,0.0,5946.0,1.017,64.73,G,0,18.040245629140447
3969687,CONFIRMED,16.3583482,2.23,959.0,0.996,6133.0,1.765,200.1,F,1,7.115632860779918
9369366,FALSE POSITIVE,36.0054414,3.33,1024.0,0.001,7048.0,2.747,259.71,F,0,3.263395626639922
6716545,CONFIRMED,13.9093544,1.33,928.0,0.901,6052.0,1.424,175.14,F,1,6.240404658896318
4552729,CANDIDATE,97.4463194,3.05,283.0,1.0,4735.0,0.686,1.52,K,0,21.972097183180015
2989706,FALSE POSITIVE,1.257689465,2.45,1513.0,0.0,5676.0,0.787,1244.66,G,0,751.854910385212
5185897,CONFIRMED,4.081411554,1.0,755.0,0.998,4498.0,0.635,77.0,K,1,42.11778148947731
5185897,CONFIRMED,11.41941928,0.99,536.0,0.988,4498.0,0.635,19.47,K,1,13.179304158100761
5185897,CONFIRMED,6.83440674,1.01,636.0,0.992,4498.0,0.635,38.68,K,1,25.91300265515072
3663173,CANDIDATE,154.608014,11.12,481.0,0.606,5974.0,2.232,12.65,G,0,16.175746232662945
9881077,CONFIRMED,24.4004378,2.47,437.0,0.996,4583.0,0.674,8.64,K,1,35.265760682375955
3097346,FALSE POSITIVE,4.029810359,1.77,1479.0,0.0,5929.0,1.651,1132.21,G,0,27.569535561859425
5717567,FALSE POSITIVE,1.287622419,0.87,1957.0,0.0,6170.0,1.274,3158.4199999999996,F,0,28.346819270471244
6265792,CONFIRMED,0.935115863,1.05,2124.0,0.975,5874.0,1.297,3158.4199999999996,G,1,69.29622580897228
9995402,CONFIRMED,3.57551429,0.89,1061.0,0.991,5213.0,0.917,299.19,G,1,25.95430824022801
9109857,CANDIDATE,1.791877025,1.48,2223.0,0.961,6002.0,2.139,3158.4199999999996,F,0,25.727211944134392
5609593,CONFIRMED,136.205112,2.35,248.0,1.0,4648.0,0.675,0.89,K,1,8.878521387655406
5436338,CONFIRMED,6.30922043,1.37,606.0,0.997,4380.0,0.53,31.73,K,1,109.55394690497445
11414465,CONFIRMED,2.94194296,1.22,988.0,1.0,4901.0,0.758,225.15,K,1,94.49537390079107
6716545,CANDIDATE,145.881936,1.8,424.0,0.804,6052.0,1.424,7.63,F,0,1.0755272674747065
2708885,FALSE POSITIVE,1.146934644,1.39,1554.0,0.001,5423.0,0.862,1382.04,G,0,223.3780288530547
6612284,FALSE POSITIVE,1.245353252,1.48,1704.0,0.0,5982.0,0.96,1996.55,G,0,180.0292404102543
10586004,CONFIRMED,82.2001239,2.57,525.0,0.803,5758.0,1.704,17.96,G,1,2.8454944944432135
4483138,CONFIRMED,15.3626052,1.8,608.0,0.887,5011.0,0.851,32.23,K,1,30.483111028590383
9475552,CONFIRMED,0.843379985,1.7,1541.0,1.0,4818.0,0.856,1329.99,K,1,407.0525814055215
9475552,CONFIRMED,6.56606941,1.83,777.0,1.0,4818.0,0.856,86.27,K,1,61.28476183744758
8292840,CONFIRMED,10.49566303,1.34,1009.0,1.0,6214.0,1.297,244.59,F,1,10.108937348382078
5196864,CANDIDATE,2.50343279,20.23,1147.0,1.0,5174.0,0.84,408.12,K,0,461.76594179706336
11071200,CANDIDATE,96.4562198,9.1,727.0,0.996,7029.0,2.704,65.96,F,0,9.854211599530256
11071200,CANDIDATE,44.5643831,5.8,940.0,0.992,7029.0,2.704,184.67,F,0,8.089419732144794
10905911,CONFIRMED,1.34155642,0.74,1642.0,0.844,5779.0,0.97,1715.26,G,1,43.382446785204905
3545135,CONFIRMED,8.48299282,0.8,879.0,0.995,5827.0,0.933,141.04,G,1,8.145710065566222
6964929,CONFIRMED,0.665025941,1.11,2174.0,0.941,5884.0,1.07,3158.4199999999996,G,1,157.43746754083386
6432345,CONFIRMED,154.608014,2.56,267.0,0.998,5422.0,0.885,1.2,G,1,5.617431965719448
8703129,CANDIDATE,154.608014,19.25,555.0,0.977,5177.0,2.747,22.41,K,0,7.140638906337675
11565924,CONFIRMED,13.32191461,2.88,1299.0,1.0,6995.0,2.274,672.06,F,1,10.021082097297725
6607357,CONFIRMED,7.69994466,0.92,969.0,0.996,5727.0,1.104,208.61,G,1,9.207858384790002
6607357,CONFIRMED,4.77466043,0.81,1137.0,0.936,5727.0,1.104,395.06,G,1,11.372536496799626
9451706,CONFIRMED,29.39337161,2.5,698.0,1.0,6075.0,1.352,55.98,F,1,11.124957161727933
6186964,CONFIRMED,2.164570593,1.27,783.0,1.0,3941.0,0.554,88.91,K,1,242.58853081443485
5471202,FALSE POSITIVE,12.4258343,2.75,830.0,0.0,6185.0,0.991,111.92,F,0,36.16658561107643
9640439,FALSE POSITIVE,0.873227249,1.68,2152.0,0.052,6341.0,1.111,3158.4199999999996,F,0,254.00031922274565
9693006,CONFIRMED,2.88878583,0.84,1423.0,0.997,5696.0,1.331,969.05,G,1,14.15819739049329
6837283,CANDIDATE,21.1181653,2.89,1110.0,0.988,6461.0,2.566,359.11,F,0,5.336637837568209
5613821,CANDIDATE,5.06092282,0.98,998.0,0.999,5637.0,0.911,234.93,G,0,14.147617449736172
6627507,FALSE POSITIVE,7.37453336,48.03,1654.0,0.0,5028.0,2.747,1770.84,K,0,41.27718801179848
5128673,CONFIRMED,87.9724227,3.39,446.0,0.95,5837.0,1.159,9.37,G,1,9.851951025102325
6690836,CONFIRMED,0.568874717,1.49,1796.0,1.0,5223.0,0.78,2473.19,G,1,665.172820468307
8639908,CANDIDATE,0.910020582,1.12,1127.0,1.0,4297.0,0.533,380.16,K,0,393.5075833262857
5481148,FALSE POSITIVE,22.023514,4.79,639.0,0.0,5860.0,0.936,39.45,G,0,75.82804451642005
11076400,CANDIDATE,1.07808492,1.01,1417.0,1.0,4906.0,0.814,951.61,K,0,144.33000324315825
7877978,CONFIRMED,56.5732318,2.69,356.0,1.0,4701.0,0.775,3.79,K,1,12.170066621507734
7903086,FALSE POSITIVE,1.846861455,2.23,1337.0,0.0,5591.0,0.86,753.4,G,0,351.1903928927901
12024120,CONFIRMED,3.568099612,1.36,1407.0,0.999,6007.0,1.334,926.89,F,1,27.577705417491018
8210018,CONFIRMED,132.9955503,2.51,241.0,1.0,4523.0,0.659,0.8,K,1,9.58979452412552
3642289,CONFIRMED,6.002548291,2.33,1209.0,1.0,6204.0,1.36,504.79,F,1,33.652373993037486
3642289,CONFIRMED,11.44865823,1.32,975.0,1.0,6204.0,1.36,213.39,F,1,6.568455314959647
3662838,CONFIRMED,24.85466504,7.61,1095.0,1.0,6967.0,2.527,339.33,F,1,31.229549814926816
5966322,CONFIRMED,60.92818866,2.78,467.0,0.995,5638.0,1.023,11.28,G,1,12.401484708769281
6029239,CONFIRMED,8.512037736,2.14,839.0,1.0,5767.0,0.881,117.11,G,1,70.22995180950875
12106929,FALSE POSITIVE,5.93720557,1.84,894.0,0.0,5857.0,0.712,150.81,G,0,62.55468092205539
12107021,FALSE POSITIVE,5.93719982,1.47,1059.0,0.0,6102.0,1.026,297.14,F,0,29.576232116775884
8248939,FALSE POSITIVE,1.63345402,24.87,1750.0,0.0,6283.0,1.091,2211.18,F,0,219.7796788917266
12404954,CONFIRMED,3.247548814,1.41,1181.0,1.0,5703.0,0.975,460.67,G,1,64.57177767305456
1571511,FALSE POSITIVE,14.022451457,14.93,810.0,0.004,6061.0,1.05,101.92,F,0,346.35170711006725
2438070,FALSE POSITIVE,2.442945167,38.29,1587.0,0.0,5657.0,1.428,1499.89,G,0,277.49292499777175
3747262,FALSE POSITIVE,1.312459403,1.65,2824.0,0.0,6543.0,2.507,3158.4199999999996,F,0,28.11515534549452
10190075,CANDIDATE,11.1916199,1.47,782.0,0.946,5646.0,0.956,88.34,G,0,14.86826764014743
9070666,CONFIRMED,2.99792926,1.12,1616.0,0.603,5888.0,1.645,1611.51,G,1,15.143786281334737
3642335,CONFIRMED,60.8660974,1.39,244.0,0.996,3808.0,0.522,0.84,K,1,11.735597163487599
3328052,FALSE POSITIVE,2.11547854,1.66,1521.0,0.0,6208.0,1.024,1264.56,F,0,105.36623075363366
10749059,CANDIDATE,154.608014,3.0,287.0,0.994,5201.0,0.897,1.6,G,0,7.631557831148391
9119568,FALSE POSITIVE,5.54867998,0.68,882.0,0.0,5258.0,0.835,143.26,G,0,12.417367779065897
9119568,FALSE POSITIVE,1.22174063,0.46,1461.0,0.0,5258.0,0.835,1081.5,G,0,26.355839536907276
9020114,CONFIRMED,3.48412874,1.16,1132.0,1.0,5696.0,0.921,389.41,G,1,46.381753390662595
6196457,CONFIRMED,13.74883059,3.63,975.0,1.0,5862.0,1.67,213.84,G,1,30.97718000175024
7668416,CANDIDATE,0.858546796,0.88,1671.0,1.0,5269.0,0.864,1846.35,G,0,123.58091660736918
6029239,CANDIDATE,5.518195,0.46,969.0,0.786,5767.0,0.881,208.54,G,0,4.911026159822188
6063220,CONFIRMED,4.603575293,1.51,810.0,1.0,4783.0,0.741,101.65,K,1,95.66477617291358
6071903,CONFIRMED,24.30784323,2.14,532.0,1.0,5313.0,0.82,18.87,G,1,27.8552067986165
6289257,CONFIRMED,19.67409703,1.78,711.0,1.0,6023.0,1.031,60.37,F,1,10.414709233544936
10905239,CONFIRMED,3.487688776,5.64,1445.0,1.0,5576.0,1.593,1033.07,G,1,372.39561308838523
11623629,CONFIRMED,81.737872,2.16,385.0,0.755,5559.0,0.873,5.2,G,1,7.6928843951308155
3545478,CANDIDATE,75.1122132,23.23,777.0,0.953,6201.0,2.747,86.18,F,0,49.945273081102606
4815520,CONFIRMED,31.578651216,4.52,570.0,0.998,5733.0,0.99,24.94,G,1,67.3049645300595
6603043,FALSE POSITIVE,110.32167272,18.6,761.0,0.0,9244.0,2.025,79.11,A,0,44.02308159636468
7175184,CONFIRMED,5.88527364,1.59,1253.0,1.0,6070.0,1.431,583.47,F,1,19.149491917252636
7109851,FALSE POSITIVE,1.086486129,1.69,2539.0,0.0,5911.0,2.0,3158.4199999999996,G,0,60.7462886440587
11565544,CANDIDATE,3.76562031,19.39,1084.0,0.998,5743.0,0.853,326.2,G,0,61.7693715381517
7347246,CONFIRMED,86.1160885,3.11,441.0,0.941,6161.0,1.053,8.93,F,1,10.163025460683807
11403530,CONFIRMED,3.61460332,0.9,1397.0,0.939,5799.0,1.375,900.38,G,1,12.145177800589193
5088536,CONFIRMED,8.45744892,1.02,982.0,0.999,5903.0,1.137,220.05,G,1,9.151695828391714
12072872,CANDIDATE,2.46288834,0.67,1391.0,0.98,5893.0,0.967,883.43,G,0,19.245695888917155
6609270,CONFIRMED,3.82223397,1.05,601.0,0.614,3729.0,0.514,30.84,K,1,94.89215020502786
12406807,CONFIRMED,17.067644,1.62,769.0,0.929,6347.0,0.996,82.56,F,1,15.37411959143277
8046689,FALSE POSITIVE,5.78542702,1.91,1212.0,0.003,6555.0,1.178,510.79,F,0,44.28368020447348
5096590,CONFIRMED,29.6099055,1.74,629.0,0.996,5812.0,1.122,37.12,G,1,4.056075086089011
9650989,CONFIRMED,3.42390809,1.25,1212.0,1.0,5788.0,1.015,508.75,G,1,44.714985325438455
6289257,CONFIRMED,5.21104597,1.18,1107.0,1.0,6023.0,1.031,354.82,F,1,19.708135485897472
6291837,CONFIRMED,35.5969684,3.72,646.0,1.0,6212.0,1.209,41.06,F,1,19.229165593775676
7024222,FALSE POSITIVE,1.633107509,0.53,1083.0,0.001,4579.0,0.684,324.97,K,0,37.22963715795394
7024511,FALSE POSITIVE,66.1544958,3.33,315.0,0.0,4679.0,0.643,2.33,K,0,29.80900959417485
7050989,CONFIRMED,11.57890926,2.06,951.0,1.0,6156.0,1.303,193.48,F,1,21.02097827477059
7175184,CONFIRMED,10.10463142,1.59,1046.0,1.0,6070.0,1.431,283.38,F,1,11.341334011765467
8494142,CONFIRMED,42.88247951,3.61,709.0,0.999,6143.0,1.763,59.6,F,1,9.535362802532124
11554435,CONFIRMED,9.43414171,5.73,791.0,0.999,5578.0,0.886,92.39,G,1,421.5539815121136
8494142,CONFIRMED,22.95062278,2.17,873.0,0.989,6143.0,1.763,137.23,F,1,5.655619947407807
5652983,FALSE POSITIVE,154.608014,17.14,339.0,0.0,5134.0,2.747,3.11,K,0,10.284072337931978
6471021,CONFIRMED,125.6291479,10.02,388.0,0.006,5819.0,1.111,5.35,G,1,38.65902205964098
7906671,FALSE POSITIVE,45.1178526,2.78,517.0,0.0,5585.0,1.038,16.87,G,0,8.62629707691363
8709688,CONFIRMED,4.17939037,1.52,1194.0,0.963,5633.0,1.162,478.98,G,1,41.34574296777164
8241079,CANDIDATE,10.9192653,1.9,1107.0,1.0,5745.0,1.972,355.29,G,0,8.343052164874132
3348285,FALSE POSITIVE,0.803835923,0.78,2129.0,0.0,6242.0,1.047,3158.4199999999996,F,0,65.43623952969318
11618601,CONFIRMED,2.76263737,1.25,1231.0,0.828,5772.0,0.901,544.05,G,1,66.96499584380848
7582689,CONFIRMED,11.9216035,0.87,851.0,0.983,6006.0,1.082,123.89,F,1,3.623673610685006
7582689,CONFIRMED,6.80257947,0.73,1026.0,0.982,6006.0,1.082,262.26,F,1,4.807000071694863
7582689,CONFIRMED,8.70312154,0.72,945.0,1.0,6006.0,1.082,188.7,F,1,3.6768416771989605
9959589,FALSE POSITIVE,1.332557603,19.88,1703.0,0.0,6091.0,0.967,1983.27,F,0,169.0733665042171
9025922,FALSE POSITIVE,11.32029599,8.02,811.0,0.0,5780.0,1.0,102.12,G,0,380.1579043340898
6196457,CONFIRMED,26.723169,2.31,781.0,0.976,5862.0,1.67,88.1,G,1,7.297038760635013
7050989,CONFIRMED,16.39926461,1.94,847.0,0.998,6156.0,1.303,121.53,F,1,13.464018372223828
7419318,CONFIRMED,18.73577127,2.1,568.0,1.0,5188.0,0.795,24.66,K,1,30.273640290870183
7419318,CONFIRMED,8.43639829,1.5,742.0,1.0,5188.0,0.795,71.51,K,1,40.953495570442065
7603200,CONFIRMED,13.78109471,1.42,402.0,1.0,3846.0,0.503,6.17,K,1,54.85776100583812
7603200,CONFIRMED,23.08902241,1.24,338.0,1.0,3846.0,0.503,3.1,K,1,25.91274716511482
10905239,CONFIRMED,6.02977241,1.18,1204.0,0.917,5576.0,1.593,496.46,G,1,9.05506813316027
7364176,CONFIRMED,135.1879934,2.32,345.0,1.0,5731.0,0.906,3.33,G,1,4.907240527175396
8686097,CONFIRMED,154.608014,2.85,355.0,0.992,5851.0,1.116,3.77,G,1,4.263039042723879
12356617,CONFIRMED,154.608014,10.81,223.0,0.0,5755.0,1.549,0.58,G,1,31.4129900148643
12643589,FALSE POSITIVE,44.14599042,48.03,624.0,0.0,6692.0,1.152,35.87,F,0,101.20511415632207
12643589,FALSE POSITIVE,1.411627439,2.99,1966.0,0.0,6692.0,1.152,3158.4199999999996,F,0,364.9688195101739
3323887,CONFIRMED,19.270825843,7.74,661.0,0.0,5779.0,0.956,45.05,G,1,252.02344930973283
11618601,CONFIRMED,5.05368985,1.21,1007.0,0.972,5772.0,0.901,243.06,G,1,33.93560053947513
7732285,FALSE POSITIVE,4.39049637,2.07,1637.0,0.001,6429.0,1.908,1701.16,F,0,25.851291160502655
9716391,CONFIRMED,13.1829329,1.84,661.0,0.958,5382.0,0.827,45.19,G,1,39.29322889901078
6929841,CONFIRMED,3.51575492,1.35,1033.0,0.998,5094.0,0.901,269.57,K,1,67.524615737436
5088536,CONFIRMED,87.5177787,1.85,451.0,0.894,5903.0,1.137,9.76,G,1,1.5596830955674155
5124254,FALSE POSITIVE,14.0498182,1.45,480.0,0.0,4228.0,0.652,12.56,K,0,33.59474074902976
11508644,CONFIRMED,14.2563272,1.73,797.0,0.998,6140.0,1.027,95.22,F,1,14.45673889976375
12168993,CANDIDATE,4.21223579,1.04,887.0,0.999,5116.0,0.7,146.4,K,0,27.63378068158905
8895758,CONFIRMED,0.968980781,1.08,1844.0,0.877,5866.0,1.0,2730.51,G,1,122.29344722163277
10031500,FALSE POSITIVE,8.589562,15.95,891.0,0.0,5766.0,0.945,148.61,G,0,28.56955919289016
7603200,CONFIRMED,10.31282204,0.59,443.0,0.999,3846.0,0.503,9.07,K,1,13.342613638274319
7700622,CONFIRMED,35.58349688,2.03,408.0,1.0,4894.0,0.684,6.54,K,1,26.349293414357653
8008067,CONFIRMED,15.77111067,2.62,752.0,1.0,5620.0,1.143,75.61,G,1,34.69001083358703
8008067,CONFIRMED,154.608014,2.63,350.0,1.0,5620.0,1.143,3.53,G,1,3.5664386711545237
8008067,CONFIRMED,7.305706326,2.11,972.0,1.0,5620.0,1.143,210.72,G,1,36.25932773361796
3323887,CONFIRMED,38.90787517,7.98,523.0,0.0,5779.0,0.956,17.66,G,1,124.82562922749298
7051180,CANDIDATE,1.951082219,10.35,2005.0,1.0,5302.0,2.426,3158.4199999999996,G,0,590.3390378855172
3323887,CONFIRMED,1.59295975,1.48,1517.0,0.0,5779.0,0.956,1251.43,G,1,155.873367170765
2449074,FALSE POSITIVE,4.94402197,32.92,1419.0,0.0,6013.0,1.7,958.29,F,0,73.48268316857825
2446113,FALSE POSITIVE,6.71725648,2.78,1264.0,0.073,6078.0,1.683,603.71,F,0,40.59693132336671
2446113,CANDIDATE,23.1375919,1.83,837.0,1.0,6078.0,1.683,115.86,F,0,4.927046880794885
11137180,CONFIRMED,6.07032548,1.36,789.0,0.929,5076.0,0.763,91.45,K,1,51.331679170521184
9838804,FALSE POSITIVE,1.33256952,1.06,1461.0,0.0,5547.0,0.82,1076.99,G,0,122.69528722223812
5903749,CANDIDATE,18.9763286,2.24,638.0,1.0,5300.0,0.986,39.11,G,0,17.379547274492285
5903749,CANDIDATE,6.34724702,1.35,919.0,0.985,5300.0,0.986,168.14,G,0,25.176269254446
5524881,FALSE POSITIVE,7.19552624,1.67,1037.0,0.0,6242.0,1.093,273.05,F,0,29.824086917651208
3756264,CONFIRMED,7.36272124,1.86,901.0,1.0,5868.0,0.894,155.72,G,1,58.3072461942074
11572193,CONFIRMED,10.6761592,1.79,1049.0,0.989,6460.0,1.434,285.79,F,1,14.143663200526271
11285870,CONFIRMED,4.48494315,1.23,1199.0,0.972,6217.0,1.051,488.22,F,1,30.07841916569221
8581240,CANDIDATE,10.76800074,0.92,885.0,1.0,5874.0,1.096,144.85,G,0,6.045690520634195
8581240,CANDIDATE,4.32848303,0.66,1199.0,0.986,5874.0,1.096,488.23,G,0,8.201487623713751
6196457,CONFIRMED,49.3567907,1.91,637.0,0.476,5862.0,1.67,38.86,G,1,2.637934885016744
8121310,CONFIRMED,22.20809549,3.02,803.0,0.999,6336.0,1.403,98.36,F,1,20.85725902108862
8156120,CONFIRMED,38.5833679,8.56,761.0,0.987,6273.0,1.927,79.08,F,1,35.97923342508418
8684730,CANDIDATE,46.15119482,10.02,703.0,0.998,5877.0,1.963,57.8,G,0,39.377095372890714
8700558,FALSE POSITIVE,4.79179893,26.26,1249.0,0.0,6499.0,1.103,575.43,F,0,25.85667758809738
8753657,CONFIRMED,2.426304127,1.41,1302.0,1.0,5678.0,0.97,679.12,G,1,76.41251479435826
8554498,CANDIDATE,4.780327581,7.14,1441.0,1.0,5937.0,1.787,1020.05,G,0,200.99040990806105
3847708,FALSE POSITIVE,3.741231778,1.55,951.0,0.0,5206.0,0.767,193.55,G,0,111.99519967297786
3849155,FALSE POSITIVE,1.168310132,1.43,1577.0,0.0,5509.0,0.857,1469.16,G,0,242.4869837557824
3858804,FALSE POSITIVE,25.9525478,48.03,865.0,0.0,5211.0,2.721,132.4,G,0,18.433642958168445
3942670,CONFIRMED,33.4160553,2.98,689.0,1.0,6007.0,1.42,53.18,F,1,8.25351758380649
3942670,CONFIRMED,12.6119685,1.33,953.0,0.993,6007.0,1.42,194.9,F,1,6.065666909967306
6949898,CANDIDATE,7.64809462,1.19,840.0,0.991,5641.0,0.85,117.65,G,0,25.614222853325526
10585738,CONFIRMED,0.636424848,1.31,1846.0,0.973,5343.0,0.885,2754.93,G,1,342.38135214984567
7186665,FALSE POSITIVE,8.55935323,1.21,921.0,0.0,6115.0,0.919,169.77,F,0,17.384491094311343
2973386,CANDIDATE,31.0209175,1.66,291.0,1.0,3720.0,0.48,1.7,K,0,27.70711085511897
6388770,FALSE POSITIVE,21.3419702,2.39,878.0,0.0,5706.8232800782525,1.0,105.86,G,0,19.721703106866862
7022573,CANDIDATE,2.118893997,1.41,1230.0,0.761,5504.0,0.796,541.53,G,0,146.96346322227086
7676423,CONFIRMED,2.46050095,1.03,969.0,1.0,4811.0,0.634,208.54,K,1,112.49741643058499
9288237,CANDIDATE,7.49133777,1.01,1291.0,0.988,6177.0,1.71,656.15,F,0,4.605318977627676
11714231,CONFIRMED,5.8660127,1.45,1064.0,0.998,6020.0,1.04,302.77,F,1,31.196659359431663
11720424,CONFIRMED,23.9107056,1.91,709.0,0.98,6338.0,1.091,59.76,F,1,12.295747558365655
7837302,FALSE POSITIVE,23.836808884,48.03,919.0,0.0,6095.0,1.94,168.28,F,0,203.74791036983
8753657,CONFIRMED,4.62334491,0.77,1050.0,0.996,5678.0,0.97,287.25,G,1,13.410204344888472
8948424,FALSE POSITIVE,5.888835386,48.03,1008.0,0.0,5780.0,1.0,243.87,G,0,824.7301345094858
9139084,CONFIRMED,5.83599485,1.92,884.0,1.0,5423.0,0.828,144.5,G,1,94.80817139514782
9641041,FALSE POSITIVE,1.089077863,1.96,2359.0,0.0,6280.0,1.551,3158.4199999999996,F,0,122.6725880112761
9724984,FALSE POSITIVE,7.86335883,7.84,1195.0,0.0,5731.0,1.913,482.18,G,0,59.4275309193794
2452450,FALSE POSITIVE,8.0970583,4.83,1203.0,0.0,6573.0,1.455,495.31,F,0,84.06756809445228
3230578,FALSE POSITIVE,6.337614357,9.57,1351.0,0.0,6581.0,1.536,787.89,F,0,285.18617545791454
3231137,FALSE POSITIVE,3.900140077,23.78,1253.0,0.0,6407.0,0.955,582.32,F,0,139.25140873856876
3353050,CONFIRMED,5.0800579,3.95,1673.0,1.0,6049.0,2.52,1851.94,F,1,43.85776784158307
3446746,CONFIRMED,13.14496741,1.59,698.0,1.0,5411.0,0.888,56.15,G,1,22.8832822948779
5695396,CONFIRMED,16.09196369,2.13,718.0,0.976,5680.0,1.016,62.74,G,1,25.838984477599205
5217891,FALSE POSITIVE,154.608014,3.48,294.0,0.0,5514.0,0.826,1.77,G,0,6.955654963655378
6593150,CANDIDATE,5.4654174,1.23,927.0,0.998,5612.0,0.829,174.08,G,0,40.16161693341116
8051946,CONFIRMED,1.4951513,1.44,1870.0,0.993,5635.0,1.452,2880.38,G,1,34.77908891227262
5445681,CONFIRMED,20.3504704,1.01,695.0,0.915,5952.0,1.002,55.07,G,1,5.002341370939514
6523351,CANDIDATE,6.06664931,0.87,915.0,0.976,5569.0,0.892,165.66,G,0,10.763767058755535
5551672,CANDIDATE,2.184437698,0.94,529.0,0.013,3421.0,0.25,18.41,M,0,708.0998471213895
11499192,CONFIRMED,4.13592927,1.43,1226.0,0.998,5886.0,1.152,535.42,G,1,37.7666032959021
12416661,CONFIRMED,8.05337912,1.28,1320.0,0.999,6231.0,2.062,717.7,F,1,4.755767663400403
8197793,CANDIDATE,15.2311195,1.94,800.0,0.998,5836.0,1.186,96.84,G,0,17.667775503960822
8258171,FALSE POSITIVE,23.6272223,3.84,1358.0,0.0,8308.0,2.747,804.44,A,0,6.543299844434104
9880467,FALSE POSITIVE,8.97349999,36.0,2262.0,0.005,4751.0,2.747,3158.4199999999996,K,0,104.20683134140171
9880467,FALSE POSITIVE,108.546946,29.67,985.0,0.905,4751.0,2.747,222.7,K,0,6.552925035772079
9881662,CONFIRMED,3.254277742,1.38,1301.0,1.0,5945.0,1.089,675.56,G,1,49.13532669210015
9881662,CONFIRMED,91.3514816,1.57,428.0,1.0,5945.0,1.089,7.93,G,1,2.298813290402068
9895004,FALSE POSITIVE,2.250826647,30.03,1489.0,0.0,5779.0,1.119,1161.8,G,0,237.42388189346863
3656121,CONFIRMED,31.1588249,3.56,639.0,1.0,5951.0,1.155,39.46,G,1,30.77779740018373
10620329,FALSE POSITIVE,0.436282594,48.03,3749.0,0.0,8491.0,2.622,3158.4199999999996,A,0,1229.4783412789554
3656121,CONFIRMED,76.7324556,3.08,473.0,0.973,5951.0,1.155,11.86,G,1,8.936244704255238
3733628,CONFIRMED,13.89963233,2.46,521.0,1.0,4538.0,0.663,17.37,K,1,80.69997632807889
3831053,CONFIRMED,6.14955931,3.26,1287.0,1.0,5687.0,1.775,649.26,G,1,54.264050995875344
6357290,CANDIDATE,4.8099878,1.59,1077.0,0.882,5988.0,0.934,317.8,G,0,59.916991889251776
4072955,CANDIDATE,5.08288076,1.15,1183.0,0.98,6217.0,1.083,462.96,F,0,21.24779334780224
8695311,CANDIDATE,31.0259489,1.91,595.0,0.998,6075.0,0.969,29.67,F,0,12.421860206183734
9834731,CANDIDATE,3.08942807,1.07,1361.0,1.0,6137.0,1.103,808.76,F,0,27.61028839878444
5092266,CONFIRMED,44.8702042,2.56,536.0,0.998,6122.0,0.996,19.5,F,1,14.176445401601269
4076976,FALSE POSITIVE,4.8807805,0.48,706.0,0.0,4763.0,0.516,58.98,K,0,16.185935835467298
8751796,CONFIRMED,4.45342418,0.9,1331.0,0.957,6256.0,1.269,740.51,F,1,10.463858396709025
7097534,FALSE POSITIVE,2.21396685,0.84,1418.0,0.0,5986.0,0.93,952.61,G,0,36.856920418659385
9907129,CONFIRMED,9.705693,2.07,1001.0,1.0,5808.0,1.385,237.46,G,1,14.506949684066868
7609674,CANDIDATE,21.2360024,2.62,1048.0,0.951,6035.0,2.559,285.21,F,0,4.916179515971424
9527334,CONFIRMED,8.31377304,2.74,886.0,1.0,5900.0,0.951,145.51,G,1,100.72442391330905
10031885,FALSE POSITIVE,8.58969597,20.8,882.0,0.0,6024.0,0.9,143.02,F,0,28.534188038322387
11361646,CONFIRMED,7.97420583,1.85,974.0,1.0,5973.0,1.081,212.75,G,1,36.75601135066262
11361646,CONFIRMED,1.88899036,0.83,1574.0,0.998,5973.0,1.081,1449.92,G,1,31.23361624778223
10285631,CONFIRMED,18.68405716,3.64,832.0,1.0,5548.0,1.614,113.34,G,1,20.418477460919952
3964109,CONFIRMED,21.41624083,2.09,748.0,1.0,6156.0,1.18,74.2,F,1,14.685116893131239
4159347,FALSE POSITIVE,12.28351275,48.03,1342.0,0.0,6171.0,2.747,765.56,F,0,48.666860381611926
3544595,CONFIRMED,4.72674037,1.56,1028.0,1.0,5648.0,0.894,264.08,G,1,57.777660421826816
4165960,FALSE POSITIVE,6.77449545,29.41,1219.0,0.0,6517.0,1.342,521.03,F,0,71.13444883928588
4252322,CANDIDATE,14.591504451,36.85,879.0,1.0,5940.0,1.312,140.82,G,0,102.14847996005315
4376644,FALSE POSITIVE,27.677680103,14.41,618.0,0.0,6075.0,0.969,34.55,F,0,175.4735216942398
9301506,FALSE POSITIVE,0.605223042,1.14,1728.0,0.0,5089.0,0.757,2099.47,K,0,383.82543934934984
5695396,CONFIRMED,25.5172744,0.83,615.0,0.983,5680.0,1.016,33.91,G,1,2.617834450218554
9714550,CONFIRMED,4.73292061,0.97,957.0,1.0,5595.0,0.796,198.57,G,1,32.03096195606797
6263593,CONFIRMED,22.4765952,1.21,419.0,0.799,4563.0,0.567,7.27,K,1,21.417834672753283
5475042,CANDIDATE,1.242639742,1.02,1487.0,0.892,5520.0,0.818,1159.26,G,0,128.19483766357766
6964159,FALSE POSITIVE,25.503628,1.61,586.0,0.0,5815.0,0.877,27.85,G,0,8.014546008905086
10252275,CONFIRMED,14.8638496,2.9,620.0,0.988,5159.0,0.8,35.04,K,1,14.841377297036159
10252275,CONFIRMED,5.65245733,1.05,856.0,0.994,5159.0,0.8,127.1,K,1,21.406618915600024
11455181,CONFIRMED,10.9294815,1.21,770.0,1.0,5792.0,0.864,83.14,G,1,18.01549323268446
9541295,CANDIDATE,0.536650319,1.35,3195.0,0.0,6020.0,2.0,3158.4199999999996,F,0,78.07691250063338
10290666,CONFIRMED,5.45849914,1.91,1099.0,1.0,5914.0,1.135,344.32,G,1,46.88101865305048
10337258,CONFIRMED,13.28536452,4.03,1157.0,1.0,6534.0,1.9,423.65,F,1,28.422253633429097
10383687,FALSE POSITIVE,8.4879444,1.23,969.0,0.0,6134.0,1.039,208.99,F,0,14.055228731234385
10470206,FALSE POSITIVE,46.56675437,5.25,708.0,0.394,6629.0,1.619,59.34,F,0,17.203260369722006
10518725,FALSE POSITIVE,19.5148412,2.8,1200.0,0.0,7004.0,2.556,489.75,F,0,5.26266132260405
12314973,CONFIRMED,15.4130812,2.59,944.0,0.998,6206.0,1.573,187.39,F,1,17.147771854987695
5450893,CONFIRMED,4.82051088,1.08,1328.0,0.993,6046.0,1.396,735.25,F,1,8.484577883579012
4770174,CANDIDATE,6.09595681,1.26,1259.0,1.0,6313.0,1.467,593.42,F,0,10.777635414382145
8949925,CANDIDATE,13.2511214,1.98,850.0,0.984,5850.0,1.217,123.32,G,0,20.111505430778106
5091016,FALSE POSITIVE,5.76556718,1.66,1120.0,0.0,6218.0,1.072,371.86,F,0,36.99549295686119
9959492,CANDIDATE,11.682369,1.45,802.0,0.0,6089.0,0.889,97.62,F,0,20.07298348477094
8827575,CANDIDATE,10.12956201,0.78,736.0,0.977,5383.0,0.842,69.43,G,0,8.02601335770884
8827575,CONFIRMED,15.6112238,0.91,637.0,0.87,5383.0,0.842,38.99,G,1,7.270410151957465
2716801,CONFIRMED,42.5217006,2.45,510.0,0.959,5911.0,0.914,15.97,G,1,16.123531992509253
7281454,FALSE POSITIVE,0.566805887,0.08,1554.0,0.0,5000.0,0.549,1368.32,K,0,2.9992631322123158
7216284,CONFIRMED,6.69958851,1.24,806.0,0.972,5296.0,0.799,99.83,G,1,37.86799735854225
8703887,FALSE POSITIVE,14.170972781,20.88,1288.0,0.0,8347.0,1.715,650.07,A,0,342.72170831572777
9899352,FALSE POSITIVE,1.332562831,24.29,1532.0,0.0,5718.0,0.863,1301.29,G,0,223.55418676689774
6945786,CONFIRMED,2.39161966,0.93,1031.0,0.99,4935.0,0.685,266.01,K,1,79.10956878486272
5978170,CONFIRMED,5.68879083,0.99,645.0,0.968,4234.0,0.639,40.88,K,1,42.4519036148144
5440317,CONFIRMED,2.31941571,1.24,1490.0,0.893,5624.0,1.248,1164.84,G,1,41.56219154004092
10545066,CONFIRMED,19.7830259,2.1,708.0,1.0,5747.0,1.099,59.39,G,1,18.864657099801907
6056992,FALSE POSITIVE,10.431146765,48.03,833.0,0.0,5780.0,1.0,114.02,G,0,465.59597994497204
10552611,CONFIRMED,7.0106324,1.5,738.0,1.0,4908.0,0.782,70.32,K,1,46.68623047472864
10552611,CONFIRMED,3.10762684,0.73,968.0,0.999,4908.0,0.782,207.72,K,1,24.84210749061493
10587105,CONFIRMED,1.980356674,2.1,1662.0,1.0,6078.0,1.189,1808.41,F,1,137.29849959341212
10587105,CONFIRMED,12.8344771,2.55,891.0,1.0,6078.0,1.189,149.42,F,1,21.894152586863083
6948480,FALSE POSITIVE,154.608014,27.03,327.0,0.0,6008.0,0.93,2.69,F,0,6.850227052266514
6438099,CANDIDATE,21.61313362,1.94,503.0,0.989,5267.0,0.632,15.14,G,0,37.85198455641621
11090556,CONFIRMED,2.7881793,1.02,1510.0,1.0,5758.0,1.385,1228.07,G,1,20.013060135695003
11090556,CONFIRMED,4.13827684,1.13,1324.0,0.984,5758.0,1.385,725.53,G,1,15.417044936027045
10686814,FALSE POSITIVE,2.61846258,1.03,843.0,0.0,4266.0,0.643,119.68,K,0,105.13803103499001
3234843,CONFIRMED,29.72722,3.02,557.0,0.997,5815.0,0.877,22.7,G,1,33.982323271399075
6021275,CONFIRMED,18.01019956,1.93,758.0,0.971,5931.0,1.101,77.99,G,1,9.866631372295576
3234843,CONFIRMED,10.61368712,2.06,785.0,1.0,5815.0,0.877,89.65,G,1,52.74321672297421
8192911,FALSE POSITIVE,7.53887442,1.33,751.0,0.0,5318.0,0.667,75.14,G,0,45.378126884888474
10554967,FALSE POSITIVE,0.53633519,1.81,1974.0,0.0,5508.0,0.84,3158.4199999999996,G,0,828.0269657487886
3752110,CANDIDATE,27.9430245,2.21,718.0,0.962,6468.0,1.25,62.74,F,0,11.043901135326278
5688790,CONFIRMED,8.07394097,1.59,420.0,0.858,3675.0,0.398,7.33,M,1,130.79114696574254
1717722,CONFIRMED,4.53702121,1.66,798.0,1.0,4805.0,0.688,95.61,K,1,111.17426537223528
1717722,CANDIDATE,0.977311489,1.06,1331.0,0.858,4805.0,0.688,737.36,K,0,256.5200581613136
10908248,CONFIRMED,39.859505,1.62,597.0,0.768,5675.0,1.292,29.97,G,1,3.9012024860820524
10616571,FALSE POSITIVE,23.6731242,17.74,676.0,0.0,5769.0,1.177,49.42,G,0,205.15669832881625
10878263,CONFIRMED,7.170710381,2.73,890.0,1.0,5497.0,0.941,148.09,G,1,120.39253492756563
10878263,CONFIRMED,4.699652821,1.74,1024.0,1.0,5497.0,0.941,260.54,G,1,74.77148065699639
10982872,CONFIRMED,4.761705895,2.75,1201.0,1.0,5794.0,1.225,491.37,G,1,104.39535976423424
10982872,CONFIRMED,2.024143568,1.94,1597.0,1.0,5794.0,1.225,1535.09,G,1,118.27224302895891
2720514,FALSE POSITIVE,1.371288853,1.15,1837.0,0.0,6220.0,1.108,2695.6,F,0,48.27575157135767
4141376,CONFIRMED,11.87290814,2.25,863.0,1.0,6147.0,1.04,131.55,F,1,28.021778327344155
9468551,CONFIRMED,1.638652525,1.29,1610.0,0.987,6119.0,0.981,1585.07,F,1,101.85197743493546
9076971,CONFIRMED,9.06687613,1.9,725.0,0.254,5142.0,0.789,65.52,K,1,40.499064367387575
8360640,CONFIRMED,4.0223109,1.37,1017.0,0.999,5516.0,0.827,253.28,G,1,56.63411050597805
11019987,CONFIRMED,6.9131732,0.91,1209.0,0.977,6296.0,1.444,505.0,F,1,5.655868711635924
4857058,CONFIRMED,7.32851947,2.33,807.0,0.981,5135.0,0.874,100.13,K,1,37.906701501879205
10924562,CONFIRMED,18.6052046,1.94,833.0,1.0,6572.0,1.238,113.88,F,1,13.033987274722042
9899505,FALSE POSITIVE,1.332562787,29.1,1703.0,0.0,6091.0,0.967,1983.27,F,0,834.4072120633217
5040077,CANDIDATE,0.896382269,1.0,1810.0,0.999,5837.0,0.843,2524.81,G,0,152.1672223081423
7534267,CONFIRMED,39.4420781,2.51,682.0,0.997,5430.0,1.902,51.14,G,1,4.370966447632484
9592705,CONFIRMED,10.27532513,3.04,1211.0,1.0,6150.0,2.086,508.21,F,1,20.408113353781534
10611420,FALSE POSITIVE,11.50528603,1.83,912.0,0.014,6355.0,1.108,163.79,F,0,22.615691545740734
10386922,CONFIRMED,26.62941953,3.13,742.0,1.0,5866.0,1.417,71.75,G,1,18.5058483698762
10386922,CONFIRMED,154.608014,7.56,332.0,1.0,5866.0,1.417,2.88,G,1,17.871647972918144
10982872,CONFIRMED,41.8085031,1.67,582.0,0.998,5794.0,1.225,27.15,G,1,4.554097513240076
3558981,FALSE POSITIVE,2.98786272,17.82,1064.0,0.0,5231.0,0.821,303.15,G,0,1625.476286942661
11015108,CONFIRMED,39.30944096,2.87,488.0,1.0,5607.0,0.863,13.46,G,1,28.799697282695718
11074541,CONFIRMED,29.88487723,2.81,453.0,1.0,4883.0,0.749,9.95,K,1,42.6871420679415
11100383,CONFIRMED,12.92489803,2.62,620.0,1.0,5103.0,0.768,34.95,K,1,74.19787744352519
7918652,CANDIDATE,11.45541896,1.12,975.0,0.989,6231.0,1.356,213.86,F,0,5.9884322205531975
8847111,FALSE POSITIVE,0.575884418,31.17,2397.0,0.0,6290.0,1.044,3158.4199999999996,F,0,472.66429077093034
4568298,FALSE POSITIVE,0.562555067,1.21,2046.0,0.0,5793.0,0.832,3158.4199999999996,G,0,352.4988247950489
9230021,CANDIDATE,44.433726,1.85,538.0,0.508,5596.0,1.145,19.73,G,0,5.392300434134198
4374339,FALSE POSITIVE,0.993703494,2.32,3257.0,0.0,6854.0,2.715,3158.4199999999996,F,0,67.82707357573204
6636320,CONFIRMED,6.33125228,1.31,822.0,1.0,5383.0,0.759,108.04,G,1,48.42643863182151
4067925,CONFIRMED,24.2204192,2.1,505.0,0.887,5165.0,0.761,15.43,K,1,33.29009268344951
4847782,FALSE POSITIVE,30.9597053,16.63,438.0,0.0,4947.0,0.714,8.67,K,0,13.265630147971725
6021275,CONFIRMED,6.41491277,1.4,1069.0,0.919,5931.0,1.101,309.12,G,1,18.86229857495007
10350571,FALSE POSITIVE,93.881556,2.02,479.0,0.378,5676.0,1.487,12.42,G,0,2.0099794681715757
3230805,CANDIDATE,3.91679553,0.85,851.0,0.992,4889.0,0.686,123.73,K,0,41.1816237954091
4676964,CANDIDATE,43.1024434,1.88,539.0,1.0,5741.0,1.097,19.96,G,0,6.955522154922661
10488450,FALSE POSITIVE,2.683395376,2.55,1860.0,0.0,6958.0,1.529,2833.83,F,0,87.46381621550502
10933561,CONFIRMED,31.51779463,2.72,663.0,0.995,5611.0,1.4,45.68,G,1,11.345971512220618
10933561,CONFIRMED,8.12999858,2.04,1041.0,1.0,5611.0,1.4,277.89,G,1,18.204185221395203
4770617,CANDIDATE,31.4452709,4.55,721.0,0.972,6172.0,1.471,63.78,F,0,16.889662095421794
8845026,FALSE POSITIVE,66.46746217,11.97,466.0,0.0,5843.0,1.073,11.18,G,0,73.0688346062965
11075737,CONFIRMED,2.586639524,1.44,1328.0,1.0,5780.0,0.966,735.48,G,1,84.16325428421003
11189127,FALSE POSITIVE,2.671942657,22.36,1458.0,0.351,6116.0,1.055,1069.47,F,0,1817.6662539056877
11194032,CONFIRMED,28.51117639,3.27,423.0,1.0,4687.0,0.69,7.55,K,1,64.6974356570911
11394027,CONFIRMED,14.38682567,2.54,776.0,1.0,5725.0,1.072,85.46,G,1,39.59177744036708
7609553,CANDIDATE,8.85686712,1.88,714.0,0.917,5017.0,0.797,61.54,K,0,36.03983165550755
11395587,CANDIDATE,12.99065074,2.02,790.0,0.983,5787.0,1.027,92.12,G,0,30.19864114982742
11442793,CONFIRMED,154.608014,10.89,294.0,0.0,5970.0,1.2,1.76,G,1,31.4129900148643
5520547,CONFIRMED,11.20058855,1.7,808.0,1.0,6038.0,0.898,100.91,F,1,19.632896880226888
4848424,FALSE POSITIVE,1.50179931,0.72,1229.0,0.0,5024.0,0.736,540.71,K,0,66.65337993796254
8866102,CONFIRMED,17.83367834,2.43,866.0,1.0,6407.0,1.337,132.94,F,1,18.330486496819926
4143755,CONFIRMED,19.55662003,2.45,797.0,1.0,5671.0,1.36,95.35,G,1,15.283827140962249
8509442,CANDIDATE,82.6595174,2.03,233.0,0.9,3952.0,0.553,0.7,K,0,15.372700445986395
11244137,CONFIRMED,2.03387483,1.6,1789.0,0.996,5282.0,1.899,2422.92,G,1,36.18708433497847
6072593,FALSE POSITIVE,5.07538255,1.74,1154.0,0.0,5933.0,1.118,419.23,G,0,32.13550868200073
5865654,CONFIRMED,23.9553986,2.84,741.0,0.933,5011.0,1.781,71.16,K,1,9.54690856198068
3219643,CANDIDATE,24.3367026,1.95,526.0,0.0,5141.0,0.806,18.07,K,0,22.644809736878653
8546542,CANDIDATE,7.40985182,1.18,818.0,0.994,5462.0,0.836,105.91,G,0,27.139544067157875
8197560,FALSE POSITIVE,1.02425556,29.83,1503.0,0.0,5337.0,0.764,1211.99,G,0,1593.0594509050065
11200415,FALSE POSITIVE,4.63958598,1.52,1587.0,0.0,6591.0,1.646,1496.31,F,0,17.97574187858892
8613535,CANDIDATE,15.5943758,1.08,801.0,0.552,6249.0,1.076,97.35,F,0,6.117590163499844
11259686,CONFIRMED,34.4359387,2.78,652.0,0.59,5929.0,1.363,42.68,G,1,12.327237648381573
11547513,CONFIRMED,5.317440164,1.94,1105.0,1.0,5923.0,1.054,351.52,G,1,55.00767116859653
11547513,CONFIRMED,10.10575764,1.28,892.0,0.958,5923.0,1.054,149.4,G,1,11.557767775638046
11802615,CONFIRMED,28.86236571,2.53,623.0,1.0,5725.0,1.088,35.56,G,1,15.563519792986504
11442793,CONFIRMED,154.608014,7.7,342.0,0.88,5970.0,1.2,3.22,G,1,26.902227720226715
10122538,CANDIDATE,75.731195,3.47,237.0,0.889,3891.0,0.564,0.74,K,0,32.95867706828078
11442793,CONFIRMED,59.7371443,2.84,520.0,0.999,5970.0,1.2,17.26,G,1,9.481537938197022
2445975,FALSE POSITIVE,3.388887193,10.72,1212.0,0.0,5780.0,1.0,511.3,G,0,1433.1253073374282
11521793,CONFIRMED,27.08239734,3.25,703.0,1.0,5857.0,1.305,57.77,G,1,15.626386197906658
11566064,CANDIDATE,152.1060435,11.58,458.0,1.0,6200.0,1.64,10.36,F,0,24.2482147002923
11566064,CONFIRMED,30.6528935,2.86,780.0,0.989,6200.0,1.64,87.69,F,1,8.798516851272131
6531496,FALSE POSITIVE,0.512869432,31.12,2185.0,0.0,5853.0,0.895,3158.4199999999996,G,0,4509.919787927622
3848275,CONFIRMED,5.19492747,2.03,1238.0,0.987,6415.0,1.224,554.37,F,1,52.53201350277947
12021625,CONFIRMED,15.9314412,1.77,596.0,1.0,5380.0,0.721,29.83,G,1,34.94348019186111
9777256,FALSE POSITIVE,1.33251589,1.3,1747.0,0.0,5701.0,1.068,2207.85,G,0,105.43964320005219
4175630,CONFIRMED,28.227413,2.82,565.0,1.0,5858.0,0.849,24.03,G,1,39.443926370439975
7433585,FALSE POSITIVE,0.545544979,0.93,2240.0,0.0,6050.0,0.92,3158.4199999999996,F,0,169.73852489622124
6665223,FALSE POSITIVE,154.608014,1.53,215.0,0.0,5316.0,0.872,0.51,G,0,1.779338553562948
3328080,CONFIRMED,4.76559056,0.92,1167.0,0.983,5702.0,1.125,439.42,G,1,14.164036786240404
8430964,CONFIRMED,2.98618134,1.16,1356.0,1.0,6173.0,1.041,798.35,F,1,41.15624136878439
3654719,FALSE POSITIVE,25.9200092,1.28,515.0,0.0,5517.0,0.704,16.59,G,0,12.785489289101024
6021275,CONFIRMED,6.17817366,1.22,1082.0,0.998,5931.0,1.101,324.69,G,1,16.493547382738996
10619142,FALSE POSITIVE,2.04516705,2.9,2945.0,0.0,9206.0,2.157,3158.4199999999996,A,0,75.69063857155336
12256520,CANDIDATE,7.25101997,0.91,807.0,0.983,5382.0,0.827,100.18,G,0,16.935548448089573
11905011,CONFIRMED,5.65178922,2.03,1248.0,1.0,6085.0,1.463,574.71,F,1,23.726999500522773
12785320,CONFIRMED,19.96367208,1.5,564.0,1.0,5250.0,0.79,23.88,G,1,13.569647854083566
12785320,CANDIDATE,57.3840375,1.62,397.0,0.915,5250.0,0.79,5.85,G,0,4.211972711052268
2692377,CONFIRMED,1.541676547,1.88,1592.0,1.0,5533.0,1.089,1517.84,G,1,192.3230917516189
3742855,FALSE POSITIVE,6.397185875,15.02,981.0,0.0,5780.0,1.0,218.59,G,0,759.1931975870561
3438975,FALSE POSITIVE,2.976020742,2.07,1740.0,0.0,5947.0,1.796,2169.16,G,0,38.608601875127654
11568987,CONFIRMED,15.95995611,2.27,721.0,1.0,5936.0,0.965,63.95,G,1,32.782045037841904
11568987,CONFIRMED,7.37867551,1.11,933.0,0.998,5936.0,0.965,178.68,G,1,16.954262296865796
11621223,CONFIRMED,4.903321801,2.37,1247.0,1.0,6045.0,1.298,570.65,F,1,68.21905915532221
11624249,CONFIRMED,1.82708193,5.95,1877.0,1.0,5311.0,1.769,2925.17,G,1,637.4645717173723
12017140,FALSE POSITIVE,22.845241036,30.35,762.0,0.0,5926.0,1.351,79.78,G,0,212.59132229538363
10000941,CANDIDATE,2.5738437,0.57,1129.0,1.0,5115.0,0.854,384.24,K,0,18.105217500192417
5702939,FALSE POSITIVE,18.3980827,1.26,686.0,0.0,5605.0,1.015,52.31,G,0,7.881256018052359
3852655,CONFIRMED,11.62904159,1.31,854.0,0.996,5721.0,1.131,125.89,G,1,7.567261611281244
11255231,FALSE POSITIVE,13.6550963,1.35,780.0,0.0,6065.0,0.962,87.46,F,0,14.375585179871635
5088536,CONFIRMED,27.50871575,2.98,663.0,1.0,5903.0,1.137,45.66,G,1,23.236271944101937
6103377,CONFIRMED,20.0708757,3.2,826.0,0.983,5902.0,1.513,110.19,G,1,20.213368169082926
6677841,CONFIRMED,98.353149,4.13,552.0,0.94,6366.0,1.697,21.96,F,1,4.300828232759482
7106173,CANDIDATE,10.18318233,0.79,867.0,0.963,5843.0,1.084,133.56,G,0,5.057358135312893
7106173,CANDIDATE,6.2321233,0.61,1021.0,0.979,5843.0,1.084,256.72,G,0,5.086548913433725
7106173,CANDIDATE,8.2942929,0.65,928.0,0.673,5843.0,1.084,175.39,G,0,4.436785684286601
3324986,FALSE POSITIVE,1.540411479,0.92,1446.0,0.0,5769.0,0.812,1029.25,G,0,69.52687737014715
11912932,FALSE POSITIVE,3.74785358,0.89,1093.0,0.0,5706.0,0.886,337.14,G,0,26.20166394013717
8037145,CONFIRMED,25.75274977,2.27,501.0,1.0,4963.0,0.826,14.88,K,1,28.692081684448407
8162789,CONFIRMED,10.161023528,4.62,904.0,1.0,6032.0,1.06,157.97,F,1,162.76903556442588
8265218,CANDIDATE,12.82993461,3.31,734.0,1.0,5862.0,0.844,68.41,G,0,110.47601122575013
8806123,CONFIRMED,49.41121127,6.77,497.0,0.989,5768.0,1.015,14.48,G,1,64.43881698429774
8806123,CONFIRMED,36.8567758,2.68,549.0,1.0,5768.0,1.015,21.4,G,1,19.374999155514846
10098844,FALSE POSITIVE,35.080928,1.21,610.0,0.189,6007.0,1.126,32.63,F,0,2.870505592098362
8355239,CONFIRMED,10.39986173,1.5,678.0,0.999,4963.0,0.826,49.86,K,1,26.471505789913998
9210823,FALSE POSITIVE,0.828206212,3.88,3274.0,0.0,5812.0,2.747,3158.4199999999996,G,0,159.7428250151787
8367113,CONFIRMED,24.31574009,2.8,683.0,1.0,6242.0,1.047,51.53,F,1,26.456114336596364
8474898,FALSE POSITIVE,154.608014,9.3,332.0,0.0,5646.0,1.153,2.86,G,0,26.1047270162852
8558011,CONFIRMED,39.6766071,2.29,473.0,0.926,5244.0,0.888,11.85,G,1,15.404542995814783
7429287,FALSE POSITIVE,154.608014,1.62,304.0,0.047,5619.0,1.406,2.02,G,0,0.8654143891920119
9115800,CONFIRMED,4.454194254,11.76,1017.0,1.0,5359.0,0.915,252.22,G,1,1090.365557280879
9214713,CANDIDATE,154.608014,14.38,216.0,0.0,6230.0,1.047,0.51,F,0,31.4129900148643
9478990,CONFIRMED,21.0871953,14.43,873.0,1.0,6266.0,1.522,137.06,F,1,230.31512398426923
9597411,FALSE POSITIVE,1.575631524,28.66,1577.0,0.0,6202.0,0.858,1464.43,F,0,3082.3831118017156
6850504,CONFIRMED,6.09855603,0.84,927.0,0.999,5465.0,0.925,174.3,G,1,13.839341572795226
8609450,FALSE POSITIVE,154.608014,1.35,292.0,0.174,5600.0,0.872,1.71,G,0,1.5451980386993394
10934674,CONFIRMED,16.54295261,2.31,611.0,1.0,5215.0,0.867,32.94,G,1,43.885757102462016
10990886,CONFIRMED,11.023474798,2.46,429.0,1.0,3744.0,0.537,8.04,K,1,162.8796756831847
11015323,CONFIRMED,34.18884323,2.97,526.0,1.0,5515.0,0.925,18.05,G,1,31.097864085295054
11134879,CONFIRMED,4.30165843,2.42,1009.0,1.0,5480.0,0.865,244.48,G,1,171.88719467900663
11192998,CONFIRMED,7.650243513,2.3,772.0,1.0,5409.0,0.746,83.86,G,1,128.28349820921576
9334893,CANDIDATE,2.47240869,0.36,887.0,0.425,4729.0,0.525,145.69,K,0,19.212034075159313
8934495,CONFIRMED,4.592393816,2.51,924.0,1.0,5351.0,0.796,172.6,G,1,223.7830728757344
9119458,CANDIDATE,11.53029332,3.98,873.0,0.0,5770.0,1.152,137.08,G,0,104.88024601268339
5866724,CONFIRMED,5.859935955,2.56,1246.0,1.0,6181.0,1.424,569.5,F,1,55.08592627613453
9157634,CONFIRMED,2.104721971,2.89,1365.0,1.0,5703.0,0.975,821.44,G,1,430.2230947728345
9636569,FALSE POSITIVE,10.63624422,1.58,756.0,0.0,5834.0,0.774,77.02,G,0,21.78400525669765
12406807,CANDIDATE,7.9069765,1.13,994.0,0.879,6347.0,0.996,230.28,F,0,15.947941668980551
8565266,CONFIRMED,6.412512953,3.89,1069.0,1.0,6026.0,1.108,308.76,F,1,180.3349183815676
8616637,CONFIRMED,2.019997006,1.46,1166.0,1.0,5103.0,0.787,437.85,K,1,164.75271944041683
8616637,CONFIRMED,3.763041531,1.63,948.0,1.0,5103.0,0.787,190.67,K,1,94.20571021595775
8625925,CONFIRMED,6.521209629,2.54,932.0,1.0,5822.0,0.898,178.27,G,1,116.60413378194133
8822216,CONFIRMED,6.996926239,3.21,888.0,1.0,5713.0,0.893,147.07,G,1,188.2826765640283
4548011,CANDIDATE,13.9509565,0.75,849.0,0.676,5888.0,1.227,122.88,G,0,2.5589643262094612
9967884,FALSE POSITIVE,5.428344915,14.88,1033.0,0.0,5936.0,0.965,269.19,G,0,894.6925952659366
10016874,CANDIDATE,16.30141333,3.84,805.0,1.0,6072.0,1.138,99.08,F,0,57.80480384886971
10189546,CONFIRMED,24.61480613,4.2,586.0,1.0,5312.0,0.986,27.93,G,1,73.0454666392288
10189546,CONFIRMED,42.949522,2.98,487.0,1.0,5312.0,0.986,13.29,G,1,22.330865521623267
10189546,CONFIRMED,117.033521,2.68,349.0,0.995,5312.0,0.986,3.49,G,1,6.582729404509671
10748393,FALSE POSITIVE,154.608014,2.2,214.0,0.001,5284.0,0.812,0.49,G,0,4.838041577844729
11192998,CONFIRMED,1.55400389,1.59,1313.0,1.0,5409.0,0.746,704.5,G,1,299.74184942355583
11192998,CONFIRMED,34.25951418,2.41,468.0,1.0,5409.0,0.746,11.36,G,1,31.305172465816913
8823868,FALSE POSITIVE,23.8761144,10.45,1481.0,0.0,9974.0,2.533,1135.6,A,0,67.50260838086787
11255761,FALSE POSITIVE,4.99270186,26.6,1051.0,0.0,5724.0,0.951,288.29,G,0,111.64295718631193
11497977,CONFIRMED,4.79860021,2.51,978.0,1.0,5631.0,0.847,216.54,G,1,170.34134210568044
7021681,FALSE POSITIVE,7.7333361,0.57,479.0,0.122,3780.0,0.511,12.41,K,0,16.409476887988873
9941859,CONFIRMED,9.57665962,2.88,846.0,1.0,5386.0,1.076,121.26,G,1,77.98126169592315
9941859,CONFIRMED,96.6781852,3.29,392.0,1.0,5386.0,1.076,5.55,G,1,9.839861991948107
9941859,CONFIRMED,20.55280311,2.99,656.0,1.0,5386.0,1.076,43.8,G,1,35.386900565700984
10068030,FALSE POSITIVE,2.023123903,2.87,1266.0,0.0,5559.0,0.803,608.26,G,0,637.0840649397438
10266615,CONFIRMED,10.94026745,2.08,764.0,1.0,5749.0,0.864,80.52,G,1,49.23097195398089
10395543,CANDIDATE,3.687469832,5.78,690.0,1.0,4004.0,0.606,53.6,K,0,1317.0819616891172
8822216,CONFIRMED,151.863949,2.41,318.0,0.962,5713.0,0.893,2.43,G,1,4.918876434590806
9020160,CONFIRMED,5.945043548,2.69,857.0,0.989,5105.0,0.868,127.64,K,1,134.599518664451
7941200,CONFIRMED,65.7045275,2.78,472.0,0.972,5918.0,1.043,11.72,G,1,9.681220217282592
9020160,CONFIRMED,17.73842886,2.47,596.0,0.994,5105.0,0.868,29.74,K,1,34.13492845273333
7429287,CANDIDATE,84.799829,1.16,491.0,0.971,5619.0,1.406,13.79,G,0,0.6615579378114076
9020160,CONFIRMED,9.93962361,1.93,722.0,0.559,5105.0,0.868,64.29,K,1,30.1922901484999
10418224,CONFIRMED,6.8731664,13.44,1482.0,1.0,6490.0,2.179,1140.56,F,1,546.1529346939717
10616679,CONFIRMED,8.600099313,4.17,760.0,1.0,5246.0,0.805,78.72,G,1,324.6009026640179
10717241,CONFIRMED,12.37646897,2.53,483.0,1.0,4200.0,0.607,12.87,K,1,138.08461881515146
10717241,CANDIDATE,9.340538,0.84,530.0,0.998,4200.0,0.607,18.69,K,0,21.497691032358095
7303287,CONFIRMED,154.608014,2.94,286.0,0.343,5933.0,1.115,1.58,G,1,3.9887971137123595
10843590,CONFIRMED,18.87022157,2.82,621.0,1.0,5402.0,0.865,35.13,G,1,58.11272517029591
6850504,CONFIRMED,19.5776073,0.9,628.0,0.963,5465.0,0.925,36.82,G,1,5.010826833777588
12061222,CONFIRMED,17.20522898,2.22,553.0,1.0,5211.0,0.689,22.05,G,1,62.80648756585161
12316431,FALSE POSITIVE,17.90766147,4.89,731.0,0.0,6153.0,0.993,67.59,F,0,60.82871299666131
12404305,CONFIRMED,22.18332255,2.78,646.0,1.0,5565.0,1.03,41.24,G,1,33.72353254630019
10212441,FALSE POSITIVE,154.608014,30.53,325.0,0.269,5798.0,1.525,2.62,G,0,1.248318214604322
12834874,CONFIRMED,7.65880048,2.19,858.0,1.0,5657.0,0.855,128.18,G,1,87.24603829867625
2557816,CONFIRMED,9.3789167,2.03,803.0,1.0,5684.0,0.808,98.22,G,1,60.081565710035576
10454313,CONFIRMED,4.221626193,2.87,1176.0,1.0,6123.0,0.987,453.2,F,1,155.86410779122244
10513530,CONFIRMED,16.54967098,2.95,656.0,1.0,5372.0,0.916,43.72,G,1,44.98578859360502
5866724,CONFIRMED,2.154911236,1.42,1740.0,1.0,6181.0,1.424,2162.35,F,1,46.26640686373033
8121310,CANDIDATE,11.505879,0.99,1000.0,0.812,6336.0,1.403,236.35,F,0,4.328222120187427
10513530,CONFIRMED,3.52467888,1.46,1098.0,0.999,5372.0,0.916,344.61,G,1,36.79767843134691
10554999,CONFIRMED,6.400157105,2.52,810.0,1.0,5299.0,0.766,101.72,G,1,116.12214947339173
9076513,CONFIRMED,2.437029217,2.04,1513.0,1.0,5573.0,1.329,1237.66,G,1,100.12190182125337
9146018,CONFIRMED,9.9267215,2.76,803.0,1.0,5475.0,0.982,98.34,G,1,73.08556002099989
9146018,CONFIRMED,21.22349325,2.63,623.0,1.0,5475.0,0.982,35.69,G,1,27.46484723950898
9146018,CONFIRMED,6.47027706,1.15,926.0,0.932,5475.0,0.982,173.79,G,1,18.0672325027145
9279669,CONFIRMED,3.722158895,2.33,1046.0,1.0,5617.0,0.806,283.28,G,1,203.48405894692465
10843590,CONFIRMED,46.9026431,2.6,458.0,0.997,5402.0,0.865,10.44,G,1,17.510740242270057
10858832,CONFIRMED,5.263415218,3.77,1103.0,1.0,6099.0,1.028,349.4,F,1,195.8234259146378
10937029,CONFIRMED,4.030466786,4.48,970.0,1.0,5234.0,0.854,209.11,G,1,721.578952120907
11599038,FALSE POSITIVE,9.27989,1.29,897.0,0.0,6052.0,0.967,152.86,F,0,17.704951244034145
10937029,CONFIRMED,154.608014,10.99,224.0,0.992,5234.0,0.854,0.59,G,1,31.4129900148643
11656302,FALSE POSITIVE,22.264806569,12.34,585.0,0.0,5681.0,0.813,27.79,G,0,218.1334917484591
2576197,FALSE POSITIVE,2.217038096,3.23,1697.0,0.0,6521.0,1.276,1956.29,F,0,245.23710304344723
2576197,FALSE POSITIVE,8.874603,1.24,1070.0,0.0,6517.0,1.278,309.5,F,0,10.513146334545894
3239945,CONFIRMED,4.393157678,1.41,807.0,1.0,4799.0,0.692,99.9,K,1,101.79466178495768
10387742,FALSE POSITIVE,154.608014,1.25,272.0,0.217,5640.0,0.921,1.29,G,0,0.7392889737268082
10187017,CONFIRMED,16.145671932,2.48,546.0,1.0,4900.0,0.741,20.98,K,1,58.288066545857525
3239945,CONFIRMED,154.608014,9.27,129.0,0.0,4799.0,0.692,0.07,K,1,31.4129900148643
10554999,CONFIRMED,2.735900074,1.56,1075.0,1.0,5299.0,0.766,315.95,G,1,156.7674214697945
10873260,CONFIRMED,5.852968845,3.46,1056.0,1.0,6050.0,1.013,293.93,F,1,195.88349611315928
10965008,CONFIRMED,81.1701587,4.71,436.0,0.921,5460.0,1.165,8.55,G,1,14.576785593989483
10467815,FALSE POSITIVE,154.608014,4.07,610.0,0.598,9030.0,2.747,32.64,A,0,0.8647675921896261
11073351,CONFIRMED,2.820190603,2.53,1367.0,1.0,5831.0,1.121,824.92,G,1,165.76893756850802
11090765,CONFIRMED,21.21712312,2.97,706.0,1.0,6191.0,1.007,58.63,F,1,29.975788725120996
11246364,FALSE POSITIVE,154.608014,2.39,878.0,0.0,5706.8232800782525,1.0,141.3,G,0,2.7223685830412387
9570741,CONFIRMED,15.77980122,2.11,713.0,1.0,5941.0,0.911,60.96,G,1,34.309684415657046
9607164,CONFIRMED,14.03490255,2.41,641.0,1.0,5258.0,0.785,39.97,G,1,60.69155072259479
9631762,CONFIRMED,10.35586478,1.92,620.0,1.0,4646.0,0.778,34.93,K,1,63.81890977143485
6462863,CONFIRMED,22.342964828,9.99,785.0,0.994,6181.0,1.331,89.61,F,1,217.3704357227304
9782691,CONFIRMED,11.38840217,3.04,979.0,1.0,5876.0,1.456,216.55,G,1,38.46018023088484
11709124,CONFIRMED,20.5498184,4.04,657.0,1.0,5688.0,0.971,44.11,G,1,76.12232719292547
11709124,CANDIDATE,154.608014,7.89,177.0,0.0,5937.0,0.832,0.23,G,0,31.4129900148643
11805075,CANDIDATE,154.608014,21.48,276.0,0.804,5457.0,0.869,1.36,G,0,31.4129900148643
11599038,FALSE POSITIVE,17.4217322,1.42,727.0,0.471,6052.0,0.967,65.92,F,0,11.962071142386174
11824222,CANDIDATE,15.84132627,16.84,575.0,0.0,5119.0,0.702,25.77,K,0,306.5841784470739
12302530,CONFIRMED,5.931196562,2.01,562.0,1.0,3984.0,0.539,23.5,K,1,169.84768410040766
11904151,CONFIRMED,0.837491225,1.43,1980.0,0.0,5676.0,1.044,3158.4199999999996,G,1,227.34566562175027
3239945,CONFIRMED,7.40611676,1.37,678.0,0.987,4799.0,0.692,49.89,K,1,56.42633157730557
3239945,CONFIRMED,21.803708,1.11,473.0,0.997,4799.0,0.692,11.82,K,1,11.30083011568491
3541800,FALSE POSITIVE,4.66229074,24.12,1166.0,0.0,6191.0,1.025,437.35,F,0,74.08375394452555
3559935,CONFIRMED,29.9111886,2.9,541.0,1.0,5275.0,0.969,20.31,G,1,31.493231933952636
3834360,FALSE POSITIVE,2.908453928,19.44,1181.0,0.0,5786.0,0.824,459.47,G,0,146.98530923402683
3966801,CONFIRMED,25.69581456,1.7,314.0,1.0,3787.0,0.477,2.3,K,1,44.007166901036356
11521048,FALSE POSITIVE,25.70280003,33.1,562.0,0.0,5532.0,0.835,23.68,G,0,188.95606682273208
11656721,CONFIRMED,13.64617478,2.06,678.0,1.0,5569.0,0.829,49.89,G,1,46.38662557127236
11853905,CONFIRMED,3.213668926,4.13,1515.0,1.0,5795.0,1.545,1244.44,G,1,226.47012394829372
5866724,CONFIRMED,8.13121389,1.58,1117.0,1.0,6181.0,1.424,368.36,F,1,13.749484580339825
11669239,CONFIRMED,41.8854433,3.28,540.0,0.999,5735.0,1.028,20.05,G,1,16.411429504913464
11669239,CONFIRMED,13.81733587,2.04,781.0,0.992,5735.0,1.028,88.04,G,1,16.153620502531794
10600261,CONFIRMED,52.8148051,3.33,562.0,0.9,5565.0,1.439,23.57,G,1,10.483802769916878
10656823,CONFIRMED,8.30783912,2.15,751.0,1.0,5320.0,0.786,75.09,G,1,93.58630911957283
10656823,CONFIRMED,34.0963441,1.71,469.0,0.999,5320.0,0.786,11.42,G,1,13.863656426437812
10676824,CONFIRMED,6.45442931,2.48,999.0,1.0,6092.0,0.943,234.98,F,1,90.80585933320882
10718726,CONFIRMED,3.595769013,2.39,1296.0,1.0,5762.0,1.196,666.88,G,1,106.70874536511836
12302530,CONFIRMED,52.6615266,1.87,271.0,1.0,3984.0,0.539,1.28,K,1,20.47225117852926
12470954,CONFIRMED,1.902208647,4.45,1346.0,1.0,5400.0,0.937,778.26,G,1,1231.9889322845665
6268648,CANDIDATE,20.605501,0.85,806.0,0.991,6099.0,1.308,99.53,F,0,1.8004900730149682
2438264,CONFIRMED,15.90688891,2.35,588.0,1.0,5097.0,0.797,28.32,K,1,58.13204613622967
2438264,CONFIRMED,4.973455252,2.46,867.0,1.0,5097.0,0.797,133.55,K,1,149.11162610778027
3340312,FALSE POSITIVE,30.5528972,30.74,670.0,0.0,6284.0,1.138,47.63,F,0,28.318100058936473
4049108,FALSE POSITIVE,4.804469031,3.35,953.0,0.0,5470.0,0.809,194.68,G,0,154.93907759564868
4454752,CONFIRMED,1.616883373,4.47,1774.0,1.0,4868.0,1.816,2342.49,K,1,270.4585916970772
8212002,CANDIDATE,9.5539134,0.68,1012.0,0.498,6175.0,1.307,247.86,F,0,2.805133234722433
4757437,CONFIRMED,13.19322809,2.94,862.0,1.0,5946.0,1.223,130.35,G,1,44.39398727927246
10187017,CONFIRMED,10.31174786,1.34,634.0,1.0,4900.0,0.741,38.13,K,1,26.755890829161523
4757437,CONFIRMED,4.42535097,1.63,1240.0,0.996,5946.0,1.223,559.22,G,1,40.44876919671752
11823054,CONFIRMED,4.302139338,2.46,937.0,1.0,5041.0,0.857,182.7,K,1,173.68103199264627
11823054,CONFIRMED,3.137845914,1.5,1041.0,1.0,5041.0,0.857,277.64,K,1,97.4235218613096
7017274,CANDIDATE,6.77067637,1.9,1499.0,0.57,6337.0,2.335,1193.45,F,0,9.718379140310319
11913012,FALSE POSITIVE,3.74782314,25.59,1253.0,0.0,6161.0,1.053,583.52,F,0,112.97224660393125
11972666,FALSE POSITIVE,1.09173174,1.07,1488.0,0.0,5354.0,0.788,1153.1,G,0,171.1959020262615
12058931,CONFIRMED,20.68420772,3.28,729.0,1.0,6246.0,1.092,66.83,F,1,41.50509468969885
9782691,CONFIRMED,50.6985408,3.58,595.0,0.955,5876.0,1.456,29.58,G,1,12.049656466641343
9886221,FALSE POSITIVE,2.9926465,0.89,1170.0,0.0,5718.0,0.863,443.12,G,0,35.3867387945753
12366084,CANDIDATE,0.589376952,0.93,2162.0,0.866,5714.0,1.015,3158.4199999999996,G,0,136.9242548867096
9957627,CONFIRMED,39.7529915,2.37,568.0,1.0,6072.0,1.01,24.54,F,1,13.817828024338747
9958962,CONFIRMED,9.99760285,2.82,860.0,1.0,6004.0,0.977,129.18,F,1,63.88531426810979
9958962,CONFIRMED,90.4117992,3.96,413.0,1.0,6004.0,0.977,6.86,F,1,13.991536626781341
3745690,CONFIRMED,13.54057461,2.17,779.0,0.982,5767.0,1.014,87.1,G,1,34.04582252067366
3745690,CONFIRMED,1.732346403,1.37,1546.0,1.0,5767.0,1.014,1345.92,G,1,105.29071996462592
9872283,CANDIDATE,1.74610057,1.24,1689.0,0.974,4854.0,1.749,1924.75,K,0,31.040594643411634
3745690,CONFIRMED,7.0257409,1.56,969.0,0.868,5767.0,1.014,208.92,G,1,27.14304479973066
3833007,CONFIRMED,16.21774917,2.22,664.0,1.0,5837.0,0.798,45.87,G,1,46.757413254529936
3847138,CONFIRMED,11.72291212,2.08,766.0,1.0,5550.0,0.953,81.46,G,1,41.98615454604295
4833135,FALSE POSITIVE,8.661374,1.32,945.0,0.0,6250.0,0.986,188.16,F,0,18.484365182706576
4847534,CONFIRMED,9.66857386,1.9,730.0,1.0,5288.0,0.836,67.06,G,1,42.58125406718463
4852528,CONFIRMED,7.053527145,2.16,547.0,1.0,4041.0,0.567,21.17,K,1,209.8382794272212
4852528,CONFIRMED,9.521644639,2.16,495.0,1.0,4041.0,0.567,14.2,K,1,156.622102225044
4852528,CONFIRMED,3.072146607,1.3,722.0,1.0,4041.0,0.567,64.09,K,1,175.44735618146234
4852528,CONFIRMED,4.645382149,1.33,629.0,1.0,4041.0,0.567,36.9,K,1,121.73379538252496
12058931,CONFIRMED,9.82578495,2.66,935.0,0.999,6246.0,1.092,180.36,F,1,44.098258022632585
12116489,CONFIRMED,25.30291816,3.95,535.0,1.0,5121.0,0.888,19.39,K,1,83.21965026661572
12600735,CONFIRMED,21.30020491,2.99,725.0,1.0,6008.0,1.168,65.37,F,1,30.976227824467436
10593626,CONFIRMED,154.608014,2.34,257.0,0.881,5516.0,0.886,1.03,G,1,3.422202939622522
3437776,FALSE POSITIVE,10.29767658,39.14,1022.0,0.0,5671.0,1.608,258.09,G,0,63.65513569081231
9958962,CONFIRMED,51.0674355,2.44,499.0,1.0,6004.0,0.977,14.69,F,1,11.700215492512836
10294465,FALSE POSITIVE,154.608014,2.39,878.0,0.0,5706.8232800782525,1.0,141.3,G,0,2.7223685830412387
10388286,CONFIRMED,1.682695938,1.23,750.0,1.0,3669.0,0.47,74.7,M,1,418.2573833490766
10600261,CONFIRMED,17.30795548,3.56,815.0,1.0,5565.0,1.439,104.37,G,1,36.57277722556287
6462863,CONFIRMED,10.423677439,3.72,1012.0,1.0,6181.0,1.331,247.48,F,1,74.57061143236706
10600261,CONFIRMED,2.09227115,2.06,1648.0,1.0,5565.0,1.439,1746.66,G,1,99.22232116042893
11904151,CONFIRMED,45.29422297,2.26,524.0,0.982,5676.0,1.044,17.75,G,1,10.5333521300498
4384675,FALSE POSITIVE,154.608014,2.39,878.0,0.0,5706.8232800782525,1.0,141.3,G,0,2.7223685830412387
4633570,CONFIRMED,16.70920628,2.27,500.0,1.0,4621.0,0.668,14.73,K,1,50.25971826113574
4633570,CONFIRMED,28.55158187,1.97,418.0,0.895,4621.0,0.668,7.21,K,1,28.292653054322695
5021176,FALSE POSITIVE,4.045057186,30.33,1126.0,0.0,5906.0,0.87,381.17,G,0,186.07895151769554
5640085,CONFIRMED,10.13958818,1.68,447.0,1.0,3893.0,0.5,9.41,K,1,113.99871271694981
5640085,CONFIRMED,43.5859419,2.05,275.0,0.0,3893.0,0.5,1.35,K,1,39.20300733480306
4852528,CONFIRMED,0.986785834,1.19,1054.0,1.0,4041.0,0.567,292.35,K,1,456.02600330802886
4951877,CANDIDATE,24.7962801,2.7,664.0,0.998,5770.0,1.141,45.92,G,0,23.16476494391592
5282051,FALSE POSITIVE,5.91037674,1.38,937.0,0.0,5515.0,0.867,182.47,G,0,43.46592633619493
10187017,CONFIRMED,27.4536146,0.95,457.0,1.0,4900.0,0.741,10.34,K,1,4.968380374947057
5340644,CONFIRMED,8.22241355,2.28,558.0,1.0,4213.0,0.615,22.86,K,1,178.60935734617723
3437776,FALSE POSITIVE,0.635587392,28.58,2587.0,0.0,5671.0,1.608,3158.4199999999996,G,0,232.38346427111
4165473,CONFIRMED,13.02363236,2.3,743.0,1.0,5627.0,0.945,71.85,G,1,46.607580989793846
4270253,CONFIRMED,11.6370303,2.9,857.0,1.0,5576.0,1.198,127.46,G,1,51.92905616134728
5544450,CANDIDATE,6.93650854,1.51,1305.0,0.995,6615.0,1.574,687.21,F,0,12.787413075108821
4270253,CONFIRMED,5.68798675,2.76,1088.0,1.0,5576.0,1.198,330.44,G,1,83.75546936708317
5122112,FALSE POSITIVE,3.055171082,35.24,1358.0,0.059,6237.0,0.987,804.33,F,0,1589.6654785108362
10973664,CONFIRMED,5.40426917,2.85,1073.0,1.0,6122.0,0.964,312.93,F,1,159.2444737537009
10973664,CONFIRMED,11.67894236,4.17,830.0,1.0,6122.0,0.964,112.07,F,1,101.47322963583835
10973664,CONFIRMED,1.208462378,1.64,1767.0,1.0,6122.0,0.964,2307.65,F,1,188.09025761826408
9141746,CONFIRMED,2.85188338,1.23,1398.0,0.994,6123.0,1.107,903.77,F,1,40.28916497981064
12459913,CONFIRMED,12.91385906,2.49,849.0,1.0,6253.0,0.997,122.66,F,1,37.78111544605939
6462863,CONFIRMED,54.31996151,6.07,584.0,0.953,6181.0,1.331,27.4,F,1,36.35864137415513
5779852,FALSE POSITIVE,154.608014,41.07,318.0,0.0,6348.0,1.014,2.42,F,0,31.4129900148643
6042214,FALSE POSITIVE,27.04627886,3.54,636.0,0.0,6332.0,0.915,38.62,F,0,33.30587563127713
6200715,FALSE POSITIVE,3.723560726,3.46,1401.0,0.0,6535.0,1.181,910.65,F,0,145.0224770686337
8226050,CANDIDATE,18.3848331,1.15,587.0,0.949,5083.0,0.872,27.99,K,0,8.256805986451951
6291033,CONFIRMED,3.705991661,2.43,1281.0,1.0,6187.0,1.034,637.42,F,1,135.2944220777619
6889235,FALSE POSITIVE,5.188671659,5.2,2118.0,0.0,9523.0,1.941,3158.4199999999996,A,0,105.78815467112987
6758917,FALSE POSITIVE,2.236100588,48.03,1255.0,0.001,5708.0,0.795,586.38,G,0,2171.9505938433213
5461440,CONFIRMED,40.606895,2.67,521.0,0.932,5538.0,1.027,17.4,G,1,16.191831461134864
5689351,CONFIRMED,13.76710058,2.24,595.0,1.0,5001.0,0.76,29.55,K,1,49.741773587013334
6779260,CANDIDATE,2.2165905,0.48,1215.0,0.976,5397.0,0.831,515.27,G,0,12.94781331960053
5689351,CONFIRMED,6.1954595,1.37,776.0,0.996,5001.0,0.76,85.77,K,1,47.841487786337716
5689351,CONFIRMED,3.25058201,1.19,962.0,1.0,5001.0,0.76,202.09,K,1,67.18796797869437
5689351,CONFIRMED,8.34819209,1.45,702.0,0.998,5001.0,0.76,57.48,K,1,34.60629521762717
5303551,FALSE POSITIVE,2.399069173,1.78,1354.0,0.0,5654.0,1.001,792.76,G,0,119.46299974402615
5443837,CANDIDATE,3.65849707,14.61,1583.0,1.0,5857.0,1.822,1486.35,G,0,1202.1329840780766
7692093,FALSE POSITIVE,91.172033,1.58,360.0,0.146,5552.0,0.836,3.96,G,0,4.041809619403792
5709725,CONFIRMED,3.701765401,1.63,1050.0,1.0,5252.0,0.898,286.23,G,1,77.88175877437243
5709725,CONFIRMED,86.4943704,3.07,367.0,0.97,5252.0,0.898,4.29,G,1,11.50595114338216
7700871,FALSE POSITIVE,5.17968868,18.91,972.0,0.0,5761.0,0.815,211.06,G,0,23.514926769691495
9946525,CONFIRMED,51.84688984,8.73,413.0,0.963,5227.0,0.838,6.9,G,1,93.67389278291952
9946525,CONFIRMED,4.180048081,3.44,957.0,1.0,5227.0,0.838,197.81,G,1,422.3874859299734
2716853,FALSE POSITIVE,68.832195,2.35,411.0,0.04,5687.0,0.86,6.71,G,0,9.851494638519084
9946525,CONFIRMED,1.729367077,1.82,1284.0,1.0,5227.0,0.838,643.54,G,1,280.1024758955787
7289157,FALSE POSITIVE,5.26640614,38.05,1163.0,0.0,5916.0,1.175,431.87,G,0,922.2038465874947
2695110,FALSE POSITIVE,44.18938922,14.0,537.0,0.0,6061.0,0.968,19.73,F,0,97.1613338809574
7098355,CONFIRMED,29.00789166,2.64,498.0,1.0,5295.0,0.801,14.59,G,1,31.24322203842649
7101828,FALSE POSITIVE,47.878243,8.15,317.0,0.0,4254.0,0.624,2.38,K,0,19.00654541562856
2832589,CANDIDATE,2.433703498,1.66,1112.0,1.0,5251.0,0.778,362.64,G,0,106.134539483659
7269974,CONFIRMED,13.69942266,3.85,771.0,1.0,5541.0,1.089,83.6,G,1,94.37623994002679
7269974,CONFIRMED,4.309381978,1.89,1134.0,1.0,5541.0,1.089,390.76,G,1,72.09850544374277
7440748,CONFIRMED,4.9213639,2.14,868.0,1.0,5076.0,0.799,134.02,K,1,154.6928890993003
5689351,CONFIRMED,87.0912594,2.95,321.0,0.981,5001.0,0.76,2.52,K,1,12.964561630854082
5780715,FALSE POSITIVE,1.583160478,3.27,1619.0,0.9,6063.0,1.012,1625.93,F,0,462.7452555697263
10793172,CANDIDATE,7.9788198,0.99,927.0,0.949,5553.0,1.098,174.85,G,0,10.502806442627016
5812960,CONFIRMED,18.49234792,3.34,603.0,1.0,5289.0,0.838,31.27,G,1,89.52351573536693
6266741,CONFIRMED,7.930583519,3.05,899.0,1.0,5674.0,1.032,154.36,G,1,104.166357749192
10187017,CONFIRMED,7.07136119,0.63,719.0,1.0,4900.0,0.741,63.11,K,1,9.290997621916128
5738496,FALSE POSITIVE,9.50150926,25.77,843.0,0.0,5938.0,0.908,119.55,G,0,53.623059880067935
5774349,CONFIRMED,15.65563866,2.55,623.0,1.0,5185.0,0.837,35.62,K,1,61.05787318931389
10285631,CANDIDATE,10.52286678,23.26,1008.0,0.881,5548.0,1.614,243.72,G,0,12.373054104178253
5978361,CONFIRMED,9.17858526,2.3,753.0,1.0,5506.0,0.788,76.14,G,1,86.77807934858144
6422367,FALSE POSITIVE,4.33144839,1.07,939.0,0.0,5344.0,0.728,183.62,G,0,49.96019356933859
6501635,CONFIRMED,23.67513153,2.76,528.0,1.0,5309.0,0.781,18.38,G,1,41.41054079288572
3217264,CONFIRMED,29.19899219,4.15,540.0,1.0,5376.0,0.94,20.05,G,1,70.11200888985204
3217264,CONFIRMED,154.608014,4.28,306.0,1.0,5376.0,0.94,2.08,G,1,10.043463853044512
8554498,FALSE POSITIVE,7.05185637,2.39,878.0,0.0,5706.8232800782525,1.0,141.3,G,0,59.686411338522475
6850504,CONFIRMED,10.854095934,2.99,765.0,1.0,5465.0,0.925,80.88,G,1,95.30042909974524
3217264,CONFIRMED,55.3291399,1.67,436.0,0.997,5376.0,0.94,8.55,G,1,5.886590693234326
3342592,FALSE POSITIVE,17.177328207,15.29,720.0,0.0,6032.0,0.973,63.7,F,0,282.7389650749543
7440748,CONFIRMED,7.064252021,2.37,769.0,1.0,5076.0,0.799,82.76,K,1,103.18148302653825
7504328,CANDIDATE,53.71798494,48.03,1550.0,0.933,4959.0,2.747,1363.11,K,0,58.70473368504578
8219268,FALSE POSITIVE,43.501748,10.1,996.0,0.029,4604.0,2.747,232.53,K,0,3.8412249549144555
7977197,CONFIRMED,19.44639139,3.24,681.0,1.0,5815.0,0.954,50.73,G,1,47.618089208889465
7977197,CONFIRMED,6.91986988,1.39,961.0,1.0,5815.0,0.954,201.41,G,1,24.581387070821624
7199397,CANDIDATE,105.8817667,10.16,595.0,1.0,5903.0,2.499,29.64,G,0,14.698470270235866
6266741,CONFIRMED,16.6658994,2.85,702.0,1.0,5674.0,1.032,57.31,G,1,45.25408331697958
6381846,CONFIRMED,4.16696628,2.74,1053.0,1.0,5456.0,0.943,291.34,G,1,210.63285398124222
4367854,FALSE POSITIVE,0.535224793,1.09,1783.0,0.0,5044.0,0.738,2385.75,K,0,427.2970964556942
6381846,CONFIRMED,11.46347165,3.0,752.0,1.0,5456.0,0.943,75.57,G,1,91.4731620590696
6381846,CONFIRMED,39.6034,2.22,497.0,0.0,5456.0,0.943,14.47,G,1,14.460879621446644
6422155,CONFIRMED,2.940304817,2.59,1256.0,1.0,5527.0,1.054,588.66,G,1,160.66361462550364
6665695,CONFIRMED,5.378868001,1.86,833.0,1.0,5077.0,0.774,113.59,K,1,89.87021059266183
6707833,CONFIRMED,15.28467725,2.7,852.0,1.0,5763.0,1.374,124.4,G,1,21.02105230910257
9785921,FALSE POSITIVE,73.506021,2.37,471.0,0.258,6215.0,1.052,11.66,F,0,6.606261546928244
6786037,CONFIRMED,21.05349939,2.75,731.0,1.0,5751.0,1.247,67.48,G,1,23.587527697931076
6786037,CONFIRMED,127.905412,8.03,401.0,1.0,5751.0,1.247,6.09,G,1,31.434166366627238
6786037,CONFIRMED,6.21716039,1.81,1098.0,0.998,5751.0,1.247,343.21,G,1,33.97049243569539
4247092,FALSE POSITIVE,21.05647572,5.05,732.0,0.089,6156.0,1.118,67.74,F,0,61.43478221150295
4949751,FALSE POSITIVE,31.80514278,34.82,553.0,0.0,5931.0,0.863,22.05,G,0,146.99823963500535
10157458,CANDIDATE,4.57797412,0.96,1024.0,0.819,5795.0,0.848,259.36,G,0,27.392029031391726
5003117,FALSE POSITIVE,37.60936976,15.8,508.0,0.0,5600.0,0.896,15.8,G,0,129.13537320599866
5035972,FALSE POSITIVE,49.26678528,48.03,538.0,0.0,5988.0,1.143,19.79,G,0,98.5796002803453
5218441,FALSE POSITIVE,3.613757526,7.05,1182.0,0.0,5986.0,0.906,461.67,G,0,1343.9473913391719
5351250,CONFIRMED,7.381980206,3.42,876.0,1.0,5559.0,0.914,138.88,G,1,194.22972698228338
8043638,CONFIRMED,17.58751692,4.03,706.0,1.0,5433.0,1.107,58.6,G,1,78.33965455539702
8261920,CANDIDATE,3.01609637,0.96,795.0,0.69,4245.0,0.637,94.1,K,0,65.08412726878485
8621348,FALSE POSITIVE,11.34436822,17.21,703.0,0.0,5594.0,0.752,57.67,G,0,51.68203187960343
8773869,FALSE POSITIVE,1.576341127,2.96,1797.0,0.0,5087.0,1.666,2460.7,K,0,212.58089017682528
8845205,CONFIRMED,18.47762694,1.55,267.0,0.001,3395.0,0.283,1.21,M,1,140.9596594009382
8890783,CONFIRMED,58.36205791,7.02,446.0,0.963,5592.0,0.953,9.33,G,1,83.21673659091162
8890783,CONFIRMED,5.350156114,2.6,989.0,1.0,5592.0,0.953,226.02,G,1,142.9490997465873
6716545,CANDIDATE,21.9424316,1.23,797.0,0.867,6052.0,1.424,95.46,F,0,3.3132152956101732
6422155,CONFIRMED,6.38899658,2.89,970.0,1.0,5527.0,1.054,209.17,G,1,85.03682748880107
6422155,CONFIRMED,14.62709685,2.7,736.0,0.932,5527.0,1.054,69.31,G,1,27.100388003515544
6422155,CONFIRMED,35.1184432,3.26,550.0,0.998,5527.0,1.054,21.57,G,1,15.444875984707657
6451936,CONFIRMED,8.00579096,2.36,956.0,1.0,6032.0,0.935,197.06,F,1,78.65556359717891
6451936,CONFIRMED,4.26374378,1.28,1179.0,1.0,6032.0,0.935,457.15,F,1,42.6854917628282
1723078,CANDIDATE,154.608014,5.92,478.0,0.246,6126.0,2.747,12.36,F,0,1.6764978301836282
8056665,CONFIRMED,84.6877524,3.37,611.0,0.881,6688.0,1.79,32.96,F,1,4.105670420413708
7025846,FALSE POSITIVE,2.340523247,1.4,1456.0,0.0,6056.0,0.981,1063.8,F,0,74.94050752318803
7119481,CONFIRMED,25.85499978,2.4,637.0,0.993,6122.0,0.964,38.81,F,1,23.61245427169754
7445445,CONFIRMED,10.68758211,2.64,780.0,1.0,5788.0,0.848,87.41,G,1,72.76669240953322
7445445,CONFIRMED,20.30303506,2.16,630.0,1.0,5788.0,0.848,37.12,G,1,26.271934143032503
8397947,FALSE POSITIVE,39.0930875,2.99,602.0,0.186,6072.0,1.193,31.11,F,0,12.183739644508764
5351250,CONFIRMED,12.56096618,2.74,734.0,1.0,5559.0,0.914,68.49,G,1,73.48956973308243
5351250,CONFIRMED,30.8261043,3.18,544.0,1.0,5559.0,0.914,20.68,G,1,24.076996326778794
6850504,CONFIRMED,3.696121272,1.78,1095.0,1.0,5465.0,0.925,340.33,G,1,103.730362665438
5351250,CONFIRMED,3.42806306,1.21,1131.0,1.0,5559.0,0.914,386.14,G,1,52.04104967660659
5444548,CONFIRMED,13.24931848,2.86,806.0,1.0,5799.0,1.078,99.54,G,1,48.87798576036645
10187017,FALSE POSITIVE,22.4098677,0.73,489.0,1.0,4900.0,0.741,13.55,K,0,3.114699333990267
8891318,FALSE POSITIVE,154.608014,5.26,283.0,0.0,6240.0,1.064,1.51,F,0,10.507864100757416
9008220,CANDIDATE,9.391039263,11.73,1068.0,0.0,5944.0,1.498,308.13,G,0,308.33648107600294
9583881,CONFIRMED,18.00932214,4.96,658.0,1.0,5815.0,0.877,44.29,G,1,166.82471314825403
9589524,CONFIRMED,22.18431824,3.18,546.0,1.0,5157.0,0.818,21.06,K,1,71.80748052593749
9955262,CANDIDATE,77.4794704,10.33,778.0,0.0,6711.0,2.747,86.59,F,0,15.965519557810504
8019043,FALSE POSITIVE,0.80489537,2.39,878.0,0.0,5706.8232800782525,1.0,141.3,G,0,522.9251101295315
11775507,FALSE POSITIVE,154.608014,1.21,352.0,0.174,6528.0,1.26,3.63,F,0,0.5258459629395408
10187017,CONFIRMED,5.28691996,0.51,792.0,1.0,4900.0,0.741,92.97,K,1,7.849560862275661
6838050,CONFIRMED,6.51003001,2.78,1017.0,1.0,5638.0,1.153,253.24,G,1,92.59557929441863
6937692,CONFIRMED,35.18105723,4.17,664.0,0.996,6520.0,1.215,45.89,F,1,28.07476743927289
7602070,FALSE POSITIVE,11.75560012,22.39,716.0,0.0,5644.0,0.806,62.19,G,0,55.19071705205297
7812179,FALSE POSITIVE,17.79421914,25.27,606.0,0.0,5485.0,0.805,31.94,G,0,87.07322236563172
1868404,FALSE POSITIVE,6.12601169,0.83,1141.0,0.384,5679.0,1.286,400.49,G,0,6.562181405174563
7445445,CONFIRMED,29.02235217,2.55,559.0,1.0,5788.0,0.848,23.06,G,1,21.969273760625033
7595157,CONFIRMED,3.383540239,1.65,1133.0,1.0,5300.0,0.986,389.19,G,1,75.57173313699728
7595157,CONFIRMED,2.358952404,0.96,1278.0,0.989,5300.0,0.986,630.43,G,1,39.89058865301294
8008206,CONFIRMED,20.72904234,1.94,530.0,1.0,4979.0,0.803,18.68,K,1,27.097247947441844
8008206,CONFIRMED,1.632916419,1.13,1237.0,1.0,4979.0,0.803,554.07,K,1,128.11433430751728
7906892,CANDIDATE,11.1438086,0.75,906.0,0.989,6095.0,1.11,159.1,F,0,3.7419881744917984
5449777,FALSE POSITIVE,7.216951388,41.57,1055.0,0.0,6266.0,1.056,292.7,F,0,593.6717278051866
5478055,FALSE POSITIVE,15.85238672,32.21,775.0,0.0,5903.0,1.005,85.35,G,0,58.571621825789016
5683743,CONFIRMED,4.147021189,7.31,1258.0,0.922,5818.0,1.205,590.84,G,1,887.5527353858427
5791986,CONFIRMED,15.22895514,3.0,639.0,1.0,5456.0,0.812,39.4,G,1,73.859302208175
5791986,CONFIRMED,24.67458244,2.33,544.0,1.0,5456.0,0.812,20.71,G,1,26.367214180099417
8320630,CANDIDATE,32.526674,1.26,525.0,0.862,5668.0,0.868,17.91,G,0,6.299445187663516
9703198,CANDIDATE,10.32906563,6.17,908.0,1.0,6228.0,1.049,160.44,F,0,223.6213886850867
9844088,CONFIRMED,3.750832927,4.61,1129.0,1.0,5776.0,0.95,383.77,G,1,639.2980030485907
10019643,CONFIRMED,21.34736612,3.2,648.0,1.0,5395.0,1.071,41.65,G,1,29.53525959388942
10019643,CONFIRMED,7.81100952,1.36,906.0,0.998,5395.0,1.071,159.24,G,1,16.220694607475014
10123064,CONFIRMED,4.243748097,3.16,1063.0,1.0,5873.0,0.843,301.46,G,1,332.18277046098666
5653126,FALSE POSITIVE,2.404483552,0.48,2078.0,0.0,6050.0,2.345,3158.4199999999996,F,0,0.33271177893255977
7840044,FALSE POSITIVE,13.54204116,2.01,794.0,0.0,5891.0,1.015,93.98,G,0,25.011000631163345
8015907,CONFIRMED,2.752359689,2.54,1178.0,1.0,5461.0,0.897,455.43,G,1,287.71675561333217
8017703,CONFIRMED,13.98177862,2.09,553.0,1.0,4859.0,0.651,22.1,K,1,72.83765733089542
8017703,CONFIRMED,44.0003975,1.56,377.0,1.0,4859.0,0.651,4.79,K,1,13.627149618364244
8017703,CONFIRMED,154.608014,2.29,212.0,0.996,4859.0,0.651,0.48,K,1,8.355323676817942
1995712,FALSE POSITIVE,154.608014,2.46,249.0,0.0,6079.0,0.974,0.91,F,0,4.098752604117921
8106610,FALSE POSITIVE,12.39894005,4.06,890.0,0.0,6355.0,1.108,148.37,F,0,56.69032975121127
8056665,CONFIRMED,154.608014,4.52,453.0,0.997,6688.0,1.79,9.97,F,1,3.266971659049964
8120608,CONFIRMED,7.26731094,1.14,464.0,1.0,3751.0,0.443,10.93,K,1,90.69379381749697
8120608,CONFIRMED,13.3430025,1.29,379.0,1.0,3751.0,0.443,4.87,K,1,59.9340365858434
8120608,CONFIRMED,3.886795001,0.97,571.0,1.0,3751.0,0.443,25.26,K,1,121.25671662095462
8120608,CONFIRMED,22.40777833,1.15,319.0,0.999,3751.0,0.443,2.44,K,1,29.512073453290004
5872150,FALSE POSITIVE,20.35509657,17.53,720.0,0.0,6081.0,1.077,63.6,F,0,238.59872063480952
5872150,FALSE POSITIVE,5.92240377,2.77,1087.0,0.017,6081.0,1.077,329.86,F,0,69.80273822161233
6289650,CANDIDATE,154.608014,7.03,334.0,0.999,5663.0,1.031,2.93,G,0,30.814702787657566
6850504,CONFIRMED,77.6114427,2.59,397.0,0.563,5465.0,0.925,5.87,G,1,10.494586515397941
6508221,CONFIRMED,18.20795835,3.08,551.0,1.0,5176.0,0.738,21.86,K,1,87.70340799906323
11135694,CANDIDATE,49.537365,1.48,532.0,0.966,6118.0,1.023,18.87,F,0,4.071673977814524
10155434,CONFIRMED,12.70636123,2.75,697.0,1.0,5573.0,0.839,55.86,G,1,68.60343289642175
10460984,CONFIRMED,10.94577783,2.84,881.0,1.0,5888.0,1.097,142.23,G,1,48.676303162276035
10460984,CONFIRMED,28.9869016,2.7,637.0,0.999,5888.0,1.097,38.82,G,1,16.269417356424185
10460984,CONFIRMED,94.886902,4.24,429.0,1.0,5888.0,1.097,7.99,G,1,6.762787976785247
10460984,CONFIRMED,5.03505665,1.63,1141.0,1.0,5888.0,1.097,401.23,G,1,30.08903584034154
6436505,FALSE POSITIVE,24.7222403,1.31,536.0,0.368,5481.0,0.778,19.53,G,0,11.73437344187614
8022244,CONFIRMED,11.90352088,2.56,827.0,1.0,6063.0,1.001,110.54,F,1,53.17754355045916
2571238,CONFIRMED,9.286964466,2.1,762.0,1.0,5546.0,0.81,79.68,G,1,74.48074153102935
8022244,CONFIRMED,34.0350605,2.76,583.0,1.0,6063.0,1.001,27.24,F,1,21.38383153454362
8037145,CONFIRMED,12.75934489,2.58,633.0,1.0,4963.0,0.826,37.95,K,1,69.13364342798951
8037145,CONFIRMED,5.433132902,1.61,841.0,1.0,4963.0,0.826,118.56,K,1,60.40713634654248
2140389,FALSE POSITIVE,0.967427812,29.01,1419.0,0.0,5066.0,0.709,956.61,K,0,5020.2195344782995
8193178,CONFIRMED,10.64021008,2.87,963.0,1.0,6112.0,1.233,203.48,F,1,42.790508512215396
8193178,CONFIRMED,4.93883135,1.44,1244.0,1.0,6112.0,1.233,566.38,F,1,25.005915620099074
8344004,CONFIRMED,5.996533443,2.96,1025.0,1.0,5622.0,1.089,260.49,G,1,118.63520928586607
8344004,CONFIRMED,2.06190864,1.63,1463.0,0.999,5622.0,1.089,1082.28,G,1,103.7873336618833
8355239,CONFIRMED,20.13490007,2.98,544.0,1.0,4963.0,0.826,20.66,K,1,51.41321766689056
8216763,CANDIDATE,24.0721647,1.1,400.0,0.998,4352.0,0.613,6.08,K,0,7.365353395077096
6508221,CONFIRMED,88.2553729,2.96,326.0,0.766,5176.0,0.738,2.67,K,1,12.828680711404031
6879865,CANDIDATE,19.193103549,12.23,656.0,0.0,5883.0,0.892,43.77,G,0,253.0440159196163
7975727,FALSE POSITIVE,22.418319842,9.94,563.0,0.0,5324.0,0.813,23.8,G,0,216.63978541786744
8219673,FALSE POSITIVE,20.131477716,39.89,670.0,0.0,6003.0,0.932,47.49,F,0,241.24905625482302
8352537,CONFIRMED,6.010383339,3.8,768.0,1.0,4882.0,0.738,82.31,K,1,441.25305332708666
3758499,CANDIDATE,80.881757,2.27,581.0,0.553,5934.0,1.885,26.91,G,0,1.7643039084821068
3248033,FALSE POSITIVE,1.334101467,1.74,2169.0,0.0,6178.0,1.58,3158.4199999999996,F,0,90.54783536940673
9552608,CANDIDATE,9.250572762,48.03,1966.0,0.0,8133.0,2.747,3158.4199999999996,A,0,112.37142031573592
10577994,CONFIRMED,8.1808949,2.1,716.0,1.0,5081.0,0.77,62.21,K,1,88.43775758566461
10577994,CONFIRMED,15.31296388,2.34,581.0,1.0,5081.0,0.77,26.98,K,1,56.48155424239138
10599206,CONFIRMED,18.42794957,2.24,526.0,1.0,4768.0,0.779,18.05,K,1,38.3439295465795
6768616,FALSE POSITIVE,8.8249556,1.1,928.0,0.294,6078.0,0.994,175.17,F,0,13.722448643254365
10068383,FALSE POSITIVE,7.30497811,10.86,760.0,0.0,5247.0,0.744,78.87,G,0,664.84798816187
10157573,FALSE POSITIVE,5.115750935,48.03,1202.0,0.761,6398.0,1.101,493.38,F,0,206.3822131716035
10191070,FALSE POSITIVE,1.213745575,21.69,1246.0,0.0,4820.0,0.661,572.53,K,0,1657.843325196057
10221013,CANDIDATE,7.189379172,11.94,1026.0,1.0,6214.0,1.076,261.94,F,0,675.5381631441932
10225800,FALSE POSITIVE,1.423799421,4.69,1659.0,0.0,5962.0,1.019,1791.61,G,0,1410.5919488219824
2299738,CANDIDATE,1.8134378,0.69,1158.0,0.901,5094.0,0.7,423.67,K,0,53.710141037095404
10227020,CONFIRMED,14.78767172,3.46,827.0,1.0,5814.0,1.248,110.42,G,1,52.8683632422427
4563268,CONFIRMED,4.16536757,1.0,1048.0,0.996,5604.0,0.912,284.49,G,1,28.80898215664554
4644604,CONFIRMED,14.48584765,2.88,784.0,1.0,5784.0,1.085,89.16,G,1,31.554936310544452
4656049,CONFIRMED,40.6992062,3.2,685.0,1.0,6419.0,1.362,52.05,F,1,10.562859577344778
4659405,FALSE POSITIVE,4.532402495,3.69,1160.0,0.0,5575.0,1.173,426.69,G,0,74.81683287706336
7941635,FALSE POSITIVE,25.273355,24.74,579.0,0.376,5313.0,0.976,26.57,G,0,19.629368558309732
4742414,CONFIRMED,15.458056682,9.11,871.0,0.999,5868.0,1.407,136.4,G,1,275.1445467885107
7619236,CANDIDATE,154.608014,10.9,241.0,0.0,5589.0,1.289,0.8,G,0,31.4129900148643
7630229,CANDIDATE,154.608014,5.86,286.0,1.0,5799.0,1.05,1.57,G,0,14.862101520817674
7730747,CANDIDATE,4.034914368,6.95,1452.0,1.0,5548.0,1.793,1052.15,G,0,198.29417108462414
7764367,CONFIRMED,3.173914037,3.07,1655.0,1.0,6432.0,1.584,1769.83,F,1,95.46572354127058
9024857,FALSE POSITIVE,154.608014,2.74,221.0,0.005,5546.0,0.81,0.57,G,0,7.164570395425945
7906882,CANDIDATE,52.513548727,12.43,472.0,0.952,5589.0,0.98,11.73,G,0,92.48470380945543
7976520,CANDIDATE,4.17838675,3.13,1430.0,1.0,5746.0,1.687,988.44,G,0,75.62727409089166
10227020,CONFIRMED,9.84824649,2.68,947.0,0.994,5814.0,1.248,189.82,G,1,44.3429193657398
10227020,CONFIRMED,19.7243672,3.57,751.0,1.0,5814.0,1.248,75.23,G,1,29.298785311601783
6678383,CONFIRMED,51.75530504,2.61,515.0,0.978,5979.0,1.005,16.6,G,1,11.770774020734088
2302997,CANDIDATE,16.2982201,0.78,388.0,0.957,3905.0,0.521,5.38,K,0,12.209922235618844
10227020,CONFIRMED,7.38443269,2.42,1042.0,0.992,5814.0,1.248,278.67,G,1,47.36992192693411
10259031,FALSE POSITIVE,7.06115081,48.03,886.0,0.0,5795.0,0.848,145.61,G,0,216.2395395715957
8505215,CANDIDATE,154.608014,3.12,109.0,0.0,4965.0,0.736,0.03,K,0,12.12226941871202
4827723,CONFIRMED,7.23858162,1.34,816.0,1.0,5411.0,0.831,104.51,G,1,37.05145760309877
4841374,CONFIRMED,154.608014,3.25,343.0,0.999,5761.0,1.044,3.27,G,1,5.356772773758029
4861736,FALSE POSITIVE,6.277827312,4.87,985.0,0.0,6077.0,0.891,222.45,F,0,295.77111757291357
5020319,CONFIRMED,16.71987303,2.52,767.0,1.0,6020.0,1.085,81.63,F,1,31.28612275113671
5090690,FALSE POSITIVE,12.011661094,48.03,1317.0,0.0,6753.0,2.396,710.87,F,0,404.3320871270662
8161561,CONFIRMED,3.275821982,3.54,1730.0,1.0,6185.0,1.972,2121.23,F,1,83.9178690144097
8361905,CONFIRMED,15.87360981,1.53,632.0,1.0,5656.0,0.737,37.68,G,1,26.18182032786152
12116489,CONFIRMED,12.3860474,1.11,679.0,0.882,5121.0,0.888,50.23,K,1,12.21535774197021
8409588,FALSE POSITIVE,1.360834768,7.24,1660.0,0.0,6215.0,0.872,1792.47,F,0,1154.071042958538
11250587,CONFIRMED,7.256962446,3.53,1163.0,1.0,5858.0,1.549,432.1,G,1,63.828358413968836
8480285,CONFIRMED,29.66631669,2.83,644.0,1.0,5956.0,1.098,40.68,G,1,22.51711956628479
8480285,CONFIRMED,16.2254975,1.21,788.0,1.0,5956.0,1.098,90.93,G,1,7.420419620415338
10265898,CONFIRMED,1.260258822,3.57,1569.0,1.0,5550.0,0.954,1435.82,G,1,897.1966553708442
10265898,CANDIDATE,3.29534567,1.23,1139.0,0.966,5550.0,0.954,397.37,G,0,43.06073298829376
2302758,FALSE POSITIVE,0.542122617,0.94,2238.0,0.0,5875.0,0.998,3158.4199999999996,G,0,162.8782810955847
10265898,CONFIRMED,5.25449393,1.41,975.0,0.992,5550.0,0.954,213.25,G,1,32.162945138277095
10271806,CONFIRMED,5.924993927,3.15,758.0,1.0,5016.0,0.679,77.91,K,1,271.4095608894959
10271806,CONFIRMED,11.34934848,2.39,610.0,1.0,5016.0,0.679,32.75,K,1,110.12085867329012
5098444,FALSE POSITIVE,26.94927489,7.37,395.0,0.0,4723.0,0.512,5.78,K,0,180.21635163928522
5113822,CONFIRMED,23.6421965,2.9,595.0,1.0,5750.0,0.882,29.65,G,1,46.6200338026968
5113822,CONFIRMED,67.0930642,3.51,420.0,0.954,5750.0,0.882,7.38,G,1,18.693437465627035
5120087,CONFIRMED,17.97979816,2.89,828.0,1.0,6141.0,1.352,111.12,F,1,25.534213227230133
5121511,CONFIRMED,30.99664113,2.43,500.0,1.0,5324.0,0.853,14.72,G,1,21.14100031844321
8557374,CONFIRMED,2.462344253,1.33,1326.0,1.0,5736.0,1.008,730.86,G,1,73.14168186701554
8557374,CONFIRMED,4.822969318,2.22,1060.0,1.0,5736.0,1.008,297.73,G,1,68.85799558387322
12600735,CANDIDATE,6.0799457,0.86,1101.0,0.813,6008.0,1.168,348.11,F,0,9.062580937194884
8738735,CONFIRMED,28.7796446,1.95,619.0,0.997,6000.0,1.044,34.65,F,1,8.797884877285801
8738735,CONFIRMED,15.66057688,2.05,758.0,1.0,6000.0,1.044,78.01,F,1,24.526554988566936
8802165,CONFIRMED,17.42115972,3.11,674.0,1.0,5679.0,0.972,48.91,G,1,53.274294875703035
10271806,CONFIRMED,3.13295351,1.39,937.0,1.0,5016.0,0.679,181.84,K,1,138.9104557762812
10271806,CONFIRMED,18.64349986,2.14,517.0,1.0,5016.0,0.679,16.91,K,1,43.629147215280426
5351250,FALSE POSITIVE,93.803766,2.05,375.0,0.005,5559.0,0.914,4.69,G,0,4.904920341897574
10272442,CONFIRMED,24.5434566,3.08,616.0,1.0,5955.0,0.91,34.07,G,1,46.90863307330557
10984090,CONFIRMED,51.07926451,2.75,503.0,0.99,5833.0,1.022,15.17,G,1,14.424639960423736
10272442,CANDIDATE,70.2780911,2.54,434.0,0.974,5955.0,0.91,8.38,G,0,11.121531444100366
4055765,CANDIDATE,9.9664004,16.89,1578.0,1.0,6638.0,2.747,1466.1,F,0,162.44581142856754
5131180,CANDIDATE,14.85185526,2.73,457.0,1.0,4129.0,0.652,10.3,K,0,90.29174985374857
5181817,FALSE POSITIVE,4.350413063,1.26,1088.0,0.0,5978.0,0.876,331.98,G,0,44.24867184157772
5309353,FALSE POSITIVE,1.376384817,1.47,1343.0,0.0,5278.0,0.746,770.31,G,0,265.8413515469635
5356593,FALSE POSITIVE,45.977861823,17.09,541.0,0.0,5761.0,1.096,20.32,G,0,105.63127138658024
8805348,CONFIRMED,29.90721859,2.16,564.0,1.0,5739.0,0.896,23.92,G,1,19.66080524106672
8869680,FALSE POSITIVE,7.03380109,2.61,1320.0,0.193,6122.0,1.934,718.45,F,0,19.69063358884378
10843431,CANDIDATE,56.391062,3.58,310.0,0.529,4406.0,0.628,2.18,K,0,36.21141236886087
8878187,CONFIRMED,3.032147946,3.62,1507.0,0.955,5827.0,1.447,1218.88,G,1,161.13989445817103
4914423,CONFIRMED,15.96532718,3.33,872.0,1.0,5880.0,1.433,136.42,G,1,30.20295134346254
8891278,FALSE POSITIVE,12.718711489,48.03,1042.0,0.0,6120.0,1.596,279.33,F,0,381.8547188683698
10287242,CANDIDATE,22.34213536,5.19,526.0,1.0,5237.0,0.707,18.14,G,0,101.35110021999259
10340423,CONFIRMED,18.79418506,2.33,412.0,1.0,4126.0,0.602,6.79,K,1,81.35495075304956
10340423,CONFIRMED,6.73893544,1.44,579.0,1.0,4126.0,0.602,26.64,K,1,89.22774306916345
10345478,FALSE POSITIVE,14.49839316,5.16,607.0,0.0,5268.0,0.735,32.22,G,0,225.6181056687526
10358759,CONFIRMED,10.3392408,2.98,777.0,1.0,5730.0,0.87,86.46,G,1,114.57320928244556
5374854,CONFIRMED,8.50339249,1.95,1021.0,0.886,5877.0,1.265,257.22,G,1,22.214663173803473
5374854,CONFIRMED,23.7832097,2.01,725.0,1.0,5877.0,1.265,65.26,G,1,10.784919413126984
5384802,FALSE POSITIVE,3.041547148,48.03,1544.0,0.0,6431.0,1.295,1344.31,F,0,1596.7860314753207
5531694,CONFIRMED,5.16949729,2.06,1309.0,1.0,6011.0,1.409,694.32,F,1,40.73897096481503
5596440,CANDIDATE,10.47490332,15.45,1567.0,0.0,6526.0,2.747,1427.2,F,0,111.71463489937014
8908102,FALSE POSITIVE,5.41460536,48.03,1737.0,0.0,6033.0,2.747,2150.63,F,0,753.5359880779935
8962094,CONFIRMED,30.86436512,2.23,527.0,1.0,5677.0,0.828,18.22,G,1,17.862023011215594
8962094,CONFIRMED,9.36059705,1.42,784.0,1.0,5677.0,0.828,89.47,G,1,25.265482397834866
8962094,CONFIRMED,14.6672293,1.21,675.0,0.997,5677.0,0.828,49.12,G,1,13.506300061730132
8962094,CONFIRMED,68.1609897,1.45,405.0,0.976,5677.0,0.828,6.34,G,1,4.336791488812552
10358759,CONFIRMED,13.28689997,2.78,715.0,1.0,5730.0,0.87,61.8,G,1,78.2424796112919
10386984,CONFIRMED,1.287076693,1.39,871.0,0.999,3736.0,0.525,135.97,K,1,566.7105961649171
9588822,CANDIDATE,61.858947,2.47,699.0,0.998,5529.0,2.747,56.48,G,0,1.1445393663102605
10395381,CONFIRMED,17.6717714,2.44,513.0,1.0,4869.0,0.687,16.38,K,1,51.98120659256604
10418797,FALSE POSITIVE,23.355341391,21.55,601.0,0.0,5754.0,0.905,30.96,G,0,207.94814850668521
5613330,CONFIRMED,23.44970494,2.71,802.0,1.0,6188.0,1.524,97.94,F,1,13.45859151778308
8456679,CONFIRMED,1.73513619,3.27,1554.0,1.0,5751.0,1.071,1372.87,G,1,549.0058967647952
5786676,CONFIRMED,11.95474513,5.15,906.0,1.0,5059.0,1.657,159.04,K,1,75.56831953974078
5796186,FALSE POSITIVE,42.55930625,5.45,527.0,0.0,6032.0,0.924,18.24,F,0,54.12447248244325
5796675,CONFIRMED,16.080657264,4.43,614.0,1.0,5303.0,0.817,33.64,G,1,191.2857136061401
9002278,CONFIRMED,18.16407304,1.98,508.0,1.0,4926.0,0.662,15.72,K,1,51.9266795460981
12306808,FALSE POSITIVE,7.334073405,1.42,870.0,0.0,5985.0,0.758,135.81,G,0,44.57277449352172
9002278,CONFIRMED,5.71489692,1.33,747.0,1.0,4926.0,0.662,73.38,K,1,74.52452878187695
9002278,CONFIRMED,122.3858681,1.72,269.0,0.994,4926.0,0.662,1.24,K,1,5.8103113622478775
9053112,FALSE POSITIVE,1.274840187,48.03,2498.0,0.0,5365.0,2.747,3158.4199999999996,G,0,179.78724104968933
4914423,CONFIRMED,154.608014,5.47,389.0,1.0,5880.0,1.433,5.41,G,1,8.23372584036944
9162741,FALSE POSITIVE,1.368617188,1.84,2255.0,0.0,6561.0,1.584,3158.4199999999996,F,0,92.72132566553739
5893123,FALSE POSITIVE,1.125963085,1.41,1988.0,0.0,6225.0,1.116,3158.4199999999996,F,0,129.66677322285392
5941160,CONFIRMED,8.59481851,1.75,854.0,1.0,5675.0,0.915,125.48,G,1,39.15149570738289
5941160,CONFIRMED,10.22215697,1.72,806.0,1.0,5675.0,0.915,99.68,G,1,23.302322660380746
5966154,CONFIRMED,25.6721559,2.68,683.0,1.0,6034.0,1.179,51.47,F,1,15.078593379841543
5966154,CONFIRMED,151.8851881,2.47,378.0,0.97,6034.0,1.179,4.81,F,1,2.374161723805378
3749508,FALSE POSITIVE,1.065731229,48.03,3749.0,0.0,6244.0,2.747,3158.4199999999996,F,0,3415.119967362803
9266431,CONFIRMED,18.39629744,2.47,582.0,1.0,5316.0,0.804,27.09,G,1,36.97483160502758
9300285,FALSE POSITIVE,1.012672041,5.89,2337.0,0.0,6663.0,1.338,3158.4199999999996,F,0,1182.6138685703083
9426071,FALSE POSITIVE,28.714216138,42.19,794.0,0.0,6706.0,1.417,93.74,F,0,169.1392158037255
9458613,CONFIRMED,21.77568158,4.76,853.0,1.0,5900.0,1.694,125.14,G,1,36.64179222444343
9458613,CONFIRMED,41.0283424,3.92,691.0,0.997,5900.0,1.694,53.8,G,1,13.195756112243032
10729472,FALSE POSITIVE,0.83442282,0.64,1854.0,0.141,5838.0,0.897,2794.84,G,0,61.00024925013436
5966660,FALSE POSITIVE,1.906633332,2.72,1847.0,0.001,6736.0,1.243,2745.66,F,0,140.56189803357535
6020753,CONFIRMED,4.069425638,1.53,802.0,0.992,4671.0,0.68,97.72,K,1,134.9330467849183
8456679,CONFIRMED,4.06844957,0.98,1170.0,0.491,5751.0,1.071,442.08,G,1,19.614351518187796
6020753,CONFIRMED,16.28247625,1.88,505.0,1.0,4671.0,0.68,15.37,K,1,48.678099561177014
6062088,CONFIRMED,3.162692075,2.61,1308.0,1.0,5821.0,1.085,692.32,G,1,159.26305440279071
9458613,CONFIRMED,31.7848157,3.55,752.0,0.999,5900.0,1.694,75.59,G,1,13.98466501097252
9458613,CONFIRMED,13.17555999,2.82,1009.0,1.0,5900.0,1.694,244.58,G,1,21.25146864440788
9458613,CONFIRMED,5.66815821,1.85,1336.0,0.997,5900.0,1.694,752.7,G,1,21.11797087611639
9530945,CONFIRMED,17.40665216,2.95,814.0,1.0,6086.0,1.216,104.04,F,1,33.716994779081055
10610039,CANDIDATE,3.07365139,0.79,1215.0,0.952,6068.0,0.831,515.92,F,0,29.44380754904023
4752451,FALSE POSITIVE,6.41496453,25.79,1153.0,0.0,6170.0,1.183,417.97,F,0,31.36416406654707
6062088,CONFIRMED,5.370639542,2.54,1096.0,1.0,5821.0,1.085,341.68,G,1,91.47886320761015
6062088,CONFIRMED,11.32977062,1.37,855.0,1.0,5821.0,1.085,126.21,G,1,14.333917732925824
6125481,CONFIRMED,23.20579353,5.86,1002.0,0.984,5460.0,2.747,238.21,G,1,14.75924533919612
6267535,CONFIRMED,6.07972016,2.32,1111.0,1.0,5460.0,1.346,360.77,G,1,47.83114885998306
1025986,CANDIDATE,154.608014,1.86,303.0,0.0,5604.0,1.187,2.0,G,0,1.4805183384607734
6347299,CONFIRMED,14.40090414,2.71,828.0,1.0,5815.0,1.198,111.24,G,1,26.35945606676332
9530945,CONFIRMED,7.69363627,2.12,1069.0,1.0,6086.0,1.216,308.61,F,1,38.35637527480878
9578686,CONFIRMED,21.3851584,2.17,574.0,1.0,5376.0,0.825,25.63,G,1,31.044895136245515
9590976,CONFIRMED,5.37493289,2.12,1413.0,1.0,6167.0,1.689,942.35,F,1,28.98640842378964
9590976,CONFIRMED,8.58600968,1.84,1208.0,1.0,6167.0,1.689,503.98,F,1,11.89143779302145
11284772,CANDIDATE,4.50158249,0.73,676.0,0.977,4339.0,0.553,49.21,K,0,39.03071872842654
9590976,CONFIRMED,3.88688862,1.29,1574.0,0.999,6167.0,1.689,1448.04,F,1,14.999143453716972
2441151,FALSE POSITIVE,2.192009479,35.9,1446.0,0.0,5499.0,1.125,1030.69,G,0,673.1722714416235
3970233,FALSE POSITIVE,8.254912972,11.86,793.0,0.027,5366.0,0.835,93.46,G,0,588.3405453786776
4832837,CONFIRMED,2.628117322,1.77,737.0,1.0,3939.0,0.557,69.56,K,1,356.45288441198437
4832837,CANDIDATE,5.06546874,0.62,592.0,0.917,3939.0,0.557,29.01,K,0,23.90696818316561
5014753,FALSE POSITIVE,3.170626881,14.37,1314.0,0.002,6068.0,1.034,704.88,F,0,1531.7791030864598
5441980,CANDIDATE,5.89399142,11.16,940.0,1.0,5713.0,0.893,185.03,G,0,824.0086647428476
6347299,CONFIRMED,25.6613816,1.78,683.0,0.959,5815.0,1.198,51.48,G,1,6.4883490139127975
6365156,CONFIRMED,10.21418792,2.29,957.0,1.0,5843.0,1.332,198.34,G,1,29.74294210948882
6425957,CONFIRMED,2.755637216,1.37,757.0,0.073,4121.0,0.553,77.57,K,1,194.76438947905402
1293046,FALSE POSITIVE,36.2671673,1.5,347.0,0.0,4264.0,0.62,3.44,K,0,17.291121603533675
2444412,CONFIRMED,14.91095177,2.62,694.0,1.0,5650.0,0.899,54.87,G,1,57.97751970060862
6425957,CONFIRMED,20.30652862,1.58,389.0,0.008,4121.0,0.553,5.4,K,1,35.230049083593684
9597345,CONFIRMED,44.6996563,3.05,500.0,0.483,5497.0,1.046,14.81,G,1,18.740636267487364
9597345,CONFIRMED,3.619309734,1.47,1156.0,0.972,5497.0,1.046,422.53,G,1,57.08270780452636
9597345,CONFIRMED,124.5245224,2.69,356.0,0.772,5497.0,1.046,3.78,G,1,5.540274210278762
10972902,CANDIDATE,7.6720844,0.72,875.0,0.675,5972.0,0.807,138.74,G,0,9.788734858026327
9640976,FALSE POSITIVE,2.178150857,1.11,1282.0,0.0,5691.0,0.836,636.74,G,0,74.60456628968927
9640985,FALSE POSITIVE,2.178150567,34.19,1796.0,0.0,6820.0,1.254,2457.28,F,0,234.74042967755958
5562784,FALSE POSITIVE,25.33709016,3.47,414.0,0.0,4469.0,0.635,6.93,K,0,89.96297465912322
5608566,FALSE POSITIVE,4.396999852,13.57,1231.0,0.024,5949.0,1.156,543.48,G,0,1040.891551979065
5686174,CONFIRMED,14.28228147,1.82,446.0,1.0,4102.0,0.595,9.38,K,1,68.84054218264893
6309763,CANDIDATE,3.251659087,9.83,1384.0,1.0,6367.0,1.087,865.87,F,0,1460.146919762256
5903312,FALSE POSITIVE,1.16015259,1.4,1751.0,0.0,5842.0,0.985,2229.29,G,0,146.70483992110036
6462863,CONFIRMED,3.743166733,1.5,1423.0,0.999,6181.0,1.331,971.76,F,1,33.741483884896454
6442340,CONFIRMED,13.13747785,1.85,825.0,1.0,5762.0,1.143,109.68,G,1,16.197934065403583
6442340,CONFIRMED,7.78199862,1.32,983.0,0.999,5762.0,1.143,220.8,G,1,13.736831014755436
1434395,FALSE POSITIVE,2.2227289,34.14,3749.0,0.014,4996.0,2.747,3158.4199999999996,K,0,125.5663702397535
6442340,CONFIRMED,23.4433748,1.29,681.0,1.0,5762.0,1.143,50.72,G,1,3.6257578409743294
6685609,CONFIRMED,5.868066282,3.6,1254.0,1.0,5918.0,1.555,584.32,G,1,74.38566284415394
6685609,CONFIRMED,1.61189046,1.72,1930.0,1.0,5918.0,1.555,3158.4199999999996,G,1,62.72138368509235
9450647,CONFIRMED,9.940666412,2.87,996.0,1.0,6215.0,1.259,233.04,F,1,52.33049560661588
9702072,CONFIRMED,4.182001885,2.46,974.0,1.0,5328.0,0.865,213.29,G,1,202.63022908704403
9413156,CANDIDATE,66.47762,1.83,388.0,0.573,5515.0,0.775,5.34,G,0,8.326110351122677
9834719,FALSE POSITIVE,1.621668852,32.76,1598.0,0.0,6106.0,0.966,1546.28,F,0,2994.8777729869107
9846348,CANDIDATE,26.89316101,6.78,614.0,1.0,6096.0,0.908,33.54,F,0,81.55233217785282
9873254,CONFIRMED,14.70749512,2.04,819.0,1.0,5676.0,1.28,106.22,G,1,17.81404636631285
6587002,CONFIRMED,20.73989406,2.11,536.0,1.0,5132.0,0.77,19.47,K,1,29.7060340914779
6587002,CONFIRMED,47.4277116,2.33,407.0,0.998,5132.0,0.77,6.46,K,1,17.297903953687698
6960456,FALSE POSITIVE,5.07442951,1.38,929.0,0.0,5448.0,0.857,175.75,G,0,49.30603519212153
7368664,CONFIRMED,12.874712426,11.26,926.0,1.0,5963.0,1.424,173.5,G,1,299.8668919550747
8374580,FALSE POSITIVE,154.608014,48.03,353.0,0.0,5559.0,1.231,3.68,G,0,31.4129900148643
6685609,CONFIRMED,3.07155284,1.65,1556.0,1.0,5918.0,1.555,1389.97,G,1,27.998867178856674
6707835,CONFIRMED,22.24814617,2.72,609.0,1.0,5629.0,0.943,32.58,G,1,27.584320747925045
2696205,CANDIDATE,0.702739679,0.73,1765.0,0.987,5269.0,0.836,2292.96,G,0,92.63743309988904
6752502,FALSE POSITIVE,4.305219002,10.34,1119.0,0.001,5780.0,1.0,370.84,G,0,1128.0959221223839
6805146,FALSE POSITIVE,13.779711352,47.58,1376.0,0.003,6444.0,2.747,848.24,F,0,352.45295608424294
10318874,CONFIRMED,2.508057497,3.25,997.0,1.0,4780.0,0.761,234.06,K,1,601.1026468903955
6960445,FALSE POSITIVE,5.07437786,23.71,1008.0,0.0,5661.0,0.919,244.04,G,0,119.3643864747589
9873254,CONFIRMED,0.900375925,0.82,2078.0,1.0,5676.0,1.28,3158.4199999999996,G,1,45.980794077762575
9884104,CONFIRMED,4.585466941,3.29,1307.0,1.0,5788.0,1.495,688.54,G,1,83.63379453704364
9884104,CONFIRMED,22.71443351,4.01,766.0,1.0,5788.0,1.495,81.57,G,1,25.31870318257389
9884104,CONFIRMED,47.903427,3.55,598.0,0.997,5788.0,1.495,30.17,G,1,7.918013882388832
9950612,CONFIRMED,9.034190783,1.8,586.0,1.0,4499.0,0.639,27.87,K,1,63.93489066966498
9714696,FALSE POSITIVE,1.433339604,2.08,1677.0,0.928,6077.0,0.999,1873.33,F,0,212.9293010172068
9846086,FALSE POSITIVE,37.86511904,40.36,535.0,0.0,5858.0,0.963,19.31,G,0,128.26316470494845
10353968,CONFIRMED,9.07098164,2.94,825.0,1.0,5672.0,0.929,109.61,G,1,113.12998314039142
10384962,FALSE POSITIVE,2.879243323,21.02,1244.0,0.691,5941.0,0.885,565.39,G,0,1686.7973474848968
11773022,CONFIRMED,45.15535633,7.65,523.0,0.978,6046.0,0.972,17.68,F,1,107.55534657963356
7033671,CONFIRMED,9.48965527,2.16,926.0,1.0,5672.0,1.204,173.79,G,1,27.630086925170254
7040629,CONFIRMED,4.22865217,1.83,1379.0,1.0,5966.0,1.499,854.59,G,1,35.472295655851966
2711131,FALSE POSITIVE,2.85889907,0.73,989.0,0.0,4973.0,0.754,226.09,K,0,19.483024281791103
7040629,CONFIRMED,7.46662068,1.65,1141.0,0.999,5966.0,1.499,401.08,G,1,16.192064011479957
7040629,CONFIRMED,16.25951967,1.72,880.0,0.992,5966.0,1.499,142.1,G,1,7.964564921246533
7040629,CONFIRMED,11.1317901,1.47,999.0,1.0,5966.0,1.499,235.55,G,1,8.579033483572422
9950612,CONFIRMED,28.1224393,0.9,401.0,0.997,4499.0,0.639,6.13,K,1,6.909073495626676
6678383,CONFIRMED,11.427550984,2.35,852.0,0.999,5979.0,1.005,124.31,G,1,43.83266377033212
2308411,FALSE POSITIVE,0.983304511,1.1,2121.0,0.014,6363.0,1.198,3158.4199999999996,F,0,81.2566189884997
9950612,CONFIRMED,45.9029768,1.18,341.0,0.999,4499.0,0.639,3.19,K,1,7.881841771969787
9950612,CONFIRMED,4.159816554,0.86,759.0,1.0,4499.0,0.639,78.4,K,1,38.53535316259526
9963524,CONFIRMED,5.69059163,3.1,860.0,1.0,5244.0,0.81,129.31,G,1,243.26117388254758
5780885,CONFIRMED,4.885488596,16.66,1496.0,0.999,6036.0,1.909,1182.79,F,1,994.107325104889
11773022,CONFIRMED,130.17802962,10.44,367.0,1.0,6046.0,0.972,4.31,F,1,37.308138817103725
11773022,CONFIRMED,85.3162004,6.34,423.0,0.97,6046.0,0.972,7.57,F,1,22.300571182023713
12251650,CANDIDATE,17.761998411,14.25,538.0,0.0,5088.0,0.669,19.78,K,0,273.43207040218215
12417486,CANDIDATE,154.608014,26.44,511.0,1.0,4994.0,2.747,16.15,K,0,31.4129900148643
12068975,CONFIRMED,10.34973276,1.44,930.0,0.284,6003.0,1.109,177.25,F,1,11.497881419693778
7115785,CONFIRMED,16.08786246,2.56,668.0,1.0,5506.0,0.914,47.17,G,1,38.07218028640456
2834805,CANDIDATE,25.0032023,1.47,837.0,0.76,6148.0,1.685,116.27,F,0,2.5636716141755964
7115785,CONFIRMED,41.74938613,2.94,486.0,1.0,5506.0,0.914,13.22,G,1,25.27941361134452
7115785,FALSE POSITIVE,0.56680081,1.02,2038.0,0.0,5506.0,0.914,3158.4199999999996,G,0,225.299607458218
7124613,CONFIRMED,4.41746257,3.95,1810.0,1.0,6570.0,2.297,2536.07,F,1,65.8749214936755
8711794,CONFIRMED,8.981014925,3.14,880.0,1.0,5666.0,0.967,141.77,G,1,117.9488074394888
7277317,CONFIRMED,16.33888067,10.47,963.0,1.0,4877.0,2.595,203.31,K,1,105.17244324791314
2446134,FALSE POSITIVE,39.1307086,1.54,600.0,0.273,6295.0,1.08,30.75,F,0,5.136630722807816
9963524,CONFIRMED,10.04157214,2.97,712.0,1.0,5244.0,0.81,60.74,G,1,110.93880365231335
9963524,CONFIRMED,18.36974658,3.58,582.0,1.0,5244.0,0.81,27.14,G,1,62.23820209064636
9963524,CONFIRMED,2.79590004,1.66,1090.0,1.0,5244.0,0.81,333.31,G,1,137.23666601471203
9964801,CONFIRMED,13.72462702,2.13,831.0,1.0,5817.0,1.171,112.82,G,1,20.532434112005472
9965439,CONFIRMED,46.40626,2.66,588.0,0.995,6086.0,1.227,28.23,F,1,10.108550010278785
2569995,CANDIDATE,80.84069,15.11,500.0,0.0,5511.0,1.597,14.83,G,0,60.077418933460365
12068975,CONFIRMED,15.67750191,1.42,810.0,0.985,6003.0,1.109,101.79,F,1,7.367245155704784
12068975,CONFIRMED,5.59931543,1.22,1142.0,0.973,6003.0,1.109,402.39,F,1,15.144708502339187
12068975,CONFIRMED,25.2100146,0.95,691.0,0.992,6003.0,1.109,54.06,F,1,2.4633067844395455
3541946,CONFIRMED,17.79001678,2.7,655.0,1.0,5569.0,0.927,43.5,G,1,48.98252827842471
3541946,CONFIRMED,49.5674085,2.91,465.0,0.999,5569.0,0.927,11.09,G,1,14.727419126622285
10264660,CONFIRMED,6.790120801,9.86,1434.0,0.994,6372.0,2.001,998.97,F,1,339.0661326173953
7385509,FALSE POSITIVE,1.655467295,2.17,1080.0,0.0,4583.0,0.695,322.97,K,0,639.9401565948785
7447200,CONFIRMED,7.972510087,3.22,497.0,0.378,3912.0,0.533,14.45,K,1,393.72794336359175
7447200,CONFIRMED,2.453236139,2.26,737.0,1.0,3912.0,0.533,69.36,K,1,702.4191322660114
7466863,FALSE POSITIVE,11.9710626,5.84,1044.0,0.0,6312.0,1.464,280.97,F,0,35.234967362045204
7509886,CONFIRMED,6.0404622,1.3,841.0,1.0,5297.0,0.825,118.56,G,1,39.89760915977588
7509886,CONFIRMED,4.13852825,1.3,954.0,1.0,5297.0,0.825,196.51,G,1,61.9785548159542
10002866,CONFIRMED,3.936993144,3.36,1004.0,1.0,5431.0,0.843,240.16,G,1,321.5652031117685
10002866,CONFIRMED,28.08185982,3.63,522.0,1.0,5431.0,0.843,17.52,G,1,65.5334088196442
6678383,CONFIRMED,23.66834635,2.32,668.0,1.0,5979.0,1.005,47.11,G,1,18.98738481152909
10002866,CONFIRMED,10.08881066,4.71,734.0,1.0,5431.0,0.843,68.62,G,1,197.83303178771322
2577353,CANDIDATE,60.458443,1.59,511.0,0.872,5865.0,1.181,16.14,G,0,2.897858285897306
10005020,FALSE POSITIVE,6.97106919,2.07,946.0,0.0,5871.0,0.983,189.16,G,0,64.95416809942752
3541946,CONFIRMED,1.311842968,1.43,1562.0,1.0,5569.0,0.927,1410.6,G,1,186.83638665508323
4449034,FALSE POSITIVE,38.13853099,48.03,873.0,1.0,6481.0,2.343,137.15,F,0,32.25609293453282
4478168,CONFIRMED,14.58649856,2.45,852.0,1.0,6063.0,1.191,124.89,F,1,25.962365021479147
4478168,CANDIDATE,8.0292018,0.99,1040.0,0.994,6063.0,1.191,276.27,F,0,8.17017701560322
2854839,FALSE POSITIVE,1.05569286,0.45,1395.0,0.325,4955.0,0.751,898.72,K,0,35.52169520214431
4563268,CONFIRMED,7.75192755,1.89,852.0,1.0,5604.0,0.912,124.47,G,1,52.54177072385049
7515212,CONFIRMED,31.80475991,2.99,664.0,0.995,5867.0,1.356,45.9,G,1,11.337925550150773
7515212,CONFIRMED,16.2580276,0.92,830.0,0.767,5867.0,1.356,112.41,G,1,2.8908795800051417
7529266,CONFIRMED,8.600153929,26.52,1703.0,0.999,6093.0,2.747,1986.75,F,1,524.432473794621
11553706,FALSE POSITIVE,3.719809197,48.03,1873.0,0.0,6284.0,2.348,2912.21,F,0,795.2558433335149
2449053,FALSE POSITIVE,0.73975345,2.09,1818.0,0.0,5271.0,0.935,2580.0,G,0,651.2980777582044
10489525,FALSE POSITIVE,1.612249049,48.03,2713.0,0.0,6732.0,2.569,3158.4199999999996,F,0,95.51874141003137
7598128,FALSE POSITIVE,44.258173075,37.38,845.0,0.0,6544.0,2.326,120.38,F,0,109.73566377829977
11858979,FALSE POSITIVE,3.05933906,36.0,1434.0,0.0,6238.0,1.116,999.16,F,0,382.1740503649831
5900390,FALSE POSITIVE,0.624677585,1.28,3749.0,0.0,9653.0,1.996,3158.4199999999996,A,0,59.71080265350004
5444334,FALSE POSITIVE,0.759763198,1.2,1752.0,0.0,5520.0,0.818,2227.19,G,0,266.53041438840523
10139620,FALSE POSITIVE,154.608014,2.68,267.0,0.0,6109.0,1.029,1.2,F,0,4.308314832890875
8686373,CONFIRMED,126.55719,4.59,524.0,0.988,6501.0,1.854,17.85,F,1,2.8951338126265282
5386264,FALSE POSITIVE,12.435190544,0.52,545.0,0.0,4756.0,0.62,20.93,K,0,5.781978148673555
3867615,CONFIRMED,20.0983676,1.58,775.0,0.927,6053.0,1.26,85.34,F,1,7.851383910402754
3218844,FALSE POSITIVE,85.112898,2.21,422.0,0.147,6018.0,0.975,7.48,F,0,6.036687882487563
7256914,CANDIDATE,2.41750021,1.19,1507.0,0.982,5575.0,1.308,1221.36,G,0,24.07445499249822
7256914,CANDIDATE,4.03357434,1.23,1270.0,0.972,5575.0,1.308,616.04,G,0,16.412242447972336
3542222,FALSE POSITIVE,0.504426087,33.96,2339.0,0.0,6043.0,0.901,3158.4199999999996,F,0,1218.2161387699998
6871071,CANDIDATE,7.66462913,1.6,1106.0,0.895,5640.0,1.515,353.31,G,0,14.886565033316883
5530112,CONFIRMED,9.6887216,3.09,1014.0,1.0,6457.0,1.196,250.25,F,1,67.6559846657169
6226908,CONFIRMED,19.597317,3.78,671.0,0.402,5569.0,1.019,47.9,G,1,51.7468794325264
5906694,CONFIRMED,13.06243545,1.36,527.0,0.909,4522.0,0.655,18.25,K,1,35.54467325616526
10186945,FALSE POSITIVE,0.793663156,1.14,1614.0,0.0,5077.0,0.825,1600.85,K,0,234.6083456090281
4636565,FALSE POSITIVE,2.81401302,1.51,1723.0,0.0,5541.0,1.967,2081.51,G,0,19.793796121099682
9956082,CONFIRMED,3.74031708,1.38,1287.0,0.987,6260.0,1.063,646.81,F,1,44.27432125620751
3241647,FALSE POSITIVE,0.851678507,0.85,1840.0,0.0,5403.0,1.029,2698.28,G,0,79.72491901806323
7761585,FALSE POSITIVE,154.608014,2.48,314.0,0.0,6045.0,0.955,2.29,F,0,4.340007886007772
3241248,FALSE POSITIVE,0.978046982,48.03,3146.0,0.0,5100.0,2.747,3158.4199999999996,K,0,857.6275122129051
9716302,FALSE POSITIVE,1.332566763,1.49,1318.0,0.0,5134.0,0.752,713.45,K,0,288.84106274231004
2708286,FALSE POSITIVE,1.89131005,6.4,1590.0,0.0,5706.0,1.12,1507.16,G,0,82.27101632543008
6755944,CONFIRMED,0.692978457,2.24,3186.0,1.0,6105.0,2.304,3158.4199999999996,F,1,88.02582444492931
10419797,FALSE POSITIVE,87.140633,2.39,878.0,0.0,5706.8232800782525,1.0,11.37,G,0,4.830123278998903
6515335,FALSE POSITIVE,154.608014,28.39,302.0,0.0,5817.0,0.87,1.96,G,0,5.67240971092223
7777471,FALSE POSITIVE,0.885131111,0.9,1818.0,0.0,5904.0,0.867,2579.83,G,0,105.2951351972081
10294509,FALSE POSITIVE,1.85447373,1.33,1221.0,0.0,5341.0,0.743,527.79,G,0,165.4377708548074
3112129,CANDIDATE,0.487656278,0.99,2299.0,0.999,5957.0,0.937,3158.4199999999996,G,0,225.1585900838131
3003019,FALSE POSITIVE,0.502622858,1.41,2478.0,0.0,6029.0,1.098,3158.4199999999996,F,0,290.47624411860716
9334893,CONFIRMED,31.8055128,0.63,378.0,0.989,4729.0,0.525,4.84,K,1,4.4552024955874945
3103212,CANDIDATE,3.25424652,0.96,1220.0,1.0,5692.0,1.004,521.81,G,0,25.228574263021716
10000941,CONFIRMED,3.50472344,0.8,1019.0,0.999,5115.0,0.854,254.49,K,1,25.879360112933764
9455677,CONFIRMED,124.827797,2.57,350.0,0.995,5349.0,1.032,3.56,G,1,5.187145936733947
6871071,CANDIDATE,11.9294568,1.05,797.0,0.0,5975.0,0.9,95.42,G,0,11.090194819264529
7690855,FALSE POSITIVE,0.786260569,15.72,1192.0,0.0,4223.0,0.557,477.45,K,0,1115.5334943421283
5649837,FALSE POSITIVE,0.597934463,23.2,2126.0,0.0,6052.0,0.863,3158.4199999999996,F,0,861.2984062101134
10141938,FALSE POSITIVE,154.608014,48.03,216.0,0.0,5513.0,0.724,0.52,G,0,2.4817600981537735
8029197,FALSE POSITIVE,2.15292788,1.02,1841.0,0.0,5851.0,1.555,2708.61,G,0,19.229626958056762
12257886,FALSE POSITIVE,2.61585431,1.28,1358.0,0.0,6131.0,0.945,803.03,F,0,64.91187194595712
10875007,CANDIDATE,9.54699216,1.71,996.0,0.961,6274.0,1.232,232.24,F,0,14.978539586440803
10875007,CANDIDATE,14.708641,1.82,862.0,0.994,6274.0,1.232,130.5,F,0,8.879134380939748
11465651,CONFIRMED,31.3351094,1.99,666.0,1.0,6404.0,1.142,46.53,F,1,8.453776133936204
5036480,FALSE POSITIVE,1.061002863,1.06,1679.0,0.0,5767.0,0.881,1883.03,G,0,134.21264443845334
10275077,FALSE POSITIVE,154.608014,3.45,305.0,0.0,5086.0,1.783,2.05,K,0,2.55678855043051
6592832,FALSE POSITIVE,0.924821319,1.1,1963.0,0.019,6135.0,0.974,3158.4199999999996,F,0,132.34989017375798
8524346,FALSE POSITIVE,4.4697452,2.43,1248.0,0.0,6102.0,1.125,574.11,F,0,54.029925464207665
3937814,CONFIRMED,154.608014,2.68,286.0,0.82,5323.0,0.995,1.59,G,1,4.910482842111923
5551228,FALSE POSITIVE,122.906853,3.55,338.0,0.0,5692.0,0.866,3.08,G,0,6.6692782378863775
5471271,FALSE POSITIVE,12.422216754,0.8,864.0,0.0,6231.0,1.084,131.73,F,0,4.3873006790394955
5881120,CONFIRMED,4.85018974,1.1,1098.0,0.972,6032.0,0.973,344.04,F,1,13.298448814911723
3248696,FALSE POSITIVE,154.608014,2.53,214.0,0.0,5576.0,0.729,0.5,G,0,7.942667189295893
4548098,CONFIRMED,3.82315697,0.77,1282.0,0.998,6202.0,1.122,638.38,F,1,12.345817964152282
5306383,FALSE POSITIVE,0.842336445,0.9,1941.0,0.0,5765.0,0.998,3158.4199999999996,G,0,95.09264436492474
5446285,FALSE POSITIVE,154.608014,2.39,878.0,0.0,5706.8232800782525,1.0,141.3,G,0,2.7223685830412387
7021681,CANDIDATE,13.6032081,0.75,397.0,0.997,3780.0,0.511,5.85,K,0,13.268928819812732
5041847,FALSE POSITIVE,0.914468919,36.84,1884.0,0.0,5762.0,0.989,2978.16,G,0,3746.764847674391
3836558,FALSE POSITIVE,1.54039744,1.08,1520.0,0.0,5649.0,0.884,1267.95,G,0,82.83576477509597
4770617,CONFIRMED,8.45805119,2.52,1117.0,0.992,6172.0,1.471,367.05,F,1,30.58624193547828
6106282,CONFIRMED,101.1107014,1.61,229.0,1.0,4133.0,0.561,0.65,K,1,8.684540685027827
4946584,FALSE POSITIVE,0.907943645,48.03,2219.0,0.0,6434.0,1.166,3158.4199999999996,F,0,1133.2201130170365
6463499,FALSE POSITIVE,94.446856,7.13,611.0,0.0,5780.0,2.478,32.93,G,0,4.620587899717911
8254882,FALSE POSITIVE,0.92565941,0.88,2383.0,0.0,6058.0,1.612,3158.4199999999996,F,0,32.4093286104011
6042031,FALSE POSITIVE,0.537110149,32.19,3195.0,0.0,5395.0,2.537,3158.4199999999996,G,0,171.2870258945712
4078311,CONFIRMED,9.84262076,2.41,801.0,1.0,5585.0,0.972,97.62,G,1,63.641586450802144
5475735,FALSE POSITIVE,2.99194823,0.78,1019.0,0.0,5269.0,0.727,255.16,G,0,33.28934605262204
11709124,CONFIRMED,62.3026877,3.05,454.0,0.915,5688.0,0.971,10.05,G,1,13.792342380760564
9022166,CONFIRMED,72.3826983,4.21,575.0,0.001,5508.0,1.988,25.83,G,1,5.061983161796553
10075409,FALSE POSITIVE,154.608014,2.34,200.0,0.0,5054.0,0.74,0.38,K,0,6.610265364381435
7038096,FALSE POSITIVE,0.566803149,1.93,2380.0,0.0,6147.0,1.096,3158.4199999999996,F,0,434.01311448959507
3345973,FALSE POSITIVE,15.3466028,3.64,1194.0,0.0,6771.0,2.259,480.12,F,0,15.540898732324004
11967788,CANDIDATE,7.23531329,1.53,1207.0,0.848,6422.0,1.421,501.36,F,0,15.50727598141089
11972872,FALSE POSITIVE,0.531106622,7.54,1781.0,0.0,4978.0,0.762,2371.49,K,0,9144.491517938557
9899233,FALSE POSITIVE,1.332547503,1.23,1719.0,0.0,6077.0,0.999,2062.92,F,0,97.78263041779158
3103227,CONFIRMED,154.608014,3.71,348.0,0.958,5929.0,1.363,3.48,G,1,4.882670571009339
4850961,CONFIRMED,24.4972683,2.74,722.0,0.966,6392.0,1.162,64.25,F,1,18.332656298661675
3102309,FALSE POSITIVE,4.20253859,0.71,1136.0,0.097,5596.0,1.015,394.08,G,0,7.49546954189896
8521059,FALSE POSITIVE,0.535578808,33.97,2870.0,0.0,6610.0,1.313,3158.4199999999996,F,0,361.4780814852555
5217574,FALSE POSITIVE,0.89486317,1.19,1764.0,0.0,5764.0,0.863,2296.25,G,0,192.2081562480664
7199060,CANDIDATE,64.1862264,8.0,839.0,0.969,6951.0,2.747,116.97,F,0,7.903564805922288
8439323,CONFIRMED,4.62602867,1.65,1012.0,1.0,5834.0,0.797,247.34,G,1,74.98872677760555
4458082,CONFIRMED,8.93484887,1.83,1124.0,1.0,6688.0,1.347,377.25,F,1,15.21010617832644
3230095,FALSE POSITIVE,7.04716175,1.1,817.0,0.0,5496.0,0.776,105.1,G,0,21.39868579006293
5551228,FALSE POSITIVE,154.608014,48.03,236.0,0.0,5716.0,0.872,0.73,G,0,7.826243728866474
11967788,CANDIDATE,4.93211932,1.02,1372.0,0.994,6422.0,1.421,837.01,F,0,10.239006139859569
7733731,CANDIDATE,4.85819429,2.04,1685.0,0.999,6109.0,2.326,1904.91,F,0,15.705423753235689
6862332,FALSE POSITIVE,119.0192648,4.44,350.0,0.0,5754.0,0.905,3.53,G,0,16.610756278171866
10714072,CONFIRMED,8.40693068,1.95,1048.0,0.988,5365.0,1.533,285.67,G,1,19.87645745640905
3110177,CANDIDATE,3.39904814,0.81,1191.0,0.988,5766.0,0.929,477.15,G,0,20.476320761964846
10992011,FALSE POSITIVE,0.974479091,1.19,1513.0,0.0,5043.0,0.819,1239.32,K,0,226.9930694695634
8128247,FALSE POSITIVE,3.57017774,48.03,3749.0,0.0,3812.0,2.747,3158.4199999999996,K,0,22.2958087235175
6276994,FALSE POSITIVE,1.10601182,0.77,1903.0,0.0,6241.0,1.031,3093.39,F,0,47.82950692154447
9674564,FALSE POSITIVE,6.873655305,1.21,906.0,0.0,5668.0,0.912,159.51,G,0,26.376068038808942
5942808,CONFIRMED,0.626281766,1.76,1711.0,1.0,4922.0,0.823,2011.27,K,1,691.5417684378185
3232249,CANDIDATE,1.183505016,0.8,1293.0,0.967,4832.0,0.746,658.87,K,0,98.5209174643667
5688683,CONFIRMED,2.790643481,0.99,816.0,0.985,4353.0,0.603,104.74,K,1,72.3847389948985
6607644,CONFIRMED,0.971915957,0.79,1609.0,0.987,5196.0,0.889,1591.27,K,1,75.82960179755543
7610663,CONFIRMED,3.03196812,0.9,1269.0,0.987,5755.0,0.993,614.2,G,1,26.880229862047493
5565707,FALSE POSITIVE,1.2940561,5.27,3749.0,0.0,6635.0,2.747,3158.4199999999996,F,0,39.565518063706826
1293031,FALSE POSITIVE,0.53936593,9.19,3749.0,0.0,6341.0,2.747,3158.4199999999996,F,0,268.8341846137742
2859299,FALSE POSITIVE,0.643703667,1.48,2358.0,0.0,6161.0,1.114,3158.4199999999996,F,0,267.2036976293938
7449554,CANDIDATE,15.9042402,3.79,863.0,1.0,5583.0,1.53,131.11,G,0,27.967384446318913
4067110,FALSE POSITIVE,0.735146413,48.03,3749.0,0.0,6611.0,2.747,3158.4199999999996,F,0,374.61925288615936
8694309,FALSE POSITIVE,0.827351796,0.9,2208.0,0.0,5609.0,1.31,3158.4199999999996,G,0,54.027803186155175
8282651,CANDIDATE,4.16288745,1.32,763.0,0.0,4478.0,0.651,80.23,K,0,94.0933437919394
11569475,FALSE POSITIVE,1.31723412,48.03,3749.0,0.0,6740.0,2.747,3158.4199999999996,F,0,320.89967423558693
5688683,CANDIDATE,4.44902309,0.55,699.0,0.0,4353.0,0.603,56.19,K,0,19.981914726362998
8222627,CANDIDATE,1.121733366,2.39,2384.0,0.993,5023.0,2.571,3158.4199999999996,K,0,75.15154898227392
8951205,CONFIRMED,4.95060632,1.28,885.0,0.996,5431.0,0.717,145.23,G,1,62.51759481452768
5700900,FALSE POSITIVE,154.608014,23.99,253.0,0.0,5982.0,0.96,0.97,G,0,10.407610565387639
7026477,FALSE POSITIVE,154.608014,2.87,353.0,0.0,6705.0,1.524,3.65,F,0,2.1732379280158143
9402583,FALSE POSITIVE,0.536544193,0.9,1745.0,0.0,5041.0,0.728,2199.75,K,0,297.2728101075544
7838675,CONFIRMED,1.005205893,0.85,1682.0,0.0,5718.0,0.863,1893.23,G,1,96.99505412668725
8700537,FALSE POSITIVE,43.796785,20.79,542.0,0.0,6109.0,0.941,20.4,F,0,5.852027723039488
10858785,FALSE POSITIVE,0.952371227,21.96,1870.0,0.0,6086.0,0.921,2885.01,F,0,370.12877962555245
9640907,FALSE POSITIVE,1.089088292,1.28,1914.0,0.0,6194.0,1.069,3158.4199999999996,F,0,130.10882684247971
7515670,FALSE POSITIVE,1.1518407,2.39,878.0,0.0,5706.8232800782525,1.0,141.3,G,0,365.41511339198206
9551430,FALSE POSITIVE,7.7553808,22.2,822.0,0.0,5607.0,0.766,107.76,G,0,108.26031908065688
3228986,FALSE POSITIVE,0.730949487,1.27,2311.0,0.0,6238.0,1.191,3158.4199999999996,F,0,119.43369761199381
7100673,CONFIRMED,3.95116635,0.83,1160.0,1.0,5574.0,1.065,427.07,G,1,15.413170341461326
7100673,CONFIRMED,2.89223998,0.7,1287.0,0.993,5574.0,1.065,647.55,G,1,15.316847947036539
4138557,FALSE POSITIVE,0.991552822,37.93,2558.0,0.0,5908.0,1.862,3158.4199999999996,G,0,612.3728222317541
2708278,FALSE POSITIVE,1.89124187,0.93,1312.0,0.0,5285.0,0.927,698.9,G,0,55.94207788980476
2984990,CANDIDATE,3.79437277,1.36,1383.0,0.979,5455.0,1.507,865.53,G,0,21.927207747698443
3747817,CONFIRMED,154.608014,2.41,268.0,0.999,5273.0,0.801,1.21,G,1,6.15362668069716
8483366,FALSE POSITIVE,154.608014,2.82,232.0,0.0,5737.0,0.872,0.68,G,0,6.868984165335699
7758018,CANDIDATE,154.608014,3.14,263.0,0.0,6025.0,0.999,1.12,F,0,6.220246771942883
9071593,CONFIRMED,59.284064,1.81,401.0,0.514,5225.0,0.859,6.14,G,1,7.158753488964589
10089911,CONFIRMED,6.96704926,6.14,1774.0,0.1,6303.0,2.747,2341.58,F,1,30.67295665999066
3247404,FALSE POSITIVE,8.8109721,47.94,881.0,0.0,5780.0,1.0,142.58,G,0,551.2104617832123
11415243,CONFIRMED,154.608014,1.69,241.0,0.965,4798.0,0.707,0.8,K,1,3.9739207826574887
3548044,CONFIRMED,67.968656,1.71,443.0,0.979,5670.0,0.95,9.09,G,1,4.734535283440062
8264402,CANDIDATE,154.608014,3.36,361.0,0.964,6163.0,1.313,4.03,F,0,2.5399718283684827
7773179,FALSE POSITIVE,2.15681538,1.06,1473.0,0.0,6084.0,0.983,1114.9,F,0,49.3783570849722
11017094,FALSE POSITIVE,0.708563091,15.38,1587.0,0.0,5271.0,0.648,1501.41,G,0,584.9867220927543
3129238,CANDIDATE,2.00870696,0.55,1232.0,0.998,5341.0,0.759,542.87,G,0,26.634049199491
5956633,FALSE POSITIVE,154.608014,2.4,237.0,0.0,5713.0,0.893,0.75,G,0,4.74554960650358
9899065,FALSE POSITIVE,1.33256418,0.81,1262.0,0.0,5157.0,0.62,602.26,K,0,121.79525942232667
7907808,CANDIDATE,0.655939788,1.48,2411.0,0.999,4968.0,1.755,3158.4199999999996,K,0,111.29070279847089
5471792,FALSE POSITIVE,12.4258833,2.19,1006.0,0.0,5611.0,1.632,242.04,G,0,7.532663694016826
11145831,FALSE POSITIVE,1.387838134,1.24,1783.0,0.0,6273.0,1.044,2378.53,F,0,98.57057292821155
11444952,FALSE POSITIVE,0.678349364,19.06,1844.0,0.0,5569.0,0.829,2737.73,G,0,716.444985124214
8647295,FALSE POSITIVE,1.022028468,26.91,1649.0,0.0,5445.0,0.855,1755.39,G,0,1315.5210858568764
3444098,FALSE POSITIVE,0.72359699,6.73,3749.0,0.0,8855.0,2.747,3158.4199999999996,A,0,684.9116384522274
5112567,FALSE POSITIVE,1.6156052,34.69,2202.0,0.0,6770.0,1.623,3158.4199999999996,F,0,979.199621293618
2708343,FALSE POSITIVE,1.8913182,0.9,983.0,0.0,4476.0,0.633,221.36,K,0,106.96243498317735
3235282,FALSE POSITIVE,154.608014,4.5,265.0,0.011,6392.0,1.162,1.17,F,0,9.31387683435349
3348090,FALSE POSITIVE,2.43585046,2.6,2544.0,0.0,6501.0,2.747,3158.4199999999996,F,0,24.837321089078678
9282762,FALSE POSITIVE,1.33255441,1.12,1743.0,0.0,6099.0,1.028,2180.2,F,0,80.0717773317789
3117046,FALSE POSITIVE,154.608014,2.37,285.0,0.0,6373.0,1.047,1.56,F,0,3.211347116844797
6311520,FALSE POSITIVE,0.941840589,27.05,2200.0,0.0,6419.0,1.142,3158.4199999999996,F,0,412.2778361169143
5201115,FALSE POSITIVE,1.728521892,1.19,1678.0,0.0,5872.0,1.157,1869.82,G,0,53.34037157800718
2708203,FALSE POSITIVE,1.89125855,0.81,1671.0,0.0,6569.0,0.927,1839.74,F,0,35.902018790609034
4150496,FALSE POSITIVE,8.65312868,20.38,857.0,0.0,5880.0,0.893,127.5,G,0,58.776428596922244
11401767,CONFIRMED,30.0899459,2.25,660.0,0.976,6056.0,1.209,44.79,F,1,8.062493724855782
9655005,FALSE POSITIVE,1.39862757,2.39,3562.0,0.196,7872.0,2.747,3158.4199999999996,A,0,32.53189124535848
11709124,CONFIRMED,9.91937693,1.32,838.0,0.997,5688.0,0.971,116.43,G,1,18.82174670017303
3851194,FALSE POSITIVE,0.918510251,1.77,2795.0,0.0,5837.0,2.338,3158.4199999999996,G,0,57.26664448516863
8613535,CONFIRMED,9.47850818,1.47,946.0,1.0,6249.0,1.076,189.14,F,1,19.475638623123494
5092655,FALSE POSITIVE,0.783258387,1.28,1559.0,0.0,5067.0,0.715,1395.69,K,0,419.4018288884279
3955817,CONFIRMED,4.24263096,1.1,926.0,1.0,5072.0,0.825,174.24,K,1,44.21784542862998
10661778,FALSE POSITIVE,1.231363214,10.75,1699.0,0.0,5780.0,1.0,1973.12,G,0,3877.572389457462
5513857,FALSE POSITIVE,0.755101928,0.91,1763.0,0.0,5465.0,0.819,2287.46,G,0,158.65407775783086
10272389,FALSE POSITIVE,4.56447463,1.13,902.0,0.0,5270.0,0.77,156.74,G,0,45.656952199995025
4679687,FALSE POSITIVE,1.027904857,30.48,1653.0,0.0,5432.0,0.872,1769.2,G,0,2316.556813389977
7968683,FALSE POSITIVE,154.608014,3.62,183.0,0.0,4723.0,0.696,0.27,K,0,9.146356410735603
10360722,CONFIRMED,154.608014,2.75,274.0,0.996,4999.0,0.843,1.34,K,1,7.3605498871487995
9091755,FALSE POSITIVE,1.106529843,1.91,1649.0,0.0,5932.0,0.798,1746.73,G,0,288.7405179545619
3852476,FALSE POSITIVE,111.741576,6.88,676.0,0.307,5267.0,2.747,49.4,G,0,2.1370738497549024
9700449,CANDIDATE,110.461746,1.93,420.0,0.965,6321.0,1.058,7.34,F,0,2.9983230574682387
6349881,CONFIRMED,154.608014,3.24,288.0,0.995,5275.0,0.969,1.63,G,1,6.647132793517418
9851970,FALSE POSITIVE,1.08193721,0.77,1385.0,0.0,4965.0,0.736,870.17,K,0,106.56810666489602
6140059,CANDIDATE,44.6226725,1.73,613.0,1.0,6198.0,1.239,33.39,F,0,2.9558964672050965
5726910,FALSE POSITIVE,2.43142974,1.17,1378.0,0.0,5750.0,0.965,852.0,G,0,60.29374305506356
1718958,CONFIRMED,1.41975831,0.85,1700.0,0.985,5925.0,1.035,1968.38,G,1,42.89462479004613
6428794,CONFIRMED,154.608014,2.21,273.0,0.999,5171.0,0.801,1.31,K,1,4.144028394284917
3228825,FALSE POSITIVE,0.73095491,0.88,2711.0,0.0,6454.0,1.587,3158.4199999999996,F,0,40.49497389654309
4673628,CONFIRMED,3.951383138,23.51,1083.0,0.838,5570.0,0.899,324.78,G,1,102.67290865783919
11401767,CONFIRMED,6.84978728,1.83,1081.0,0.997,6056.0,1.209,322.19,F,1,20.321798956653144
3852872,CANDIDATE,80.769893,1.87,475.0,0.775,4965.0,1.708,12.07,K,0,1.5909393367649998
9099950,FALSE POSITIVE,1.111362442,2.86,2820.0,0.0,6486.0,2.308,3158.4199999999996,F,0,120.48274706767535
9718066,CONFIRMED,28.9060526,0.79,414.0,0.08,4657.0,0.67,6.94,K,1,3.4248882533341827
9272070,CONFIRMED,8.10503551,1.45,959.0,1.0,6201.0,0.989,199.74,F,1,25.897480614492704
5088400,CONFIRMED,8.82715783,1.67,797.0,0.991,5550.0,0.878,95.25,G,1,41.75749511890171
4669402,FALSE POSITIVE,143.196381,6.64,380.0,0.0,6007.0,1.06,4.95,F,0,4.316449868939076
3757407,FALSE POSITIVE,9.089151782,4.35,1848.0,0.0,6729.0,2.747,2754.19,F,0,12.113341557134092
4769931,FALSE POSITIVE,1.87886973,1.04,1236.0,0.0,5448.0,0.734,553.59,G,0,96.81352416061331
9220612,FALSE POSITIVE,0.979161676,1.03,1548.0,0.0,5390.0,0.78,1357.43,G,0,163.60934453075959
9086154,CANDIDATE,154.608014,2.36,329.0,0.901,5799.0,1.191,2.77,G,0,2.5173339332849847
6806695,FALSE POSITIVE,0.855922327,0.87,1658.0,0.0,5437.0,0.759,1782.11,G,0,152.93443793995107
3858943,FALSE POSITIVE,25.9528725,1.53,697.0,0.0,6370.0,1.106,55.82,F,0,6.322999506124033
11970988,CANDIDATE,2.31482311,0.69,1237.0,1.0,5240.0,0.923,554.4,G,0,25.315109282799586
10858803,FALSE POSITIVE,0.952374508,1.13,1435.0,0.0,4754.0,0.821,1006.13,K,0,215.04145509951007
6129694,FALSE POSITIVE,0.936751792,2.07,3749.0,0.0,7843.0,2.747,3158.4199999999996,A,0,28.182492123804764
5957181,FALSE POSITIVE,154.608014,2.27,140.0,0.0,3994.0,0.554,0.09,K,0,11.318947541749033
7601918,FALSE POSITIVE,0.621361411,1.12,2913.0,0.0,6234.0,1.66,3158.4199999999996,F,0,72.4216200159234
6119877,FALSE POSITIVE,154.608014,2.39,878.0,0.0,5706.8232800782525,1.0,141.3,G,0,2.7223685830412387
6792908,CANDIDATE,10.778313,1.25,1067.0,1.0,6726.0,1.258,306.18,F,0,8.41504602807508
7211879,FALSE POSITIVE,0.594310785,0.91,2068.0,0.0,5931.0,0.845,3158.4199999999996,G,0,189.29489896435246
8087812,CONFIRMED,27.2106807,1.73,725.0,0.988,5973.0,1.305,65.27,G,1,3.6529773398869807
4863956,FALSE POSITIVE,4.31978105,3.87,2111.0,0.0,5519.0,2.747,3158.4199999999996,G,0,15.232253495810859
10534155,CANDIDATE,4.32710895,26.6,1397.0,0.994,5776.0,1.455,900.23,G,0,25.166918896275998
10397751,CANDIDATE,2.90512019,0.57,1075.0,0.956,5374.0,0.721,314.96,G,0,21.066254060903418
5308537,CONFIRMED,14.2651545,1.06,853.0,0.999,5825.0,1.291,125.45,G,1,4.647688884126702
6350882,CANDIDATE,5.04404366,1.47,1078.0,1.0,6039.0,0.951,318.92,F,0,46.88698511384416
5281113,CONFIRMED,11.17931581,1.81,1159.0,0.994,6292.0,1.873,426.61,F,1,8.104252669824165
7847104,FALSE POSITIVE,1.284991846,1.17,2491.0,0.0,6060.0,2.106,3158.4199999999996,F,0,22.64605809802158
3450040,CANDIDATE,1.166960319,0.88,1596.0,0.986,5632.0,0.904,1534.29,G,0,83.80747691901595
3347807,FALSE POSITIVE,154.608014,2.2,382.0,0.0,5792.0,2.183,5.01,G,0,0.5685345650969943
8487805,FALSE POSITIVE,0.530959357,0.69,1852.0,0.0,5325.0,0.75,2764.64,G,0,158.9575527529502
9456281,CANDIDATE,0.701944362,0.8,1227.0,1.0,4236.0,0.539,535.78,K,0,300.3087016745638
5129453,CANDIDATE,3.05772668,1.23,878.0,0.999,4483.0,0.731,141.1,K,0,101.7095484806379
7918478,CANDIDATE,9.9092109,2.35,693.0,1.0,5396.0,0.702,54.54,G,0,95.06306904821251
3336845,FALSE POSITIVE,0.996864568,0.77,1588.0,0.0,5418.0,0.782,1505.33,G,0,86.97269697722871
3645282,FALSE POSITIVE,0.673684895,0.7,2001.0,0.0,5645.0,0.951,3158.4199999999996,G,0,75.85148543370563
6026924,CONFIRMED,56.644452,2.44,733.0,0.979,6237.0,2.295,68.37,F,1,1.846606266047026
6525280,FALSE POSITIVE,1.710319812,0.56,1426.0,0.0,5774.0,0.825,978.84,G,0,25.492308335606182
4861784,FALSE POSITIVE,5.62978034,1.61,899.0,0.0,5497.0,0.839,154.59,G,0,67.35609155223274
5876360,FALSE POSITIVE,1.050852976,45.89,1791.0,0.0,5780.0,1.0,2423.97,G,0,4621.674117046036
9509343,CANDIDATE,6.39269778,1.21,890.0,0.95,5248.0,0.943,148.31,G,0,27.265484150574068
3732972,FALSE POSITIVE,1.540398683,12.65,3749.0,0.0,4971.0,2.747,3158.4199999999996,K,0,47.39032875426056
3244792,CONFIRMED,3.0570982,0.99,1202.0,1.0,6021.0,0.819,493.09,F,1,47.1034918014737
8743082,FALSE POSITIVE,154.608014,2.39,268.0,0.0,5993.0,1.042,1.23,G,0,3.421556142620136
7673841,CANDIDATE,7.87845756,0.78,989.0,0.953,5767.0,1.135,226.11,G,0,5.597542369702122
9142742,FALSE POSITIVE,154.608014,3.52,326.0,0.0,6148.0,1.615,2.67,F,0,2.145425656913231
6891513,FALSE POSITIVE,9.9398272,48.03,819.0,0.002,5798.0,0.941,106.5,G,0,48.149730409800284
4579598,FALSE POSITIVE,0.866346,1.24,2165.0,0.0,6241.0,1.131,3158.4199999999996,F,0,134.35740454737484
7777522,FALSE POSITIVE,0.885129679,1.21,1780.0,0.0,5792.0,0.864,2373.06,G,0,200.3096316918326
9305012,FALSE POSITIVE,56.898749,6.33,1107.0,0.0,9189.0,2.692,355.22,A,0,9.033590527623023
9597729,FALSE POSITIVE,0.438153876,14.0,2407.0,0.0,6032.0,0.929,3158.4199999999996,F,0,376.1235698848411
11390109,FALSE POSITIVE,154.608014,3.33,279.0,0.0,6251.0,1.119,1.44,F,0,5.693754012000956
5078025,FALSE POSITIVE,0.696286519,1.34,1969.0,0.0,5904.0,0.867,3158.4199999999996,G,0,173.4917978499595
1724719,CONFIRMED,5.79179934,1.69,1222.0,0.956,6174.0,1.318,528.14,F,1,20.459962965498733
8120608,CONFIRMED,129.945392,1.18,177.0,0.677,3751.0,0.443,0.23,K,1,3.8485397004304702
11968463,CANDIDATE,27.9040511,2.19,677.0,0.638,6325.0,1.112,49.53,F,0,10.758294518748212
5026326,FALSE POSITIVE,1.39772545,1.58,1763.0,0.0,6006.0,1.114,2275.72,F,0,129.71073825693023
5471574,FALSE POSITIVE,12.4246697,48.03,1099.0,0.0,6550.0,1.59,344.8,F,0,34.12565567034751
5512580,FALSE POSITIVE,154.608014,2.2,235.0,0.0,5750.0,0.882,0.72,G,0,4.08840385207975
11670599,FALSE POSITIVE,0.847588864,0.91,2144.0,0.0,6335.0,1.072,3158.4199999999996,F,0,79.16574043143633
6359820,FALSE POSITIVE,154.608014,1.84,267.0,0.0,6029.0,0.956,1.2,F,0,2.3950892998340954
11872139,FALSE POSITIVE,1.75649346,1.62,2745.0,0.0,6619.0,2.747,3158.4199999999996,F,0,15.656192651010498
5436161,CANDIDATE,0.644322147,24.39,1592.0,0.0,5136.0,0.612,1516.94,K,0,1670.9032973842507
2708221,FALSE POSITIVE,1.8912501,23.5,1159.0,0.0,4883.0,0.794,427.26,K,0,386.51683349547477
4571844,CANDIDATE,17.8075656,3.92,742.0,1.0,6194.0,0.981,71.56,F,0,84.85157566961314
5040223,FALSE POSITIVE,0.996023763,18.36,1991.0,0.0,6110.0,1.077,3158.4199999999996,F,0,98.6924244697965
4571004,FALSE POSITIVE,36.616669,1.68,548.0,0.0,5780.0,1.0,21.35,G,0,6.4833860229066715
2859893,CANDIDATE,154.608014,3.19,247.0,0.0,5743.0,0.903,0.89,G,0,8.149642230059303
6026737,CANDIDATE,3.75030469,0.87,1374.0,0.757,5866.0,1.339,842.07,G,0,9.465897556179629
7582691,CANDIDATE,0.259819659,1.22,1559.0,1.0,3939.0,0.526,1410.9,K,0,891.0026319447984
7031942,FALSE POSITIVE,0.566795467,0.67,2254.0,0.0,5642.0,1.056,3158.4199999999996,G,0,67.39644585054523
9836563,CANDIDATE,4.72693131,0.61,1203.0,0.978,5950.0,1.196,495.58,G,0,5.542708002668225
1724719,CANDIDATE,10.0989634,1.03,1016.0,1.0,6174.0,1.318,251.36,F,0,5.644143635573528
5632701,FALSE POSITIVE,3.67515329,0.71,1150.0,0.0,5968.0,0.881,414.64,G,0,15.237459659811904
10549924,FALSE POSITIVE,0.715825886,0.58,1920.0,0.008,5640.0,0.909,3158.4199999999996,G,0,56.71770299740181
9366617,CONFIRMED,26.5487294,2.54,836.0,0.868,5456.0,2.154,115.61,G,1,5.348655216622156
6187341,FALSE POSITIVE,0.492291661,3.42,1788.0,1.0,4971.0,0.718,2415.37,K,0,2249.8857643660144
3353454,FALSE POSITIVE,1.6911935,6.36,1528.0,0.01,5780.0,1.0,1292.5,G,0,1656.2268007770842
10156055,FALSE POSITIVE,2.42803503,0.85,1516.0,0.0,6609.0,0.974,1249.87,F,0,30.39494862642076
8418018,FALSE POSITIVE,154.608014,1.34,233.0,0.0,5763.0,0.827,0.7,G,0,1.6396304010476457
5024177,FALSE POSITIVE,0.787120016,23.81,1972.0,0.0,6112.0,0.787,3158.4199999999996,F,0,337.30561363338524
11081504,CANDIDATE,13.12297275,1.29,1030.0,1.0,6134.0,1.665,266.05,F,0,3.3300381577032536
4548011,CONFIRMED,6.28384079,0.73,1108.0,0.999,5888.0,1.227,356.49,G,1,5.681238782626764
4571004,FALSE POSITIVE,21.131609,0.94,659.0,0.0,5780.0,1.0,44.45,G,0,3.4782017781987165
4571004,FALSE POSITIVE,81.675841,1.31,420.0,0.0,5780.0,1.0,7.33,G,0,1.7557211317848567
4571004,FALSE POSITIVE,28.5463574,1.35,596.0,0.0,5780.0,1.0,29.76,G,0,5.370212312972723
12016267,CANDIDATE,22.7909233,1.38,862.0,0.536,6311.0,1.642,130.75,F,0,2.351813451980684
4571004,FALSE POSITIVE,72.563291,1.99,436.0,0.0,5780.0,1.0,8.58,G,0,4.579450510313817
8459663,CONFIRMED,154.608014,1.74,186.0,0.976,4367.0,0.452,0.28,K,1,9.895994136500583
3550372,CANDIDATE,0.681180633,2.97,2782.0,1.0,4939.0,2.377,3158.4199999999996,K,0,229.6013603780776
10155321,FALSE POSITIVE,15.705388,3.3,1181.0,0.0,7454.0,1.853,459.41,F,0,18.063864452123056
3866536,FALSE POSITIVE,7.65270746,3.21,989.0,0.0,6328.0,0.963,226.81,F,0,83.77427248473444
7046035,CONFIRMED,2.27164952,0.97,1522.0,0.985,6274.0,1.062,1269.46,F,1,36.273201158249094
4679314,FALSE POSITIVE,3.84835742,0.77,1051.0,0.001,5709.0,0.798,288.62,G,0,21.87946461584122
8240790,CANDIDATE,154.608014,2.14,328.0,0.0,6282.0,1.449,2.73,F,0,1.3964347281506377
5702637,FALSE POSITIVE,1.0388961,48.03,2494.0,0.0,7043.0,1.45,3158.4199999999996,F,0,578.3061463027918
8309169,FALSE POSITIVE,154.608014,1.97,271.0,0.0,6074.0,0.847,1.28,F,0,2.9882021510217447
4678919,FALSE POSITIVE,1.87885327,0.97,1406.0,0.0,5851.0,0.863,922.49,G,0,64.34776037620011
5563080,FALSE POSITIVE,0.785473311,1.61,1769.0,0.0,5356.0,0.871,2325.64,G,0,432.350781680474
6364067,FALSE POSITIVE,5.2438982,1.24,1026.0,0.0,5804.0,0.927,262.14,G,0,30.93118779460669
4548011,CANDIDATE,9.08745206,0.73,980.0,0.954,5888.0,1.227,217.95,G,0,3.862468794140742
5983532,FALSE POSITIVE,154.608014,39.55,158.0,0.0,4437.0,0.635,0.15,K,0,8.408361031013568
3439126,FALSE POSITIVE,2.9761504,1.02,811.0,0.0,4236.0,0.664,102.54,K,0,87.19317410840527
8463346,CONFIRMED,64.0019669,2.48,322.0,0.997,4652.0,0.697,2.55,K,1,17.382278293700377
5868793,CONFIRMED,4.83809469,0.79,354.0,0.914,3187.0,0.2,3.7,M,1,319.1338944215662
8483021,FALSE POSITIVE,154.608014,1.84,297.0,0.0,6247.0,1.147,1.84,F,0,1.4759907594440738
10063208,CONFIRMED,9.3281912,0.59,788.0,0.995,5525.0,0.888,91.02,G,1,4.8455267512098175
7191646,CANDIDATE,106.957467,2.4,394.0,0.948,6075.0,0.969,5.7,F,0,5.044996063715683
1575873,FALSE POSITIVE,0.629001455,0.81,3375.0,1.0,6739.0,2.059,3158.4199999999996,F,0,23.37037519253433
10669994,CONFIRMED,2.71603664,1.05,1360.0,0.995,6011.0,1.041,807.43,F,1,36.26607923816521
7801070,CANDIDATE,75.8781344,3.39,417.0,0.974,5579.0,0.972,7.18,G,0,13.89069470848772
11449918,FALSE POSITIVE,154.608014,1.34,227.0,0.0,5497.0,0.827,0.62,G,0,1.7327691693911804
4172805,CANDIDATE,147.661729,1.59,176.0,0.969,3788.0,0.49,0.23,K,0,7.366837753877309
5126182,CANDIDATE,13.00291716,1.28,710.0,0.912,5796.0,0.8,60.11,G,0,17.3268811319567
3750350,FALSE POSITIVE,154.608014,1.26,279.0,0.0,6095.0,1.014,1.44,F,0,1.0038289477025426
8949925,CANDIDATE,42.0292298,2.33,578.0,0.383,5850.0,1.217,26.46,G,0,8.891431077330852
4584865,FALSE POSITIVE,1.75254087,1.41,2423.0,0.0,6660.0,2.074,3158.4199999999996,F,0,24.25050435485707
9642018,CANDIDATE,0.505111993,1.58,1886.0,0.0,5262.0,0.783,2970.58,G,0,421.2927092388401
11968463,FALSE POSITIVE,0.646745436,1.49,2373.0,0.0,6325.0,1.112,3158.4199999999996,F,0,178.74111445604387
9183378,CONFIRMED,3.38557445,1.63,1476.0,0.996,5718.0,1.48,1122.9,G,1,36.005706505730515
11188254,FALSE POSITIVE,2.754024,1.68,1553.0,0.0,6419.0,1.188,1374.41,F,0,62.52668822058195
1724513,FALSE POSITIVE,1.975208831,1.59,2064.0,0.0,6401.0,1.744,3158.4199999999996,F,0,38.62882688782389
9535876,FALSE POSITIVE,0.960843605,19.15,1904.0,0.0,5708.0,1.129,3120.32,G,0,147.47457261788196
5817533,FALSE POSITIVE,4.206109,0.91,999.0,0.0,5480.0,0.802,235.01,G,0,28.52993110734886
7681230,FALSE POSITIVE,0.962590772,31.51,2026.0,0.0,6274.0,1.062,3158.4199999999996,F,0,1061.3025074792636
7596240,CONFIRMED,13.3997555,1.51,886.0,1.0,6401.0,1.15,145.65,F,1,12.4853024370482
7661893,CANDIDATE,2.49385348,0.59,1251.0,0.992,5615.0,0.85,579.64,G,0,18.806237165144122
3448456,FALSE POSITIVE,0.776950288,1.72,1882.0,0.0,5861.0,0.865,2974.07,G,0,509.6851190046795
12107008,FALSE POSITIVE,5.93725628,0.86,891.0,0.0,5428.0,0.799,148.97,G,0,19.47027289177418
9776794,CANDIDATE,18.22211768,7.45,620.0,0.999,5162.0,0.958,34.99,K,0,127.20804687504356
7427764,CONFIRMED,4.56383697,1.22,980.0,1.0,5408.0,0.861,218.18,G,1,44.21717982621102
7673192,CANDIDATE,16.5340022,1.17,819.0,0.887,6052.0,1.202,106.21,F,0,5.394943034421515
4754831,FALSE POSITIVE,55.119831,1.68,622.0,0.0,6297.0,1.506,35.48,F,0,2.077292290682096
4754831,FALSE POSITIVE,25.6416117,1.76,803.0,0.0,6297.0,1.506,98.5,F,0,4.929487330158736
9899630,FALSE POSITIVE,1.33258455,15.89,1680.0,0.0,6039.0,0.951,1884.66,F,0,114.58935194768692
4367528,FALSE POSITIVE,154.608014,2.86,282.0,0.0,5841.0,1.226,1.51,G,0,3.4817082638420023
8416523,CONFIRMED,0.341842017,1.72,2023.0,0.996,5016.0,0.747,3158.4199999999996,K,1,835.4736568266856
11124436,CANDIDATE,13.9482197,2.53,1063.0,0.97,5529.0,2.346,301.8,G,0,8.56023224239865
5780855,CANDIDATE,5.67577999,1.22,1357.0,0.988,6681.0,1.438,802.11,F,0,9.020786586197469
3751231,FALSE POSITIVE,0.570953851,1.01,2464.0,0.001,6238.0,1.145,3158.4199999999996,F,0,133.285728551816
9491832,CANDIDATE,49.564693,1.63,588.0,0.998,5907.0,1.442,28.19,G,0,2.289936507828264
7816665,FALSE POSITIVE,4.29258258,1.87,1161.0,0.0,6137.0,0.963,428.77,F,0,86.10201274217536
9535881,FALSE POSITIVE,0.960842633,48.03,2808.0,0.0,7381.0,1.597,3158.4199999999996,F,0,2105.3395535582986
11616596,FALSE POSITIVE,14.5893928,2.39,878.0,0.0,5706.8232800782525,1.0,102.46,G,0,28.849727042786864
9872831,CONFIRMED,5.49548533,1.3,1293.0,0.877,6157.0,1.392,661.04,F,1,15.612815765627746
2852941,CANDIDATE,2.89494709,1.16,1919.0,0.854,7087.0,1.684,3158.4199999999996,F,0,15.820669109361855
8508126,FALSE POSITIVE,0.980505042,26.35,1904.0,0.0,5794.0,1.059,3100.61,G,0,435.08190343400605
12306058,CONFIRMED,20.4853893,3.6,1015.0,0.995,4938.0,2.747,251.16,K,1,4.3689674962633
8507475,CONFIRMED,3.58273837,1.64,1064.0,1.0,5448.0,0.872,302.74,G,1,100.62135795866111
8773015,CONFIRMED,15.604841,1.57,1013.0,0.999,6254.0,1.706,248.62,F,1,4.703668560288439
4754831,FALSE POSITIVE,75.681309,1.64,560.0,0.0,6297.0,1.506,23.25,F,0,1.4230726373932037
10647452,CANDIDATE,0.762950224,1.0,1651.0,0.953,5385.0,0.731,1763.73,G,0,245.49439020808256
3531231,FALSE POSITIVE,62.060783,2.11,400.0,0.0,5526.0,0.784,6.07,G,0,7.61994897808492
4773392,CANDIDATE,154.608014,4.9,463.0,0.971,6127.0,1.983,10.86,F,0,3.0858684983819793
5471489,FALSE POSITIVE,12.4252735,2.37,1299.0,0.0,6156.0,2.557,673.53,F,0,6.816751357626052
5471489,FALSE POSITIVE,39.2820405,48.03,823.0,0.0,6143.0,2.136,108.22,F,0,4.009465852467618
9011874,FALSE POSITIVE,154.608014,2.39,878.0,0.0,5706.8232800782525,1.0,141.3,G,0,2.7223685830412387
9936080,CANDIDATE,19.5650801,0.97,791.0,0.998,6180.0,1.235,92.77,F,0,3.153577684560566
9936080,FALSE POSITIVE,154.608014,1.87,324.0,0.0,6350.0,1.394,2.6,F,0,1.1144312351104906
8611344,FALSE POSITIVE,154.608014,2.09,220.0,0.0,5471.0,0.898,0.55,G,0,3.5573835131211244
9518651,FALSE POSITIVE,2.17823752,0.64,1473.0,0.0,6052.0,0.969,1114.8,F,0,20.199817327542863
2305311,FALSE POSITIVE,1.404674486,0.86,1126.0,0.0,4716.0,0.609,379.5,K,0,110.7018042612899
6383595,FALSE POSITIVE,24.9097436,2.24,912.0,0.0,6596.0,1.757,163.58,F,0,6.029769009746049
11080405,CONFIRMED,12.3101351,1.51,651.0,1.0,5009.0,0.84,42.42,K,1,21.421373352758735
11509504,CONFIRMED,2.61576515,1.06,1379.0,0.998,6088.0,0.958,851.6,F,1,46.028597024469114
6599949,FALSE POSITIVE,154.608014,2.1,244.0,0.0,5910.0,0.911,0.84,G,0,3.435785676672621
11611275,CONFIRMED,6.94245216,1.34,1003.0,0.999,6108.0,1.03,239.39,F,1,23.161844877588614
6290935,CANDIDATE,5.53312006,1.05,1303.0,0.99,6170.0,1.425,680.77,F,0,9.596755433497679
12734396,CANDIDATE,154.608014,3.32,327.0,0.0,5566.0,1.17,2.72,G,0,5.319905344622045
11612280,CONFIRMED,9.4061364,1.14,981.0,0.966,5855.0,1.268,219.36,G,1,8.45192931712111
5536715,FALSE POSITIVE,0.935086665,1.18,2431.0,0.0,6762.0,1.348,3158.4199999999996,F,0,76.14267496799347
8149484,FALSE POSITIVE,1.489457454,1.58,2415.0,0.0,6316.0,2.087,3158.4199999999996,F,0,37.79899845329855
12407623,FALSE POSITIVE,1.181165291,1.52,1398.0,0.0,5203.0,0.747,905.88,G,0,313.58862542126633
11444514,CONFIRMED,66.373298,1.99,471.0,0.997,6143.0,0.976,11.59,F,1,6.252514377091823
9886361,CONFIRMED,13.61165024,1.46,958.0,0.948,6170.0,1.499,198.73,F,1,7.016048628648866
9702006,CONFIRMED,6.24564633,1.06,731.0,0.977,4858.0,0.707,67.62,K,1,33.94364470842524
6778008,FALSE POSITIVE,0.945829261,0.86,1790.0,0.0,5959.0,0.859,2433.01,G,0,103.82423556676156
8278685,CANDIDATE,10.8614163,1.01,899.0,0.999,6339.0,1.017,154.68,F,0,5.966072767139954
8308260,FALSE POSITIVE,0.973160836,1.22,1932.0,0.0,6108.0,1.03,3158.4199999999996,F,0,142.11422704643243
8492101,FALSE POSITIVE,4.05943749,2.11,1295.0,0.0,5051.0,1.655,664.54,K,0,25.964188452129612
6103377,CANDIDATE,7.03965141,2.72,1171.0,0.981,5902.0,1.513,445.49,G,0,38.169503623191474
3660581,CANDIDATE,4.72519164,3.98,2250.0,0.984,6655.0,2.747,3158.4199999999996,F,0,20.909204859255187
6343576,FALSE POSITIVE,6.39903778,6.54,1780.0,0.0,5178.0,2.747,2376.4,K,0,29.160634210226526
10794974,CANDIDATE,66.6434565,2.99,476.0,0.997,5751.0,1.164,12.17,G,0,4.160948644673015
2449101,FALSE POSITIVE,0.739761008,9.67,839.0,0.0,3417.0,0.35,117.05,M,0,394.85725368212434
7259249,FALSE POSITIVE,0.950735805,1.39,1908.0,0.0,6039.0,1.005,3129.59,F,0,184.1731415595524
8678691,FALSE POSITIVE,154.608014,4.25,201.0,0.0,4806.0,0.839,0.38,K,0,10.342284068146688
9640924,FALSE POSITIVE,2.17815935,1.22,1561.0,0.0,6258.0,1.098,1398.42,F,0,53.39370602063618
3558849,CANDIDATE,154.608014,3.41,413.0,0.298,5999.0,1.507,6.87,G,0,2.7689379672130063
11151677,FALSE POSITIVE,0.720460644,37.33,2240.0,0.0,6304.0,1.058,3158.4199999999996,F,0,2930.7638350332986
11037128,FALSE POSITIVE,3.7948721,16.1,1083.0,0.0,5883.0,0.793,325.63,G,0,80.39796650854188
6587002,CONFIRMED,122.0804953,2.92,297.0,0.995,5132.0,0.77,1.83,K,1,6.552234229016927
5175024,CANDIDATE,6.2614227,0.81,1146.0,0.98,6384.0,1.121,407.58,F,0,8.208996974441607
10991114,CANDIDATE,3.70386741,0.86,1012.0,1.0,5496.0,0.776,247.2,G,0,33.937499938746456
11969092,FALSE POSITIVE,0.638437699,2.48,1709.0,0.0,5073.0,0.824,2024.34,K,0,449.221592724273
2570773,FALSE POSITIVE,1.8912851,19.96,1061.0,0.0,4700.0,0.707,299.44,K,0,646.8617555333144
4945764,CANDIDATE,19.8751355,2.49,1061.0,0.926,6918.0,2.004,299.47,F,0,5.484239340154436
6356885,FALSE POSITIVE,154.608014,2.15,270.0,0.0,6115.0,0.967,1.27,F,0,3.122089130515576
3542542,FALSE POSITIVE,3.47148164,0.85,970.0,0.0,5297.0,0.716,209.73,G,0,35.3451386826289
11718389,CONFIRMED,5.94373492,1.14,674.0,1.0,4391.0,0.682,48.82,K,1,50.641558557258136
11124703,FALSE POSITIVE,154.608014,2.1,235.0,0.0,5166.0,0.771,0.72,K,0,4.9790433243648025
10329196,CONFIRMED,85.7567919,2.99,528.0,0.895,5037.0,2.213,18.44,K,1,1.8552466396542056
10604592,CONFIRMED,2.18660188,0.98,1099.0,1.0,4904.0,0.772,345.07,K,1,55.9315351910335
9834731,CANDIDATE,7.2929891,0.73,904.0,0.0,5959.0,0.856,158.19,G,0,9.94105421054311
9593773,FALSE POSITIVE,3.1339356,1.58,1315.0,0.0,6137.0,1.018,704.95,F,0,64.99814482467349
9285568,CONFIRMED,2.55315031,1.25,1312.0,0.992,5970.0,0.908,699.7,G,1,72.57700389758878
7604328,CONFIRMED,2.936587946,1.77,1190.0,1.0,5455.0,0.909,473.18,G,1,95.21254092895471
9514372,CANDIDATE,145.786556,1.82,331.0,0.996,5578.0,0.95,2.84,G,0,2.5928316737244277
9777757,FALSE POSITIVE,1.33254212,1.45,2694.0,0.0,6613.0,2.237,3158.4199999999996,F,0,28.066655033763585
7103919,CONFIRMED,10.7769944,1.15,752.0,0.986,5455.0,0.852,75.83,G,1,17.221870320355738
3762750,CANDIDATE,2.5093344,1.47,1483.0,0.77,6278.0,1.081,1143.04,F,0,73.44577111763184
8645191,FALSE POSITIVE,0.918921494,1.49,1697.0,0.0,5655.0,0.833,1960.12,G,0,349.32255050723626
10722485,CONFIRMED,7.84931877,0.81,925.0,0.99,5678.0,0.99,172.98,G,1,8.688652098148895
9717958,FALSE POSITIVE,67.7125988,48.03,460.0,0.0,6309.0,0.847,10.63,F,0,8.010326137415952
8128067,FALSE POSITIVE,12.4285576,2.22,669.0,0.0,5492.0,0.752,47.26,G,0,49.893158961583765
7703910,FALSE POSITIVE,1.275511306,0.84,1739.0,0.0,5921.0,1.015,2160.97,G,0,54.33115306309954
7777818,FALSE POSITIVE,5.78159956,1.7,1475.0,1.0,6443.0,1.884,1117.19,F,0,12.59167108418695
9851360,FALSE POSITIVE,8.4805019,1.26,781.0,0.0,5555.0,0.737,87.82,G,0,19.44460386241998
9886361,CANDIDATE,24.5607107,1.13,787.0,0.848,6170.0,1.499,90.55,F,0,2.2474919669160878
6937529,CONFIRMED,2.94648935,0.89,1497.0,1.0,6481.0,1.171,1187.5,F,1,19.34505549799459
9490653,FALSE POSITIVE,1.227986164,1.17,1673.0,0.0,5746.0,0.931,1846.47,G,0,122.55838413501864
3328027,FALSE POSITIVE,2.11548883,1.29,1426.0,0.0,5952.0,0.971,978.38,G,0,80.12332544436077
3644631,FALSE POSITIVE,154.608014,2.37,242.0,0.0,5743.0,0.904,0.81,G,0,4.338714292003
9640931,FALSE POSITIVE,2.17815196,1.09,1139.0,0.0,5357.0,0.7,395.98,G,0,112.48067375427745
5125196,FALSE POSITIVE,154.608014,3.15,304.0,0.0,6425.0,1.164,2.03,F,0,4.654998026169588
9640962,FALSE POSITIVE,1.089077224,1.0,1458.0,0.0,5118.0,0.83,1068.22,K,0,140.2104429648783
5097454,FALSE POSITIVE,1.288066288,34.84,1310.0,0.0,5233.0,0.639,692.0,G,0,3770.5357598800847
12737015,CANDIDATE,24.6683831,1.76,788.0,0.965,6059.0,1.554,91.32,F,0,4.426718993187681
3663141,FALSE POSITIVE,2.31894284,0.87,1375.0,0.016,5780.0,1.0,844.12,G,0,28.676860357627444
5177859,CONFIRMED,6.98472143,1.19,1059.0,0.364,5839.0,1.227,297.15,G,1,12.985485664529932
8482059,CANDIDATE,154.608014,2.41,253.0,0.0,5878.0,0.945,0.97,G,0,4.222290831573582
4568117,FALSE POSITIVE,0.562563871,0.69,2626.0,0.0,6577.0,1.145,3158.4199999999996,F,0,61.504127413116436
10342248,FALSE POSITIVE,0.93373458,0.93,1573.0,0.0,5335.0,0.804,1446.48,G,0,136.7626333384804
9777290,FALSE POSITIVE,1.33251948,1.64,1751.0,0.0,5926.0,1.058,2218.21,G,0,175.3820514503848
8548427,FALSE POSITIVE,154.608014,1.45,329.0,0.0,5897.0,0.992,2.78,G,0,1.3912603521315525
9286088,CANDIDATE,14.8162925,1.57,912.0,0.938,6356.0,1.325,163.33,F,0,7.302771594175804
6289344,FALSE POSITIVE,154.608014,4.45,270.0,0.0,5269.0,0.727,1.26,G,0,16.415707920548027
6937529,CANDIDATE,3.98167088,0.79,1356.0,0.0,6484.0,1.173,798.79,F,0,11.226442703873104
9883606,CONFIRMED,4.34195312,0.94,1236.0,0.999,6164.0,1.09,552.7,F,1,16.881803643241543
5860968,CONFIRMED,122.358116,2.15,407.0,0.997,5998.0,1.139,6.46,G,1,2.8833395898315404
3645438,CONFIRMED,7.298142,1.6,786.0,1.0,5119.0,0.834,90.04,K,1,50.76634573566806
8480582,CONFIRMED,18.5010898,1.62,555.0,0.967,5242.0,0.734,22.4,G,1,22.760821365236552
5197233,CANDIDATE,7.016016,1.72,1138.0,1.0,6642.0,1.136,396.43,F,0,24.08774438370722
10936786,FALSE POSITIVE,0.569961046,1.04,2743.0,0.0,5814.0,1.549,3158.4199999999996,G,0,77.54915938588547
7119481,CANDIDATE,42.068554,1.32,541.0,0.964,6122.0,0.964,20.28,F,0,4.428485942255111
6938264,FALSE POSITIVE,1.121634781,0.6,1225.0,1.0,4518.0,0.72,529.9,K,0,63.74624005173391
9899315,FALSE POSITIVE,1.33256979,0.97,1692.0,0.0,6089.0,0.95,1943.76,F,0,78.19477882655588
9541089,FALSE POSITIVE,0.536650896,18.45,2163.0,0.0,5819.0,0.881,3158.4199999999996,G,0,509.08328307347125
3650049,FALSE POSITIVE,154.608014,3.05,211.0,0.0,5313.0,0.768,0.47,G,0,7.318508081993731
9641076,FALSE POSITIVE,2.17818699,1.03,1347.0,0.0,5584.0,0.932,776.45,G,0,53.16347978003486
8741470,CANDIDATE,6.23968392,1.55,1060.0,1.0,5751.0,1.143,299.03,G,0,24.985239957475283
11125613,CONFIRMED,3.60082855,1.36,927.0,0.998,4838.0,0.796,174.45,K,1,82.28661706206479
10525049,CONFIRMED,15.5714121,0.72,399.0,0.999,3872.0,0.557,5.98,K,1,11.14221362107551
9896018,CONFIRMED,3.59645081,1.66,1327.0,0.98,5887.0,1.235,732.82,G,1,41.596565031289835
5095082,CONFIRMED,20.6579443,1.27,728.0,0.554,5468.0,1.306,66.27,G,1,4.753619168195743
12418891,FALSE POSITIVE,0.760941405,1.18,1817.0,0.0,5629.0,0.87,2591.44,G,0,245.22256086196282
3839294,FALSE POSITIVE,137.665706,15.41,720.0,0.409,4832.0,2.747,63.38,K,0,3.90002721520202
7698701,FALSE POSITIVE,154.608014,1.97,238.0,0.0,5835.0,0.847,0.76,G,0,3.5302180390209266
7698701,FALSE POSITIVE,154.608014,1.68,250.0,0.0,5835.0,0.847,0.92,G,0,2.567784099471066
2830919,FALSE POSITIVE,1.54038914,0.84,1638.0,0.0,5974.0,0.989,1701.3,G,0,46.611598417267466
9588822,FALSE POSITIVE,71.76236302,25.76,665.0,0.0,5529.0,2.747,46.35,G,0,67.67753729969078
2997459,CANDIDATE,16.3368863,1.27,642.0,0.571,5410.0,0.859,40.22,G,0,13.82760434587832
8330207,CANDIDATE,1.63668262,48.03,2562.0,1.0,5234.0,2.747,3158.4199999999996,G,0,563.1513335187735
5881813,CANDIDATE,11.615625,2.84,905.0,0.579,5332.0,1.453,158.69,G,0,16.4605864944848
11560897,CONFIRMED,110.978266,1.86,463.0,0.947,5883.0,1.529,10.84,G,1,1.3534181548664672
10858737,FALSE POSITIVE,0.952378454,1.46,2528.0,0.0,6963.0,1.375,3158.4199999999996,F,0,45.990120645883486
6752002,CONFIRMED,6.08003714,1.07,808.0,0.999,4991.0,0.804,100.72,K,1,30.26297303177329
7257966,CONFIRMED,3.035206175,3.59,1143.0,0.992,5505.0,0.873,403.53,G,1,229.60548965013885
3644738,FALSE POSITIVE,154.608014,2.7,263.0,0.0,6117.0,0.947,1.13,F,0,5.224826185271353
9406892,FALSE POSITIVE,2.21316437,0.95,1374.0,0.0,5921.0,0.83,841.98,G,0,52.45882392368354
9202434,CANDIDATE,154.608014,48.03,376.0,0.0,6392.0,1.162,4.73,F,0,4.443495406389477
8487645,FALSE POSITIVE,0.530967987,1.08,3749.0,0.0,8473.0,2.052,3158.4199999999996,A,0,50.6621880388431
10407482,CONFIRMED,6.30558387,2.52,1125.0,0.974,4934.0,1.756,378.9,K,1,30.623651033920826
5817613,FALSE POSITIVE,4.2058608,1.14,1012.0,0.0,5590.0,0.839,248.04,G,0,43.27294902389542
7901016,CANDIDATE,41.6757509,2.1,690.0,0.7,5745.0,1.763,53.72,G,0,3.4072571443457784
5385410,CANDIDATE,11.49589567,1.59,1057.0,0.91,6290.0,1.506,295.46,F,0,9.420753554907654
9910942,FALSE POSITIVE,8.4803326,1.35,1390.0,0.0,6245.0,2.179,882.07,F,0,4.197948556876177
7749002,CANDIDATE,0.609926502,1.12,2141.0,0.868,5936.0,0.965,3158.4199999999996,G,0,219.37069394633392
10924340,FALSE POSITIVE,0.750744255,17.07,2074.0,0.0,6187.0,0.937,3158.4199999999996,F,0,227.2411661678317
5371777,CONFIRMED,0.991659646,1.19,2102.0,0.992,6117.0,1.244,3158.4199999999996,F,1,77.95013169266343
3848083,CANDIDATE,8.4795266,1.18,865.0,0.999,5841.0,0.931,132.02,G,0,19.258150567037553
6359926,CANDIDATE,49.4746966,1.62,498.0,0.99,5952.0,0.928,14.5,G,0,5.881794533329185
6629993,FALSE POSITIVE,118.609553,2.86,299.0,0.0,5017.0,0.792,1.88,K,0,3.21137708022557
8324518,CANDIDATE,1.62888267,0.92,1327.0,0.936,5398.0,0.811,733.67,G,0,80.36183477843741
10427700,FALSE POSITIVE,0.616386349,2.94,3552.0,0.0,5665.0,2.747,3158.4199999999996,G,0,128.81531222879175
3103473,CANDIDATE,1.920062587,1.12,1189.0,0.528,5266.0,0.741,471.84,G,0,118.12114955813156
11296045,FALSE POSITIVE,88.91323139,2.39,878.0,0.0,5706.8232800782525,1.0,141.3,G,0,4.733828626178333
3124598,FALSE POSITIVE,7.07162308,1.42,1162.0,0.0,6313.0,1.259,431.05,F,0,17.393460964834116
6879171,CONFIRMED,6.96352699,1.4,1298.0,0.992,6040.0,1.686,669.78,F,1,9.779526969277963
9897364,CONFIRMED,64.2729088,5.38,554.0,0.997,6341.0,1.299,22.31,F,1,18.886651042624045
12505503,CONFIRMED,3.4327371,0.75,1134.0,0.931,5757.0,0.881,390.57,G,1,18.410964241916457
3548639,FALSE POSITIVE,13.8452726,2.34,1276.0,0.0,6845.0,2.324,626.93,F,0,6.7315395436851135
4390912,FALSE POSITIVE,0.687506554,8.73,3749.0,0.0,4643.0,2.747,3158.4199999999996,K,0,189.5254659637761
7115925,FALSE POSITIVE,0.566801617,0.88,3018.0,0.0,6287.0,1.693,3158.4199999999996,F,0,43.93071447430257
5785279,CANDIDATE,0.909127736,0.98,1818.0,0.885,5486.0,0.996,2566.87,G,0,108.56560205088716
7429287,FALSE POSITIVE,154.608014,1.83,316.0,0.0,5802.0,1.59,2.36,G,0,0.6920727925526552
10526887,CONFIRMED,1.450889836,1.21,1700.0,0.741,6046.0,1.023,1970.75,F,1,93.52881013634725
11125613,CONFIRMED,5.72716067,1.4,794.0,0.994,4838.0,0.796,93.96,K,1,54.285189104010236
3545583,FALSE POSITIVE,154.608014,2.11,266.0,0.0,6198.0,0.974,1.18,F,0,2.990789339031287
9896018,CANDIDATE,10.30148508,1.6,934.0,0.939,5887.0,1.235,180.14,G,0,15.793839309234817
12456063,CANDIDATE,17.8007815,1.02,816.0,0.914,6240.0,1.252,105.04,F,0,2.499890243582845
8374741,FALSE POSITIVE,154.608014,0.95,242.0,0.0,5786.0,0.856,0.81,G,0,0.7373485827196513
5096053,CANDIDATE,1.717859841,1.45,2212.0,0.907,6694.0,1.732,3158.4199999999996,F,0,38.59453397630243
11296045,FALSE POSITIVE,46.0771501,2.39,878.0,0.0,5706.8232800782525,1.0,141.3,G,0,9.134679533923691
11296045,FALSE POSITIVE,42.62423329,2.39,878.0,0.0,5706.8232800782525,1.0,141.3,G,0,9.874664422380276
3247503,FALSE POSITIVE,0.447861451,1.42,2263.0,0.0,5901.0,0.848,3158.4199999999996,G,0,592.5939805879832
5802637,CANDIDATE,7.3422467,1.6,837.0,0.979,5573.0,0.839,115.93,G,0,49.957460568575016
5531694,CANDIDATE,8.1134681,0.92,1127.0,0.935,6011.0,1.409,381.27,F,0,4.9917001584069824
8733898,CONFIRMED,3.036208739,1.4,520.0,0.947,3464.0,0.328,17.31,M,1,599.5964561381232
9828127,CONFIRMED,18.0541469,1.51,635.0,1.0,5505.0,0.909,38.57,G,1,15.680607982645807
7107802,CANDIDATE,5.4675514,1.07,1078.0,0.991,5557.0,1.151,319.36,G,0,15.948638361223272
4281068,FALSE POSITIVE,1.01530474,48.03,2324.0,0.0,6428.0,1.44,3158.4199999999996,F,0,4783.489930323776
9092496,FALSE POSITIVE,94.180473,4.17,478.0,0.84,6997.0,1.0,12.34,F,0,11.726422312616757
5644412,CONFIRMED,1.538185321,1.29,1234.0,0.996,5107.0,0.723,547.92,K,1,180.21235556960562
9959545,FALSE POSITIVE,1.332567643,0.62,1482.0,0.0,5687.0,0.79,1143.87,G,0,42.54943476816809
9641144,FALSE POSITIVE,1.089076495,0.75,2016.0,0.0,6444.0,1.079,3158.4199999999996,F,0,40.12573974429593
8572168,FALSE POSITIVE,1.662710314,2.16,2307.0,0.002,6028.0,2.244,3158.4199999999996,F,0,51.66263736787045
4472143,FALSE POSITIVE,154.608014,2.01,268.0,0.044,6186.0,1.253,1.22,F,0,1.6338092280261747
12509829,CANDIDATE,0.888478095,1.51,1665.0,0.0,5553.0,0.806,1825.96,G,0,383.12705953656626
7368137,FALSE POSITIVE,2.18242002,0.7,1283.0,0.0,5808.0,0.786,638.12,G,0,31.937023744860994
9027841,FALSE POSITIVE,0.503999678,2.97,1605.0,0.0,4898.0,0.568,1566.41,K,0,1935.715522421425
8953414,FALSE POSITIVE,2.66588544,0.98,1041.0,0.0,4965.0,0.771,278.03,K,0,62.64335199640087
2576962,CANDIDATE,154.608014,2.18,287.0,0.0,6060.0,1.057,1.61,F,0,2.725602568053167
10140274,CANDIDATE,2.44232399,1.1,1029.0,0.754,4849.0,0.738,264.82,K,0,93.76315383938886
10730070,CONFIRMED,7.61758198,1.0,1020.0,0.994,6202.0,1.072,255.32,F,1,11.21090658744706
4458109,FALSE POSITIVE,41.477908,1.09,849.0,0.0,6935.0,1.918,122.73,F,0,0.720865671431645
8345384,CANDIDATE,42.1003351,1.42,466.0,0.958,5595.0,0.82,11.17,G,0,5.0830949324201455
2831055,CONFIRMED,2.20923119,0.84,1507.0,0.995,5991.0,1.092,1217.79,G,1,27.068239969941757
11044826,FALSE POSITIVE,154.608014,1.35,318.0,0.0,6412.0,1.04,2.43,F,0,1.045223955855225
6681687,FALSE POSITIVE,154.608014,2.37,252.0,0.0,6050.0,0.896,0.96,F,0,4.2442819296546945
7703882,CONFIRMED,5.88350251,1.27,949.0,1.0,5840.0,0.849,192.09,G,1,37.00176886641628
8179190,FALSE POSITIVE,0.662457501,8.3,3295.0,0.0,6425.0,2.16,3158.4199999999996,F,0,96.76092413964528
9777724,FALSE POSITIVE,1.33258458,1.25,1868.0,0.0,6384.0,1.086,2873.72,F,0,95.30351912071502
9072639,CANDIDATE,1.182862515,1.26,2800.0,0.089,6017.0,2.639,3158.4199999999996,F,0,18.85257138273589
5340878,CONFIRMED,0.539915033,0.82,1871.0,0.146,5102.0,0.837,2901.68,K,1,179.65789813450147
10273903,FALSE POSITIVE,154.608014,48.03,226.0,0.0,5561.0,0.836,0.62,G,0,7.153574846385388
7450747,CONFIRMED,2.20829637,1.36,1709.0,0.951,6028.0,1.454,2016.25,F,1,39.80443983612581
7826620,CONFIRMED,0.849906734,0.59,1139.0,0.996,4296.0,0.505,396.64,K,1,146.25134150307838
8890924,CONFIRMED,26.6565737,4.15,903.0,0.998,5159.0,2.747,157.45,K,1,6.129820052604885
8890924,CANDIDATE,4.4408541,1.74,1642.0,0.125,5159.0,2.747,1719.2,K,0,7.633666685874683
8483241,FALSE POSITIVE,154.608014,48.03,262.0,0.0,6004.0,1.008,1.11,F,0,3.0457670842340683
8573193,CONFIRMED,8.18504859,0.93,892.0,0.998,5984.0,0.906,149.41,G,1,11.924180892370243
9240664,FALSE POSITIVE,10.78438513,48.03,1397.0,0.0,5575.0,2.747,900.7,G,0,21.6609474888069
7673841,CONFIRMED,10.42317343,1.07,901.0,1.0,5767.0,1.135,155.7,G,1,6.830933062580731
7281411,FALSE POSITIVE,0.566804221,0.85,1737.0,0.0,5277.0,0.64,2149.42,G,0,292.87008432493656
6528141,FALSE POSITIVE,2.022658,1.15,1482.0,0.006,6091.0,0.967,1139.1,F,0,67.08993809136295
8106112,FALSE POSITIVE,154.608014,1.47,255.0,0.0,5822.0,0.898,1.01,G,0,1.7405307334198086
4054784,CANDIDATE,1.8679943,0.7,1291.0,1.0,5487.0,0.815,658.77,G,0,39.293481784178894
10745365,CANDIDATE,8.9172863,1.39,931.0,0.694,6210.0,0.986,177.84,F,0,22.013423523252808
5563937,FALSE POSITIVE,0.519437968,20.48,2402.0,0.0,6181.0,1.006,3158.4199999999996,F,0,435.4706700993409
8396660,CANDIDATE,1.33807075,0.6,2008.0,1.0,6355.0,1.319,3158.4199999999996,F,0,15.096361683416216
10736179,FALSE POSITIVE,1.105095798,0.89,1445.0,0.0,5296.0,0.752,1025.9,G,0,128.22417771965863
6119921,FALSE POSITIVE,154.608014,1.98,310.0,0.0,6167.0,1.01,2.17,F,0,2.431309931967692
5084171,CONFIRMED,153.979362,2.53,330.0,0.949,5858.0,0.903,2.82,G,1,5.146793633292233
4141587,FALSE POSITIVE,10.2239787,24.43,2364.0,0.087,4673.0,2.747,3158.4199999999996,K,0,20.882281376427358
11968463,CONFIRMED,56.4148314,2.9,535.0,0.917,6325.0,1.112,19.37,F,1,8.510173443503371
3834317,FALSE POSITIVE,2.18079098,3.29,2767.0,0.0,6911.0,2.747,3158.4199999999996,F,0,38.15129499480964
10593535,CONFIRMED,20.9254083,1.26,729.0,0.974,5821.0,1.21,66.95,G,1,5.208978407365174
5959719,CONFIRMED,13.0600399,0.8,630.0,0.905,5168.0,0.769,37.3,K,1,8.177616670221658
5992210,FALSE POSITIVE,0.641069613,0.86,2196.0,0.012,6077.0,0.961,3158.4199999999996,F,0,122.60758957545535
4284980,FALSE POSITIVE,2.2430415,0.89,1344.0,0.0,5897.0,0.891,770.18,G,0,45.07272825759131
9302543,FALSE POSITIVE,1.21475168,5.5,3302.0,0.0,6732.0,2.747,3158.4199999999996,F,0,219.05711626593512
9716028,CANDIDATE,17.3731821,1.31,901.0,0.999,6180.0,1.54,155.73,F,0,4.12705050734488
6223324,CANDIDATE,1.97507424,1.08,1477.0,0.972,6065.0,0.947,1122.82,F,0,66.07346567387765
9701962,CONFIRMED,27.4784659,1.52,736.0,0.896,5432.0,1.707,69.3,G,1,3.02782550899248
6685646,FALSE POSITIVE,154.608014,1.46,273.0,0.0,5821.0,0.848,1.31,G,0,1.8724773219064828
4574319,FALSE POSITIVE,1.30627214,0.87,1490.0,0.0,5513.0,0.862,1161.23,G,0,73.03225497866012
7741837,FALSE POSITIVE,62.366706,1.88,698.0,0.0,6749.0,1.9,56.09,F,0,1.5296623169419916
11137065,FALSE POSITIVE,0.933732791,0.9,1773.0,0.0,5496.0,0.927,2344.56,G,0,103.77701301056698
11093335,FALSE POSITIVE,53.106597,2.2,860.0,0.0,7217.0,2.343,129.19,F,0,1.5515963110948345
9394768,FALSE POSITIVE,154.608014,2.99,270.0,0.0,6065.0,1.061,1.25,F,0,5.11357710086102
9773980,CANDIDATE,3.3879165,1.09,1336.0,0.965,5702.0,1.245,750.6,G,0,23.20009953019798
10972902,FALSE POSITIVE,1.42856815,0.64,1547.0,0.0,5979.0,0.822,1352.91,G,0,41.65009558696937
3832474,FALSE POSITIVE,154.608014,3.59,222.0,0.0,5485.0,0.867,0.58,G,0,11.008484980603916
12004971,FALSE POSITIVE,10.81315417,1.46,1045.0,1.0,6380.0,1.46,281.84,F,0,7.426140304443656
3644602,FALSE POSITIVE,154.608014,29.15,268.0,0.0,6256.0,0.932,1.23,F,0,4.001733053760073
10467714,CANDIDATE,58.7488629,1.75,425.0,1.0,5574.0,0.805,7.7,G,0,8.061432623915518
11912941,FALSE POSITIVE,3.74784374,1.08,1226.0,0.0,6122.0,0.996,534.57,F,0,31.084540360265926
4141593,CANDIDATE,64.740274,1.35,518.0,0.651,5999.0,1.177,16.96,G,0,1.7469805580371809
7778427,CANDIDATE,5.38299284,0.78,1253.0,0.898,6256.0,1.293,582.98,F,0,6.520536259899614
6525106,FALSE POSITIVE,1.71028117,0.91,1454.0,0.0,5910.0,0.855,1055.42,G,0,65.25242864013991
6523058,CANDIDATE,2.0481582,1.16,1346.0,0.98,5799.0,0.86,773.92,G,0,89.49503998275134
5977470,CONFIRMED,140.251943,1.84,271.0,0.934,4821.0,0.788,1.28,K,1,4.047715759631223
11769689,CANDIDATE,14.7179342,1.25,784.0,0.986,6102.0,1.018,89.3,F,0,8.989033257126534
4355503,FALSE POSITIVE,0.570828503,0.54,986.0,0.0,3585.0,0.388,222.55,M,0,305.52083346125414
6119923,FALSE POSITIVE,134.4665,2.48,280.0,0.0,4891.0,0.791,1.45,K,0,7.674774014345581
6126076,FALSE POSITIVE,0.909314811,0.99,2503.0,0.0,6508.0,1.447,3158.4199999999996,F,0,44.53903038867361
11284772,CONFIRMED,154.608014,1.56,189.0,0.975,4339.0,0.553,0.3,K,1,5.233881343304753
9209183,FALSE POSITIVE,154.608014,1.86,341.0,0.0,6187.0,1.006,3.18,F,0,2.1635359729800294
6153407,CONFIRMED,5.99078221,1.03,987.0,1.0,5721.0,0.972,223.93,G,1,11.667925414367552
5955621,FALSE POSITIVE,14.0801852,1.04,798.0,0.0,5984.0,1.089,95.62,G,0,6.44167663362837
11519187,CONFIRMED,2.440839436,21.29,986.0,0.493,4803.0,0.698,223.8,K,1,208.73966246422117
8417078,CONFIRMED,23.6223571,1.07,797.0,0.991,6144.0,1.393,95.35,F,1,2.4129683485311464
9457948,CANDIDATE,19.2527652,1.24,740.0,1.0,6258.0,1.046,71.04,F,0,7.19377183283781
4852297,FALSE POSITIVE,3.28931936,48.03,1364.0,0.0,6335.0,1.072,818.01,F,0,50.4663676074311
9851845,FALSE POSITIVE,1.08195208,0.47,1526.0,0.0,5233.0,0.824,1275.68,G,0,31.0549798101964
9474483,FALSE POSITIVE,0.512583041,1.07,2363.0,0.0,6077.0,0.999,3158.4199999999996,F,0,222.9882591843299
4072271,CANDIDATE,154.608014,2.66,456.0,0.427,6990.0,1.785,10.18,F,0,1.3440441709573996
9898017,CONFIRMED,2.29794819,0.98,1547.0,1.0,6371.0,1.072,1352.14,F,1,36.2062122906261
8613218,FALSE POSITIVE,154.608014,2.11,263.0,0.0,6122.0,0.964,1.12,F,0,3.0800473253605083
8548069,FALSE POSITIVE,154.608014,3.05,288.0,0.0,6343.0,1.137,1.62,F,0,4.400160007229638
6278762,CONFIRMED,4.54586982,0.65,868.0,1.0,5051.0,0.721,134.21,K,1,16.82846254493051
8098212,CANDIDATE,3.48754109,0.72,988.0,0.98,5252.0,0.783,224.74,G,0,24.40114619552769
3127911,FALSE POSITIVE,0.542498653,2.25,3749.0,0.0,8711.0,2.747,3158.4199999999996,A,0,101.19840795254473
6369131,CANDIDATE,8.0772455,2.61,1228.0,0.971,5684.0,2.032,537.66,G,0,9.805322866563856
7820699,CANDIDATE,154.608014,1.39,211.0,0.0,5376.0,0.727,0.47,G,0,2.4060848488746513
10399321,FALSE POSITIVE,21.5819776,0.91,746.0,0.276,5601.0,1.342,73.01,G,0,2.205543944221312
10257229,CANDIDATE,5.75651958,0.83,1089.0,0.999,6208.0,1.024,332.97,F,0,11.34365984385308
3539231,CANDIDATE,91.95723,2.66,497.0,0.98,5854.0,1.528,14.41,G,0,3.35373303436826
6311891,CANDIDATE,7.51731745,1.19,861.0,0.944,5525.0,0.923,129.74,G,0,22.707568376003596
7837733,FALSE POSITIVE,3.08723626,1.2,1451.0,0.0,6418.0,1.171,1046.77,F,0,33.00686809113858
2578017,FALSE POSITIVE,0.592562969,25.97,1967.0,0.0,5728.0,0.804,3158.4199999999996,G,0,2609.680457436752
7834045,CANDIDATE,44.6966177,2.46,637.0,1.0,5929.0,1.518,38.95,G,0,5.7565877070828115
10663738,CANDIDATE,8.5275894,1.28,1049.0,0.965,6469.0,1.193,286.1,F,0,13.19247383088121
7891294,CANDIDATE,3.07714195,1.08,1493.0,1.0,6108.0,1.336,1175.0,F,0,11.114209404606765
9413156,CANDIDATE,3.83488354,1.2,1003.0,1.0,5515.0,0.775,239.15,G,0,63.365679156973826
8625732,FALSE POSITIVE,31.97181,0.95,521.0,0.0,5632.0,0.853,17.43,G,0,3.671984789100148
2831251,FALSE POSITIVE,5.81289843,0.93,1102.0,0.003,6175.0,1.041,348.61,F,0,13.125981972473584
6721380,FALSE POSITIVE,6.44173995,1.41,1175.0,0.0,6088.0,1.339,451.14,F,0,16.71908534587771
7694615,FALSE POSITIVE,0.631106722,0.63,1945.0,0.0,5400.0,0.898,3158.4199999999996,G,0,77.95828864583066
6201203,FALSE POSITIVE,154.608014,1.76,323.0,0.0,5957.0,0.937,2.57,G,0,2.2631427113474207
4556468,CONFIRMED,114.336052,2.09,429.0,0.944,5802.0,1.316,8.02,G,1,2.0973262221788103
9222516,FALSE POSITIVE,0.63938062,48.03,2566.0,0.0,6607.0,1.204,3158.4199999999996,F,0,481.71619590221553
5431027,CANDIDATE,8.8233996,1.13,929.0,0.972,5602.0,1.121,176.13,G,0,11.854841075088563
7285673,FALSE POSITIVE,0.566801045,1.42,2348.0,0.0,6106.0,0.982,3158.4199999999996,F,0,332.21533668837895
5282437,FALSE POSITIVE,0.992799002,40.12,1933.0,0.0,6217.0,0.989,3158.4199999999996,F,0,1664.9895866837303
7747457,CONFIRMED,1.5184181,1.85,1926.0,0.997,6302.0,1.269,3158.4199999999996,F,1,129.6085709199594
8652360,FALSE POSITIVE,0.96807117,0.72,1487.0,0.0,5367.0,0.687,1157.58,G,0,108.25650349653527
9602421,FALSE POSITIVE,3.55661906,0.72,1518.0,0.0,6018.0,1.458,1254.47,F,0,6.551165476799756
6070337,CANDIDATE,40.0691482,13.25,458.0,0.872,5485.0,0.762,10.42,G,0,19.56867153966602
5954001,CANDIDATE,11.6933447,1.12,950.0,1.0,6049.0,1.354,192.95,F,0,5.72120310453176
4373195,FALSE POSITIVE,0.56256804,0.63,3749.0,0.0,9005.0,2.747,3158.4199999999996,A,0,7.999032437036416
5090937,FALSE POSITIVE,8.79991878,48.03,1979.0,0.0,8092.0,2.747,3158.4199999999996,A,0,98.76227516727148
8196226,CANDIDATE,4.02745396,0.98,1250.0,0.998,6174.0,1.041,577.46,F,0,21.154804212833263
9002538,CANDIDATE,4.96061094,0.59,1272.0,0.917,6117.0,1.298,618.99,F,0,4.112396687977308
6359175,FALSE POSITIVE,154.608014,2.27,231.0,0.0,5583.0,0.824,0.67,G,0,5.0256127085365705
8104207,FALSE POSITIVE,154.608014,1.83,310.0,0.0,5822.0,0.898,2.17,G,0,2.7016710789648974
5642688,CANDIDATE,1.4733245,1.03,1576.0,0.446,5751.0,0.921,1453.8,G,0,84.16340052717511
10026502,CONFIRMED,101.952048,1.31,428.0,0.665,6210.0,1.054,7.92,F,1,1.4958012417759377
3953173,FALSE POSITIVE,2.41795911,0.53,878.0,0.0,4623.0,0.534,140.54,K,0,41.563978308963215
8037926,FALSE POSITIVE,154.608014,2.4,345.0,0.0,6225.0,1.031,3.36,F,0,3.367225194419741
5552562,CANDIDATE,5.93218209,1.39,1000.0,1.0,5843.0,0.977,235.68,G,0,34.60783854664178
6186182,CANDIDATE,96.384483,2.41,400.0,0.967,5919.0,1.0,6.03,G,0,6.131692380401106
4073017,CANDIDATE,6.05552018,0.92,844.0,1.0,5352.0,0.805,119.89,G,0,22.22765278605677
9002278,CONFIRMED,12.4418003,0.57,576.0,0.989,4926.0,0.662,26.03,K,1,6.301338882605277
10585749,CANDIDATE,54.333582,1.7,513.0,0.603,5500.0,1.221,16.37,G,0,2.7975332088357434
9579208,CANDIDATE,4.11754421,1.02,1581.0,1.0,6263.0,1.726,1477.06,F,0,8.33020806836704
6437617,FALSE POSITIVE,154.608014,1.37,295.0,0.0,6167.0,1.064,1.79,F,0,1.0691554449434943
8453851,FALSE POSITIVE,2.78801663,0.91,2287.0,0.0,7523.0,2.206,3158.4199999999996,A,0,5.021490851006868
11650401,CONFIRMED,3.94660745,1.4,981.0,1.0,5376.0,0.806,218.91,G,1,78.39644654803456
9873759,FALSE POSITIVE,4.99473798,0.82,917.0,0.0,5406.0,0.819,167.06,G,0,19.920964903147933
9773270,CANDIDATE,122.749053,6.13,348.0,1.0,5619.0,0.976,3.48,G,0,8.48234649924346
9457728,CANDIDATE,4.37992345,0.81,1608.0,0.985,6311.0,1.918,1579.65,F,0,3.5388746348980145
9516728,FALSE POSITIVE,154.608014,1.98,283.0,0.0,6140.0,1.096,1.52,F,0,1.952033353199919
4825872,FALSE POSITIVE,154.608014,2.66,492.0,0.0,6382.0,1.961,13.85,F,0,1.1558262432631725
4680772,FALSE POSITIVE,26.190289,1.05,793.0,0.001,6434.0,1.441,93.35,F,0,1.9778323179251667
8110733,FALSE POSITIVE,154.608014,2.07,442.0,0.0,6967.0,1.565,9.02,F,0,1.0807977909864361
2303903,CANDIDATE,3.70858595,1.33,995.0,0.8,5420.0,0.771,231.84,G,0,82.34944642445188
9278216,CANDIDATE,9.4527721,1.3,832.0,0.998,5973.0,0.857,113.38,G,0,20.87218415008651
8355131,CANDIDATE,4.3638313,1.08,976.0,0.894,5623.0,0.763,214.31,G,0,44.479262981591425
6278762,CONFIRMED,6.18943952,0.65,783.0,1.0,5051.0,0.721,88.79,K,1,13.442251068316443
12645057,CANDIDATE,6.83006228,1.09,882.0,1.0,5807.0,0.8,142.95,G,0,27.437524332501404
4844367,CANDIDATE,17.1622587,22.42,674.0,0.983,5729.0,0.939,48.86,G,0,18.1910787768279
10937749,CANDIDATE,5.19898615,1.04,1035.0,1.0,6058.0,0.867,271.21,F,0,26.31282254906565
9100953,CONFIRMED,8.70179611,1.37,750.0,0.806,5295.0,0.8,74.58,G,1,34.946808240028965
8332521,CANDIDATE,14.74426,8.1,784.0,0.988,6146.0,0.987,89.04,F,0,7.704693216207527
10407086,FALSE POSITIVE,0.933747395,1.24,2596.0,0.0,5574.0,2.174,3158.4199999999996,G,0,33.092461800121
4073089,FALSE POSITIVE,58.873429,48.03,679.0,0.0,7078.0,1.568,50.35,F,0,82.49392098428648
6065351,FALSE POSITIVE,14.1166583,48.03,1205.0,0.0,6526.0,2.238,497.8,F,0,31.827645782146618
4060229,CANDIDATE,35.0175053,2.13,617.0,0.996,5944.0,1.123,34.32,G,0,8.338686536873315
6761777,CONFIRMED,47.3128645,3.71,658.0,0.995,5749.0,1.876,44.26,G,1,4.594944785048895
4825872,FALSE POSITIVE,29.6990126,1.93,880.0,0.0,6382.0,1.961,141.6,F,0,3.141518583685169
9412623,CONFIRMED,6.1082945,1.06,1267.0,0.987,6720.0,1.289,608.39,F,1,10.002792105063042
3644505,FALSE POSITIVE,119.72007,1.26,410.0,0.0,5963.0,1.176,6.67,G,0,0.9655858036167201
4664743,FALSE POSITIVE,1.27839331,0.86,2853.0,0.0,7758.0,1.918,3158.4199999999996,A,0,15.253521625516015
4735826,CONFIRMED,7.545922037,0.68,1084.0,1.0,5788.0,1.376,326.67,G,1,2.941986398898173
6593734,FALSE POSITIVE,0.58675746,19.91,2157.0,0.0,5942.0,0.938,3158.4199999999996,G,0,245.0757081128547
8443527,CANDIDATE,22.599501,0.96,734.0,1.0,6335.0,1.087,68.48,F,0,3.402729998330494
9711297,FALSE POSITIVE,154.608014,4.45,287.0,0.0,6343.0,1.137,1.59,F,0,5.160146485032787
8395860,FALSE POSITIVE,20.8822079,3.63,661.0,0.0,5780.0,1.0,45.17,G,0,53.01163580504339
7778621,CONFIRMED,7.28171395,2.59,1086.0,1.0,4970.0,1.806,329.68,K,1,15.326062073613862
5956354,FALSE POSITIVE,8.0386699,1.18,926.0,0.0,6018.0,0.975,173.92,F,0,17.66461389340045
9100953,CONFIRMED,44.9851885,2.09,433.0,1.0,5295.0,0.8,8.34,G,1,13.733409164218573
8109107,FALSE POSITIVE,6.67410577,1.62,1022.0,0.0,5949.0,1.041,257.38,G,0,24.108098604496647
6200529,FALSE POSITIVE,154.608014,1.67,171.0,0.0,4407.0,0.69,0.2,K,0,3.94546171455252
10907132,CANDIDATE,5.89089509,1.54,985.0,1.0,5869.0,0.942,223.02,G,0,45.44300923885575
6520753,CANDIDATE,4.13029832,1.44,995.0,0.995,5490.0,0.81,231.52,G,0,78.75944418465154
6929285,FALSE POSITIVE,4.60690612,0.9,950.0,0.002,5529.0,0.775,192.38,G,0,29.84649489666614
4848321,FALSE POSITIVE,1.50178705,0.93,1617.0,0.0,5964.0,0.987,1619.24,G,0,57.7312209477369
12255382,FALSE POSITIVE,0.499664962,0.5,2056.0,0.0,5570.0,0.855,3158.4199999999996,G,0,68.64599803577983
6522745,FALSE POSITIVE,17.4453935,32.01,770.0,0.0,6260.0,1.063,83.11,F,0,28.758308031286308
9893468,CANDIDATE,154.608014,1.98,410.0,0.831,6120.0,1.699,6.71,F,0,0.8110834409916164
11655826,CANDIDATE,5.59346375,1.43,1008.0,1.0,5874.0,0.933,243.63,G,0,42.28149328758947
1721157,CANDIDATE,3.44928111,1.23,966.0,0.97,5119.0,0.781,206.55,K,0,68.70996953913101
11076276,FALSE POSITIVE,1.4725859,0.93,1662.0,0.0,6077.0,0.999,1801.98,F,0,57.31414377932045
12012439,FALSE POSITIVE,2.97607935,1.1,1144.0,0.0,5547.0,0.865,404.28,G,0,43.816036020679356
9947653,CANDIDATE,37.9043889,1.97,693.0,0.986,5303.0,1.964,54.36,G,0,2.5907290118585715
4374610,FALSE POSITIVE,1.44438449,1.08,1980.0,0.0,6667.0,1.213,3158.4199999999996,F,0,52.2021667513198
9002538,CANDIDATE,6.88297756,0.77,1141.0,0.983,6117.0,1.298,400.53,F,0,4.4166931731214305
5253802,CANDIDATE,8.7963166,1.36,882.0,0.817,5780.0,1.0,142.92,G,0,10.9705009935636
12554634,CANDIDATE,2.049602348,1.08,1203.0,1.0,5356.0,0.78,494.57,G,0,90.79810051037275
6264750,CANDIDATE,53.285584,1.44,537.0,0.844,6015.0,1.057,19.63,F,0,2.976414784156255
11290515,CANDIDATE,5.8943338,0.61,1092.0,0.96,5929.0,1.145,335.9,G,0,4.903013806242191
6520753,CANDIDATE,8.119343,1.5,794.0,0.809,5490.0,0.81,94.08,G,0,43.156201185243674
6278762,CONFIRMED,7.74347801,0.62,727.0,1.0,5051.0,0.721,65.88,K,1,10.047164839821118
8493354,CANDIDATE,18.0071438,1.05,799.0,0.988,6173.0,1.167,96.25,F,0,4.487108055415207
4545570,CONFIRMED,5.60473115,1.11,866.0,0.997,5401.0,0.777,132.98,G,1,37.46834493568884
7598111,FALSE POSITIVE,132.778041,10.38,357.0,0.0,5780.0,1.0,3.83,G,0,36.577584391382906
5457326,CANDIDATE,2.49915311,1.02,983.0,0.686,4705.0,0.72,220.65,K,0,71.70429025855083
8240746,FALSE POSITIVE,154.608014,1.53,282.0,0.0,5680.0,0.75,1.5,G,0,2.651220912778816
10610039,CANDIDATE,105.997107,1.83,373.0,0.695,6068.0,0.831,4.59,F,0,4.064261867071523
9652655,FALSE POSITIVE,2.48882685,1.05,1477.0,0.0,6246.0,1.092,1124.85,F,0,32.22401751250795
10140843,FALSE POSITIVE,154.608014,1.08,253.0,0.0,6054.0,0.889,0.96,F,0,0.9449704204854478
8628761,CANDIDATE,6.30432354,1.23,1510.0,0.993,6728.0,1.836,1229.72,F,0,6.344852028327213
10473272,FALSE POSITIVE,17.6604653,1.76,690.0,0.003,5910.0,0.94,53.57,G,0,17.508032475225896
4750669,CANDIDATE,3.38419892,1.2,1074.0,0.842,5613.0,0.795,313.79,G,0,67.43102441507781
9824928,FALSE POSITIVE,1.69999106,0.55,934.0,0.842,4289.0,0.554,180.38,K,0,56.23558985069015
6717252,CANDIDATE,1.19260017,0.77,1726.0,0.97,5600.0,1.013,2107.84,G,0,48.63323137040975
5817685,FALSE POSITIVE,4.2059745,0.75,1263.0,0.0,5960.0,1.163,601.3,G,0,9.795589583341506
4902202,CANDIDATE,154.608014,3.61,320.0,0.405,5645.0,1.155,2.48,G,0,6.486080339923388
7282042,FALSE POSITIVE,0.566803216,0.54,2642.0,0.0,6473.0,1.182,3158.4199999999996,F,0,35.63847104212619
7523542,FALSE POSITIVE,154.608014,1.86,228.0,0.0,5610.0,0.815,0.64,G,0,3.4344920826678496
3109937,FALSE POSITIVE,37.809539,1.79,483.0,0.0,5595.0,0.82,12.89,G,0,12.890926810824114
9386171,FALSE POSITIVE,154.608014,2.29,193.0,0.0,4977.0,0.734,0.33,K,0,6.370950473498741
11350118,CANDIDATE,12.003678,0.97,503.0,0.942,4328.0,0.594,15.12,K,0,23.4678071171186
11671579,CONFIRMED,5.17624997,1.31,1243.0,1.0,5578.0,1.497,565.42,G,1,15.204057079183139
11553598,FALSE POSITIVE,154.608014,2.12,295.0,0.0,6432.0,1.136,1.78,F,0,2.226922079213824
12069414,FALSE POSITIVE,0.589458602,0.98,1848.0,0.001,5286.0,0.776,2736.51,G,0,268.72116118512423
9216775,CONFIRMED,3.91794676,0.94,1030.0,0.872,5500.0,0.87,266.81,G,1,29.73496250367629
2572029,CANDIDATE,6.0059966,0.73,1130.0,1.0,6103.0,1.16,385.87,F,0,6.526810221637489
7905106,CANDIDATE,4.22426989,0.35,1069.0,0.828,5735.0,0.883,309.32,G,0,3.219491262193003
9007151,CANDIDATE,154.608014,2.05,225.0,0.0,5461.0,0.769,0.6,G,0,4.786297817653876
4450844,CANDIDATE,56.3479517,1.06,586.0,0.999,5843.0,1.471,27.97,G,0,0.7737637071907975
8443265,FALSE POSITIVE,0.614701901,0.82,1656.0,0.0,4954.0,0.724,1779.79,K,0,214.0875110129194
3240406,FALSE POSITIVE,0.934181579,0.79,3268.0,0.0,7624.0,2.152,3158.4199999999996,A,0,12.95251402083149
11181260,CANDIDATE,19.9778599,1.07,773.0,0.939,6392.0,1.162,84.29,F,0,4.174621326681744
5090803,FALSE POSITIVE,154.608014,1.2,330.0,0.0,6471.0,1.302,2.8,F,0,0.5323139329633974
2558163,CANDIDATE,17.543847,1.15,658.0,0.961,5957.0,0.791,44.42,G,0,11.189108067346918
8107611,CANDIDATE,3.8183717,1.39,1683.0,1.0,6738.0,1.692,1894.37,F,0,13.304100279184448
8377197,FALSE POSITIVE,1.215181097,0.87,2230.0,0.0,6717.0,1.365,3158.4199999999996,F,0,32.67002761811394
6137779,FALSE POSITIVE,21.5324915,1.47,876.0,0.0,6737.0,1.41,139.32,F,0,4.667365130505218
11913072,FALSE POSITIVE,3.74779583,1.06,1324.0,0.0,6341.0,1.111,725.94,F,0,23.613879734745318
8752940,CANDIDATE,9.07829171,3.69,984.0,0.835,5086.0,1.611,221.32,K,0,58.48016531735792
9083470,FALSE POSITIVE,0.91842238,16.07,1525.0,0.0,5288.0,0.74,1280.4,G,0,177.36937116014096
5783732,FALSE POSITIVE,154.608014,1.48,290.0,0.0,6146.0,1.141,1.66,F,0,1.0782106029768934
6278762,CONFIRMED,9.74048508,0.95,673.0,1.0,5051.0,0.721,48.52,K,1,12.463444993029034
7900100,FALSE POSITIVE,154.608014,2.2,264.0,0.0,6194.0,1.02,1.16,F,0,2.980440586993117
9849884,FALSE POSITIVE,5.35745121,1.65,1457.0,0.0,6123.0,1.86,1065.83,F,0,14.596493170863614
11243547,FALSE POSITIVE,2.16132662,0.5,687.0,0.0,3754.0,0.43,52.58,K,0,51.912560999225555
4384909,CANDIDATE,6.41097179,1.4,886.0,0.655,5383.0,0.933,146.16,G,0,36.421935339696766
9009036,CONFIRMED,6.76289308,1.21,1337.0,0.552,6547.0,1.63,754.37,F,1,7.526364737382481
11506654,CANDIDATE,75.2116373,2.83,516.0,0.752,5818.0,1.5,16.78,G,0,4.821062444813975
5687700,CANDIDATE,6.36283414,1.12,956.0,0.936,5955.0,0.883,197.84,G,0,25.051729542646854
8806985,CANDIDATE,7.53737498,0.93,1210.0,1.0,6483.0,1.436,506.84,F,0,5.452826761180987
10491525,FALSE POSITIVE,1.09844642,1.73,2921.0,0.003,6403.0,2.391,3158.4199999999996,F,0,40.966950395268256
3859042,FALSE POSITIVE,25.94947,1.22,508.0,0.0,5348.0,0.748,15.74,G,0,9.183231873329206
6527078,CANDIDATE,7.57600886,0.54,778.0,0.521,5361.0,0.774,86.87,G,0,6.467785466660608
4946049,FALSE POSITIVE,1.8789138,1.9,3330.0,0.0,8046.0,2.747,3158.4199999999996,A,0,16.073116286654553
2857607,CONFIRMED,41.8681996,1.25,492.0,0.999,5852.0,0.837,13.89,G,1,3.5993905025713118
5559651,FALSE POSITIVE,0.514771509,0.57,2113.0,0.0,5730.0,0.87,3158.4199999999996,G,0,84.30925030079705
5962262,CONFIRMED,8.61742738,1.01,733.0,0.992,5009.0,0.84,68.28,K,1,17.975202246496913
5437348,FALSE POSITIVE,35.945188,1.5,789.0,0.0,6578.0,1.744,91.51,F,0,2.0197418358195813
8429668,FALSE POSITIVE,5.00749378,1.68,1499.0,0.0,5242.0,2.243,1192.26,G,0,11.303059471798287
7429240,CONFIRMED,154.608014,2.33,292.0,1.0,5462.0,0.946,1.72,G,1,4.087110258074979
10120548,CANDIDATE,8.8303681,1.32,676.0,0.851,5051.0,0.706,49.36,K,0,33.543335526409145
4474462,CANDIDATE,12.85755895,1.23,860.0,0.886,5860.0,1.156,129.15,G,0,8.28306527033267
7032001,FALSE POSITIVE,0.566810643,0.52,1976.0,0.0,5776.0,0.758,3158.4199999999996,G,0,80.4501477930082
4141593,CANDIDATE,33.502923,1.08,645.0,0.791,5999.0,1.177,40.79,G,0,2.1162332611993286
10003058,CANDIDATE,148.568877,5.97,555.0,0.898,5814.0,2.747,22.49,G,0,2.721969824137528
9031703,CANDIDATE,9.3335486,1.69,1082.0,0.949,5354.0,1.863,323.68,G,0,7.6283954850784195
6199864,FALSE POSITIVE,154.608014,1.92,178.0,0.0,4227.0,0.62,0.24,K,0,6.571457544238296
9577855,FALSE POSITIVE,2.21030572,1.06,1572.0,0.01,6355.0,1.09,1440.34,F,0,41.62320133705305
12204137,CANDIDATE,9.54060855,1.75,735.0,0.817,5271.0,0.831,69.25,G,0,48.42458398526371
4386607,FALSE POSITIVE,5.99321872,1.23,952.0,0.191,5853.0,0.868,194.41,G,0,33.904986534514464
5389956,CANDIDATE,1.80926734,0.89,1444.0,0.98,5897.0,0.891,1028.71,G,0,54.1655717943817
12108364,FALSE POSITIVE,0.70544189,1.04,1960.0,0.0,5838.0,0.897,3158.4199999999996,G,0,189.243085635303
8295671,FALSE POSITIVE,0.981399749,1.21,1820.0,0.0,6038.0,0.898,2602.14,F,0,161.30022466512779
10662202,CANDIDATE,5.04413987,1.18,862.0,0.915,4954.0,0.828,130.09,K,0,34.098975134089606
10407210,FALSE POSITIVE,0.933728755,0.72,2777.0,0.0,6652.0,1.863,3158.4199999999996,F,0,14.45816028231882
7457278,FALSE POSITIVE,12.607591424,1.61,809.0,0.0,6047.0,1.002,101.31,F,0,6.305724648457643
3934657,CANDIDATE,5.3694084,0.62,974.0,0.904,5753.0,0.869,212.68,G,0,7.449610277363145
7515336,CANDIDATE,5.65690281,0.74,1159.0,0.995,5687.0,1.32,425.7,G,0,5.692160724960378
8984755,FALSE POSITIVE,0.734573766,0.86,2061.0,0.0,5602.0,1.051,3158.4199999999996,G,0,93.11522295774445
7366895,FALSE POSITIVE,154.608014,1.5,279.0,0.0,5914.0,0.971,1.43,G,0,1.5167389705943704
10729472,FALSE POSITIVE,154.608014,1.62,246.0,0.0,5838.0,0.897,0.87,G,0,2.137664092884603
6200612,FALSE POSITIVE,154.608014,2.06,277.0,0.0,6360.0,0.999,1.39,F,0,2.707492251986369
9777200,FALSE POSITIVE,1.332580225,2.18,3111.0,0.0,6858.0,2.747,3158.4199999999996,F,0,34.74462484988474
3557560,CANDIDATE,7.4299322,1.81,1024.0,0.962,5635.0,1.252,259.7,G,0,22.194011406995074
12109267,CANDIDATE,79.334347,1.56,500.0,0.8,6384.0,1.15,14.73,F,0,2.07854487035735
8700895,CANDIDATE,5.68251605,1.03,1090.0,0.878,5753.0,1.157,333.82,G,0,14.289444901787826
5003670,CONFIRMED,7.99144696,1.53,901.0,1.0,5700.0,1.006,155.95,G,1,18.14439872100459
5200084,FALSE POSITIVE,2.9039446,1.17,2637.0,0.0,7846.0,2.747,3158.4199999999996,A,0,4.511105342712116
4144873,FALSE POSITIVE,68.538296,25.77,1031.0,0.348,4687.0,2.747,267.17,K,0,15.859746498512306
5003670,CANDIDATE,4.52628739,1.02,1089.0,0.607,5700.0,1.006,332.79,G,0,22.00478922749092
9171886,FALSE POSITIVE,154.608014,2.53,225.0,0.0,5680.0,0.757,0.61,G,0,7.1561620343949315
3337061,FALSE POSITIVE,6.5588346,0.7,973.0,0.0,5780.0,1.0,211.64,G,0,6.2816037471047075
5696918,FALSE POSITIVE,0.643007769,0.35,1070.0,0.0,3925.0,0.421,311.13,K,0,105.90851819085874
12265786,CANDIDATE,0.597018404,1.09,1578.0,0.996,4985.0,0.63,1473.77,K,0,411.04260497805365
8487838,FALSE POSITIVE,1.061937837,0.68,1757.0,0.0,5893.0,0.941,2252.16,G,0,48.96708469009942
10873178,CANDIDATE,4.82025124,0.78,1018.0,0.955,6035.0,0.777,254.2,F,0,19.52180401285473
11337012,CANDIDATE,12.4019263,1.49,713.0,1.0,5555.0,0.832,60.93,G,0,17.021549305610694
8359569,CANDIDATE,152.823896,2.45,395.0,0.882,6452.0,1.137,5.77,F,0,2.985135256596259
8937762,FALSE POSITIVE,15.07277287,1.73,635.0,0.978,5521.0,0.771,38.57,G,0,22.888953676643574
2720828,FALSE POSITIVE,1.71659304,1.17,1607.0,0.0,6192.0,0.987,1577.89,F,0,80.39179746412114
9837828,CANDIDATE,6.80899076,48.03,795.0,0.0,4992.0,0.854,94.48,K,0,175.06265495358082
4857058,CANDIDATE,77.915425,1.17,367.0,0.129,5135.0,0.874,4.28,K,0,2.2947959277639827
8652577,FALSE POSITIVE,154.608014,2.66,262.0,0.156,6056.0,0.918,1.11,F,0,4.308314832890875
8804937,FALSE POSITIVE,154.608014,2.11,317.0,0.0,5900.0,0.951,2.39,G,0,2.9429263608547487
9947389,CANDIDATE,154.608014,2.02,278.0,0.972,5497.0,1.08,1.41,G,0,2.2980697494762468
11912987,FALSE POSITIVE,3.74786694,0.89,1176.0,0.0,5957.0,0.971,451.72,G,0,21.585611574566734
3765917,CANDIDATE,30.5392931,2.72,669.0,0.924,5803.0,1.328,47.46,G,0,14.021280669394407
4136659,FALSE POSITIVE,0.913244995,0.77,1967.0,0.0,5923.0,1.049,3158.4199999999996,G,0,52.34082887035149
3438976,FALSE POSITIVE,2.97599368,0.79,1395.0,0.0,6202.0,1.055,894.1,F,0,18.481222043455414
7833305,CANDIDATE,8.31224474,10.63,801.0,0.996,5421.0,0.816,97.64,G,0,8.517554789899027
6610064,FALSE POSITIVE,0.584148495,0.87,2130.0,0.0,5427.0,1.031,3158.4199999999996,G,0,113.32734838253756
12647577,CANDIDATE,12.6362048,1.1,774.0,0.999,5772.0,0.992,85.06,G,0,9.813072988497305
5476671,FALSE POSITIVE,0.824180121,17.8,1912.0,0.0,5977.0,0.883,3155.32,G,0,252.49335029763475
7335972,FALSE POSITIVE,0.579770948,2.4,1953.0,0.0,5561.0,0.854,3158.4199999999996,G,0,807.0428530682431
4252671,CANDIDATE,23.266633,2.66,1156.0,0.95,5758.0,2.747,422.77,G,0,2.144702243766857
2694632,FALSE POSITIVE,0.92225589,1.29,2206.0,0.0,5631.0,1.485,3158.4199999999996,G,0,35.78182623479911
11153476,CANDIDATE,7.94004281,0.98,1010.0,0.999,6278.0,1.081,245.79,F,0,10.314805846745807
6144039,CANDIDATE,2.85855049,1.23,1212.0,0.961,5441.0,0.964,510.14,G,0,29.87528130034884
5428471,FALSE POSITIVE,0.75499096,1.39,1949.0,0.0,5743.0,0.946,3158.4199999999996,G,0,285.8312369726917
7283710,FALSE POSITIVE,154.608014,2.35,202.0,0.0,4957.0,0.763,0.39,K,0,6.131635582616047
5985713,CANDIDATE,8.95294046,0.86,1012.0,1.0,6047.0,1.207,247.66,F,0,4.9145864642553425
10794509,FALSE POSITIVE,1.428596987,1.62,2637.0,0.0,6745.0,2.144,3158.4199999999996,F,0,34.999373829702755
6839010,CANDIDATE,4.84350003,0.9,1121.0,0.987,5762.0,1.056,373.1,G,0,10.364405840625132
9775385,CANDIDATE,45.163025,2.35,886.0,0.0,7675.0,2.015,145.48,A,0,2.885103466829337
6197344,CANDIDATE,36.7614011,1.52,475.0,0.926,5305.0,0.823,12.0,G,0,4.3768734375034475
11357664,CANDIDATE,4.373570433,1.23,727.0,0.949,4362.0,0.64,66.12,K,0,83.68448744723806
2576224,FALSE POSITIVE,2.21701025,1.16,2371.0,0.0,7524.0,2.092,3158.4199999999996,A,0,13.261102423861143
3967501,FALSE POSITIVE,43.0759115,48.03,1032.0,0.0,4766.0,2.747,268.5,K,0,80.13759615974696
7272132,CANDIDATE,154.608014,2.29,371.0,0.985,6338.0,1.002,4.47,F,0,2.818741336396702
6437226,FALSE POSITIVE,154.608014,2.38,258.0,0.0,6014.0,0.993,1.05,F,0,3.505639752930272
2710623,FALSE POSITIVE,1.02087831,0.64,1903.0,0.0,5750.0,1.106,3115.14,G,0,32.71692587924608
2696703,FALSE POSITIVE,6.09406648,48.03,1417.0,0.0,6785.0,1.666,953.63,F,0,496.71266467706795
7699298,FALSE POSITIVE,1.1578141,1.24,2133.0,0.0,5412.0,1.629,3158.4199999999996,G,0,47.330568871116704
8430053,CANDIDATE,15.9513866,1.17,849.0,0.997,6451.0,1.168,123.03,F,0,6.218895102197574
7115661,FALSE POSITIVE,0.566800926,2.19,2200.0,0.0,5780.0,1.0,3158.4199999999996,G,0,466.65414233991567
2853889,FALSE POSITIVE,24.1876477,48.03,782.0,0.0,6437.0,1.31,88.31,F,0,8.053697590444068
12458605,CANDIDATE,7.7859111,0.68,939.0,0.964,6045.0,0.954,183.92,F,0,5.84388897016818
4845862,FALSE POSITIVE,2.44926655,0.76,1033.0,0.002,4840.0,0.749,269.06,K,0,44.176490304822075
10130057,FALSE POSITIVE,2.17812826,0.81,1206.0,0.0,5426.0,0.805,500.27,G,0,46.27826645984567
4953173,CANDIDATE,31.183688,3.21,876.0,0.0,5947.0,2.407,139.27,G,0,4.483113094256202
9838608,FALSE POSITIVE,1.33259494,0.89,1665.0,0.0,6063.0,0.918,1814.46,F,0,69.56352393173579
4247811,FALSE POSITIVE,2.05048377,0.66,1339.0,0.0,5568.0,0.854,761.65,G,0,29.505232318907844
6543645,FALSE POSITIVE,1.19550618,0.78,2152.0,0.0,6088.0,1.463,3158.4199999999996,F,0,22.500929271649603
5352640,CANDIDATE,2.94242323,1.42,1098.0,0.984,5436.0,0.819,344.64,G,0,99.67974593512164
8738244,FALSE POSITIVE,0.683082998,9.92,3749.0,0.0,8247.0,2.747,3158.4199999999996,A,0,209.78417032713205
4157052,FALSE POSITIVE,0.791771167,48.03,3419.0,0.0,6218.0,2.747,3158.4199999999996,F,0,643.115108534888
10006641,FALSE POSITIVE,0.894172544,0.68,1461.0,0.0,4982.0,0.736,1070.89,K,0,96.40197585847592
10815916,FALSE POSITIVE,1.68207624,1.01,1980.0,0.002,6495.0,1.311,3158.4199999999996,F,0,32.519334557629804
3547760,FALSE POSITIVE,9.8480917,0.88,711.0,0.981,5289.0,0.748,60.47,G,0,14.408882890479179
7281484,FALSE POSITIVE,0.566800593,0.48,2783.0,0.0,6476.0,1.353,3158.4199999999996,F,0,21.70075358407397
4848115,FALSE POSITIVE,0.969602551,0.69,1334.0,0.002,4856.0,0.66,750.09,K,0,114.47989682527145
4048898,CANDIDATE,13.0914878,0.79,892.0,0.967,5919.0,1.288,149.52,G,0,2.8644567044549363
5991765,FALSE POSITIVE,9.25801294,1.73,1229.0,0.0,6200.0,1.834,539.51,F,0,9.516080888087416
3962872,FALSE POSITIVE,25.9554044,1.46,656.0,0.0,6058.0,1.038,43.9,F,0,4.727339174110499
11912911,FALSE POSITIVE,3.74788208,0.94,979.0,0.0,5340.0,0.777,216.97,G,0,40.9297829348996
7045435,FALSE POSITIVE,0.93479255,24.75,2040.0,0.0,6018.0,1.053,3158.4199999999996,F,0,264.7646261194529
2972800,FALSE POSITIVE,154.608014,1.56,268.0,0.0,6028.0,0.938,1.22,F,0,1.7586410494866067
8573168,FALSE POSITIVE,0.89628253,0.76,1670.0,0.001,5561.0,0.818,1848.85,G,0,96.39817480320632
10801249,FALSE POSITIVE,1.67495622,0.77,1843.0,0.0,6323.0,1.263,2732.19,F,0,21.433396032285547
4587135,CANDIDATE,54.0812235,1.54,431.0,0.767,5757.0,0.762,8.19,G,0,7.601529207267288
3857860,FALSE POSITIVE,8.2344072,1.49,1263.0,0.0,6148.0,1.741,601.05,F,0,7.189345700562392
5024252,FALSE POSITIVE,2.15052332,1.17,1410.0,0.0,5780.0,1.0,934.17,G,0,53.707857490241025
7430876,FALSE POSITIVE,32.6122381,31.96,570.0,0.0,5780.0,1.0,24.92,G,0,40.51853159995174
4843592,FALSE POSITIVE,0.967073359,28.15,1867.0,0.0,5755.0,1.022,2870.56,G,0,799.8359098629662
9602775,FALSE POSITIVE,3.5564279,0.8,972.0,0.0,5404.0,0.694,211.41,G,0,36.94718512358988
8955709,FALSE POSITIVE,0.942997994,1.56,1283.0,0.0,4499.0,0.693,639.03,K,0,571.7933690535508
7031430,FALSE POSITIVE,0.566796775,0.61,931.0,0.0,3453.0,0.358,176.94,M,0,254.2357443723987
7133294,CONFIRMED,13.6471211,1.25,913.0,0.334,5771.0,1.382,164.06,G,1,5.495664576465142
4381429,CONFIRMED,16.473474,1.63,612.0,0.972,5364.0,0.754,33.22,G,1,28.561067325568366
11912916,FALSE POSITIVE,3.74788322,1.32,1031.0,0.0,5514.0,0.826,266.76,G,0,64.729871706088
12108293,FALSE POSITIVE,0.705455349,0.64,1693.0,0.0,5383.0,0.736,1936.09,G,0,106.17255947690037
5301093,FALSE POSITIVE,154.608014,2.03,188.0,0.0,5218.0,0.772,0.3,G,0,4.4693672864849034
5511659,CANDIDATE,8.5291223,2.08,911.0,0.967,5543.0,1.111,162.94,G,0,38.151639588987955
9640946,FALSE POSITIVE,1.08906057,0.75,1511.0,0.0,5087.0,0.881,1235.96,K,0,69.96856015088306
9776186,FALSE POSITIVE,1.48922187,2.5,1594.0,0.281,5780.0,1.0,1524.19,G,0,412.0272555492353
9752973,FALSE POSITIVE,0.716709761,1.42,2394.0,0.0,6109.0,1.173,3158.4199999999996,F,0,95.4361217357552
8044600,FALSE POSITIVE,4.1083812,1.62,1058.0,0.0,5730.0,0.87,295.63,G,0,85.8732388318786
10220837,CONFIRMED,1.962282625,0.81,1448.0,0.934,5726.0,0.979,1038.36,G,1,34.80640307865947
10991239,FALSE POSITIVE,0.523629052,46.33,3749.0,0.0,4136.0,2.747,3158.4199999999996,K,0,232.98936438690953
7583650,CANDIDATE,6.4546845,1.38,1244.0,0.999,6474.0,1.362,565.72,F,0,10.82934417631102
9345819,FALSE POSITIVE,1.04588635,1.1,1972.0,0.0,6249.0,1.076,3158.4199999999996,F,0,98.19422540508346
9180566,FALSE POSITIVE,51.31346091,2.39,878.0,0.0,5706.8232800782525,1.0,141.3,G,0,8.202526053314301
3867794,CANDIDATE,0.494247662,1.51,2257.0,0.815,5763.0,0.998,3158.4199999999996,G,0,455.0350305956531
5819801,CANDIDATE,11.8299383,1.6,1177.0,0.506,5747.0,2.431,453.44,G,0,3.4995955980598814
11092040,FALSE POSITIVE,154.608014,1.51,255.0,0.0,6047.0,0.988,1.0,F,0,1.5102710005705138
4851145,FALSE POSITIVE,1.23521458,0.93,1713.0,0.0,5999.0,0.959,2032.78,G,0,72.45704628907473
10292540,FALSE POSITIVE,1.085229874,1.37,1632.0,0.0,5713.0,0.851,1675.45,G,0,219.40052122081556
3732894,FALSE POSITIVE,1.540379557,0.81,1581.0,0.0,5812.0,0.914,1481.09,G,0,49.922760692675176
6276791,CANDIDATE,5.30179786,1.22,973.0,0.999,5749.0,0.864,211.8,G,0,37.1949299477819
6278762,CONFIRMED,3.60011712,0.5,938.0,1.0,5051.0,0.721,182.81,K,1,13.943990799943753
6276791,CONFIRMED,9.32867952,1.62,806.0,0.973,5749.0,0.864,99.6,G,1,37.990371438979395
8636600,CONFIRMED,6.38671206,1.19,811.0,1.0,5071.0,0.811,102.25,K,1,35.02584708664633
10220950,FALSE POSITIVE,154.608014,48.03,409.0,0.0,6521.0,1.276,6.61,F,0,5.814705051447074
10140122,CANDIDATE,0.849362238,0.85,1498.0,0.619,4973.0,0.788,1190.04,K,0,135.27797076375322
5033823,CANDIDATE,0.741768294,48.03,3380.0,1.0,5897.0,2.747,3158.4199999999996,G,0,81.29223166823574
10342316,FALSE POSITIVE,0.93376962,16.3,1937.0,0.0,6056.0,0.975,3158.4199999999996,F,0,134.72273814176992
5305399,FALSE POSITIVE,154.608014,3.5,259.0,0.0,5968.0,0.881,1.06,G,0,6.619320522414834
3223433,CANDIDATE,61.083322,1.61,465.0,1.0,5803.0,1.015,11.01,G,0,3.724420882020791
8803757,CANDIDATE,3.5944891,0.98,1178.0,0.995,5523.0,1.046,455.99,G,0,25.010508447500925
12021811,FALSE POSITIVE,0.739404894,0.94,1256.0,0.0,4205.0,0.624,589.06,K,0,333.78194004758643
9479306,CANDIDATE,4.8608059,1.21,925.0,1.0,5541.0,0.757,172.76,G,0,51.86382776567976
5437762,CANDIDATE,4.04481159,0.67,1325.0,0.965,6358.0,1.141,729.15,F,0,8.158600040008292
3962684,FALSE POSITIVE,25.949641315,2.06,753.0,0.0,5109.0,1.922,76.14,K,0,2.6127528768888495
4730442,FALSE POSITIVE,1.71051215,1.04,2004.0,0.0,5925.0,1.589,3158.4199999999996,G,0,24.670973544385525
9447166,CONFIRMED,62.869463,1.96,349.0,0.956,4762.0,0.781,3.51,K,1,5.4350710773527675
9643043,FALSE POSITIVE,84.8062818,36.51,388.0,0.0,5735.0,0.853,5.33,G,0,57.268163359096825
8151055,CONFIRMED,29.9632816,2.24,391.0,0.99,4463.0,0.638,5.55,K,1,29.80981896188567
7177555,FALSE POSITIVE,17.99643716,30.08,468.0,0.0,4438.0,0.666,11.31,K,0,269.8700835515823
3348082,CONFIRMED,11.63486009,2.61,961.0,0.971,5570.0,1.548,201.96,G,1,25.12277738958183
4996057,CANDIDATE,4.8302364,1.06,1453.0,0.794,5086.0,2.247,1052.42,K,0,4.658157103863488
8349399,CANDIDATE,56.446465,1.57,522.0,0.903,5995.0,1.117,17.5,G,0,2.620181795263884
6043562,CANDIDATE,31.4202111,1.45,471.0,0.961,5269.0,0.748,11.6,G,0,12.428306059344076
10615440,CONFIRMED,10.8118317,1.24,922.0,0.919,6025.0,1.196,170.74,F,1,7.103329216639581
4919550,CANDIDATE,5.56676609,1.12,859.0,1.0,5032.0,0.859,128.51,K,0,31.22099926422452
5802292,FALSE POSITIVE,1.208528832,1.25,1725.0,0.0,6072.0,0.923,2084.15,F,0,149.60338157658452
5126932,FALSE POSITIVE,154.608014,1.99,307.0,0.116,5780.0,1.0,2.1,G,0,2.5529077684161963
10034146,FALSE POSITIVE,0.93198504,17.72,1647.0,0.0,5470.0,0.777,1734.47,G,0,350.4348095544538
4175105,FALSE POSITIVE,0.60818508,48.03,2298.0,0.0,5981.0,1.043,3158.4199999999996,G,0,237.92099602311845
5645170,CANDIDATE,5.38613715,0.86,846.0,0.989,5516.0,0.656,121.37,G,0,31.43254530754012
8216763,CANDIDATE,13.2965044,0.88,488.0,0.965,4352.0,0.613,13.42,K,0,10.032712056260442
9110610,CANDIDATE,21.8420304,2.01,1016.0,0.753,6194.0,2.241,251.46,F,0,3.639771511351802
2437897,FALSE POSITIVE,1.65320144,0.74,1059.0,0.0,4544.0,0.661,296.8,K,0,79.90556795063038
9307966,FALSE POSITIVE,3.37487541,0.75,1287.0,0.072,6181.0,1.006,649.96,F,0,15.94132922376533
5556726,FALSE POSITIVE,0.962825082,5.18,3265.0,0.0,4898.0,2.747,3158.4199999999996,K,0,122.65987063265972
2554853,FALSE POSITIVE,154.608014,2.79,399.0,0.0,6908.0,1.614,6.01,F,0,1.8886472469661244
5208962,CANDIDATE,0.876850385,1.35,2543.0,0.969,6102.0,1.756,3158.4199999999996,F,0,67.51436848602171
7889486,FALSE POSITIVE,24.2382519,2.19,597.0,0.0,5763.0,0.904,29.92,G,0,19.205180386791838
7889486,FALSE POSITIVE,24.2416103,1.61,596.0,0.0,5763.0,0.904,29.92,G,0,13.340697915600101
4742188,CANDIDATE,154.608014,1.96,254.0,0.255,6031.0,0.992,0.98,F,0,2.5296230763303127
8301878,CANDIDATE,20.7106368,1.12,626.0,1.0,5631.0,0.901,36.18,G,0,6.88052237968849
8233802,FALSE POSITIVE,69.3788597,2.07,421.0,0.001,5806.0,0.874,7.4,G,0,7.6449800745283785
7510820,CONFIRMED,29.3493852,2.02,451.0,0.979,4987.0,0.722,9.81,K,1,22.46043641145846
10221505,CANDIDATE,3.43633133,1.44,945.0,0.957,5201.0,0.651,188.22,G,0,137.79230072089703
6116035,FALSE POSITIVE,154.608014,3.08,333.0,0.0,5691.0,2.079,2.89,G,0,1.4320085632818491
8958359,FALSE POSITIVE,154.608014,1.63,356.0,0.0,6036.0,1.265,3.81,F,0,1.0672150539363374
11658036,CANDIDATE,142.703888,1.95,440.0,0.919,6701.0,1.289,8.88,F,0,1.580195208136165
8397947,CANDIDATE,3.38080537,1.69,1362.0,0.866,6072.0,1.193,814.73,F,0,59.423710629044585
6665860,CANDIDATE,10.4716194,1.74,1035.0,0.981,5812.0,1.574,271.12,G,0,11.831980830013743
7983117,CONFIRMED,11.49500229,1.53,1105.0,1.0,6033.0,1.788,351.79,F,1,4.471508461091398
5480884,FALSE POSITIVE,0.708726708,0.92,1302.0,0.0,4607.0,0.515,684.35,K,0,442.48367736128836
12506417,FALSE POSITIVE,154.608014,1.18,341.0,0.0,6496.0,1.257,3.2,F,0,0.5471902640182675
10187563,FALSE POSITIVE,154.608014,2.5,271.0,0.0,6184.0,1.038,1.28,F,0,3.4590703687585043
5769810,CANDIDATE,6.78788113,2.44,1679.0,0.798,6537.0,2.747,1875.92,F,0,10.769192712719175
12071754,CANDIDATE,5.47455167,1.4,1155.0,1.0,5611.0,1.312,419.95,G,0,13.370957918093774
10384298,CANDIDATE,3.43861067,1.01,1348.0,1.0,5383.0,1.401,779.48,G,0,13.610147961298566
3109550,CANDIDATE,4.8754765,0.8,1180.0,0.867,5513.0,1.286,458.62,G,0,8.122283021977442
5544450,FALSE POSITIVE,4.29388808,1.68,1532.0,0.996,6615.0,1.574,1302.16,F,0,25.757541402895622
9307105,FALSE POSITIVE,13.5437884,32.21,658.0,0.0,5463.0,0.794,44.22,G,0,358.592430460594
6880517,CONFIRMED,65.6491001,2.52,390.0,0.97,5436.0,0.819,5.48,G,1,14.987257989847144
6615511,CONFIRMED,25.1593389,1.76,619.0,1.0,5973.0,0.935,34.7,G,1,14.233283371368712
6131130,CANDIDATE,10.5071781,1.41,737.0,0.964,5290.0,0.865,69.76,G,0,25.868030161209507
3632089,CONFIRMED,31.7787564,1.5,564.0,1.0,5638.0,0.928,23.96,G,1,8.244501348706018
4742452,CANDIDATE,5.4398033,1.0,1112.0,0.937,6108.0,1.08,361.47,F,0,15.717480078737404
9959494,FALSE POSITIVE,1.332568744,0.58,1941.0,0.0,6620.0,1.081,3158.4199999999996,F,0,18.0853709112661
8397947,CONFIRMED,9.0194714,1.07,789.0,0.0,5775.0,0.768,91.74,G,1,21.242930045767427
7906892,CANDIDATE,8.8493948,0.82,978.0,0.52,6095.0,1.11,216.18,F,0,4.949491009260881
4277304,CANDIDATE,51.567801,1.3,433.0,0.986,5285.0,0.876,8.3,G,0,4.074247804361485
8626325,CANDIDATE,16.4491515,2.75,1036.0,0.625,5334.0,2.747,272.9,G,0,4.310252720330286
3098605,CANDIDATE,0.428046051,0.87,2017.0,0.862,5285.0,0.775,3158.4199999999996,G,0,294.36085137484423
11456405,FALSE POSITIVE,0.814278961,0.76,1762.0,0.0,5537.0,0.886,2284.94,G,0,88.42178595843643
8320630,CANDIDATE,19.254536,1.32,625.0,0.0,5668.0,0.868,36.02,G,0,9.660061400596721
4544684,FALSE POSITIVE,2.1890751,0.87,1399.0,0.0,6077.0,0.891,906.2,F,0,43.30596058582001
9005321,CANDIDATE,154.608014,1.78,157.0,0.0,4228.0,0.623,0.14,K,0,5.090292408775136
8975368,FALSE POSITIVE,2.42649862,0.75,1638.0,0.0,6033.0,1.316,1705.27,F,0,12.033800373642908
9291039,FALSE POSITIVE,8.80854183,2.69,1000.0,0.0,6017.0,1.21,236.05,F,0,19.83302155698567
5168498,FALSE POSITIVE,154.608014,3.24,427.0,0.083,5127.0,2.38,7.82,K,0,1.2315014925422947
10489539,FALSE POSITIVE,19.7639874,1.19,900.0,0.0,6195.0,1.617,155.45,F,0,2.5956300700738146
9569711,CONFIRMED,6.05919881,1.21,976.0,0.996,5734.0,0.962,214.55,G,1,25.448909143814674
12314973,CONFIRMED,7.5143967,0.96,1199.0,0.984,6206.0,1.573,488.52,F,1,4.830727129431429
3348082,CONFIRMED,33.1981761,3.21,678.0,0.912,5570.0,1.548,49.9,G,1,10.142123440329604
3632089,CONFIRMED,5.32784157,0.86,1023.0,0.96,5638.0,0.928,259.32,G,1,16.366853040639494
5563300,CANDIDATE,71.05457555,5.91,390.0,0.988,5290.0,0.865,5.45,G,0,68.3024275697049
12253769,CANDIDATE,20.5512722,1.64,607.0,0.904,5401.0,0.918,32.01,G,0,9.303560292486418
12735830,CONFIRMED,31.827649,4.98,668.0,1.0,4774.0,1.954,47.21,K,1,16.33799593554648
8054719,CANDIDATE,7.5861587,1.07,928.0,0.969,5934.0,0.871,175.29,G,0,15.396461452882601
6592335,CONFIRMED,0.824000125,0.42,746.0,0.0,3396.0,0.28,73.09,M,1,222.208704155233
5651829,FALSE POSITIVE,0.772152075,4.44,2966.0,0.965,5951.0,2.08,3158.4199999999996,G,0,56.46556088060762
4762283,CANDIDATE,42.049523793,1.19,303.0,0.837,4281.0,0.48,2.0,K,0,14.456763006224516
9094763,FALSE POSITIVE,1.08469871,1.11,1757.0,0.0,5942.0,0.938,2247.25,G,0,114.31745871625495
3849187,CANDIDATE,6.60180003,1.25,875.0,1.0,5591.0,0.86,138.25,G,0,32.32451740892855
2976017,CANDIDATE,3.19938075,0.62,1026.0,0.994,5483.0,0.702,262.08,G,0,23.78585293419672
6786224,CANDIDATE,3.04185157,0.71,1184.0,0.999,5802.0,0.857,465.54,G,0,22.683552570581213
10338279,FALSE POSITIVE,5.660274452,11.02,950.0,0.0,5615.0,0.842,192.77,G,0,73.1589967079568
4851239,FALSE POSITIVE,1.23512429,0.38,1642.0,0.0,5798.0,0.941,1722.78,G,0,12.306453790168762
5009688,FALSE POSITIVE,1.381257093,1.1,1728.0,0.198,5861.0,1.131,2110.47,G,0,66.82318626109672
11072016,CANDIDATE,1.89873195,0.93,1524.0,0.919,5942.0,1.05,1279.95,G,0,41.080048186896526
3245969,CANDIDATE,11.39110963,1.9,632.0,0.0,4999.0,0.76,37.65,K,0,52.09325687088484
10057494,CONFIRMED,2.41810158,0.85,1602.0,0.993,6258.0,1.239,1555.96,F,1,19.35402564850067
7902003,CANDIDATE,7.13044117,1.18,1400.0,0.877,6312.0,2.074,908.79,F,0,4.473776480228642
6587796,CONFIRMED,33.4203001,2.46,581.0,0.999,5731.0,1.066,27.02,G,1,13.063916203433495
9489953,FALSE POSITIVE,58.3437362,48.03,779.0,0.0,5896.0,2.747,87.03,G,0,21.712699297444033
5305240,FALSE POSITIVE,1.070982122,0.98,2122.0,0.0,5717.0,1.433,3158.4199999999996,G,0,40.523552268970555
11905409,CANDIDATE,18.0939004,1.91,665.0,1.0,5904.0,0.867,46.21,G,0,25.826382906363296
9571186,CANDIDATE,34.9524256,21.74,429.0,1.0,4921.0,0.779,8.02,K,0,19.369185067373408
9838060,FALSE POSITIVE,23.81578356,8.4,560.0,0.0,5561.0,0.818,23.2,G,0,203.9277854438143
8554701,CONFIRMED,31.1748311,1.31,585.0,0.974,6086.0,0.921,27.62,F,1,6.421847141940089
5389632,FALSE POSITIVE,0.474811162,1.28,2206.0,0.005,5799.0,0.878,3158.4199999999996,G,0,432.1718114958721
9031209,CONFIRMED,47.0568476,2.84,411.0,0.996,5288.0,0.74,6.72,G,1,32.53936627918102
5951416,FALSE POSITIVE,154.608014,2.1,266.0,0.0,6225.0,0.931,1.19,F,0,3.2592100950213356
5612697,CANDIDATE,15.1516409,1.38,736.0,0.819,5780.0,1.0,69.25,G,0,12.638895104753967
8973285,CANDIDATE,7.4213444,1.73,953.0,0.0,6032.0,0.973,195.23,F,0,42.56641155206326
4645833,FALSE POSITIVE,0.743495989,11.82,1617.0,0.0,5345.0,0.686,1612.65,G,0,232.41551071770476
8940918,FALSE POSITIVE,1.405887031,0.95,1086.0,0.0,4440.0,0.653,329.99,K,0,153.63965612966808
3758922,CANDIDATE,17.7412303,1.14,684.0,0.625,5817.0,0.956,51.69,G,0,8.156142361784232
8360041,CANDIDATE,2.63527677,0.76,1136.0,0.984,5215.0,0.864,394.32,G,0,26.714461570577274
9827596,FALSE POSITIVE,1.45728997,0.93,1665.0,0.0,6063.0,1.012,1818.19,F,0,48.92643294594281
9782748,CANDIDATE,147.388124,3.03,356.0,0.924,6046.0,1.007,3.78,F,0,6.168746675953349
2860656,CANDIDATE,4.11497357,1.17,1137.0,0.798,6011.0,0.927,395.27,F,0,37.448600186270454
6206559,FALSE POSITIVE,1.245331397,1.61,2678.0,0.0,6106.0,2.477,3158.4199999999996,F,0,30.594265985570427
5024429,FALSE POSITIVE,1.52593737,1.39,1697.0,0.0,6184.0,1.038,1963.41,F,0,104.2637811537442
9532117,FALSE POSITIVE,8.21429932,1.66,1312.0,0.0,6277.0,1.869,701.11,F,0,8.60694226564902
6928906,FALSE POSITIVE,1.54945486,1.34,3006.0,0.0,7382.0,2.747,3158.4199999999996,F,0,14.069464405048883
9821151,FALSE POSITIVE,8.42943991,1.19,1029.0,0.0,6353.0,1.132,265.39,F,0,10.570097296061038
8073705,CONFIRMED,10.60052083,1.09,987.0,0.973,6035.0,1.303,224.28,F,1,5.745000738798605
8330548,FALSE POSITIVE,0.9570701,2.39,878.0,0.0,5706.8232800782525,1.0,141.3,G,0,439.7796984776768
4271474,CONFIRMED,21.8634638,2.37,551.0,1.0,5383.0,0.789,21.77,G,1,39.838152269358154
5130983,FALSE POSITIVE,86.4392931,35.31,442.0,0.0,6208.0,1.024,8.99,F,0,13.594511915322453
11497958,CONFIRMED,63.3354719,1.18,202.0,0.927,3526.0,0.383,0.39,M,1,15.52052855234193
11093538,FALSE POSITIVE,14.77820911,44.48,809.0,0.0,6258.0,1.046,101.07,F,0,328.63927989174323
11044779,FALSE POSITIVE,15.60862948,39.42,648.0,0.0,5569.0,0.829,41.71,G,0,311.15480101716145
6438379,FALSE POSITIVE,154.608014,1.67,250.0,0.0,6043.0,0.894,0.92,F,0,2.2469727862877793
9145415,FALSE POSITIVE,154.608014,2.21,215.0,0.0,5407.0,0.752,0.5,G,0,5.724153471113082
4545926,FALSE POSITIVE,2.4826619,0.8,1619.0,0.0,6356.0,1.225,1627.36,F,0,14.903358367081719
9396760,FALSE POSITIVE,2.17811908,0.8,1412.0,0.0,6039.0,0.921,938.51,F,0,33.974267375684526
5119619,FALSE POSITIVE,1.11205787,1.02,1799.0,0.0,6098.0,0.932,2484.64,F,0,106.73904947051003
9582496,FALSE POSITIVE,154.608014,2.05,260.0,0.0,5489.0,0.798,1.08,G,0,4.2106484855306405
7094944,CANDIDATE,7.5019743,1.19,709.0,0.82,4807.0,0.758,59.73,K,0,33.057964488094825
3343281,FALSE POSITIVE,21.8660922,1.88,730.0,0.273,6309.0,1.077,67.15,F,0,13.793045288631866
2573108,FALSE POSITIVE,5.09506,2.14,2247.0,0.0,6700.0,2.747,3158.4199999999996,F,0,4.631937602304978
6425597,CANDIDATE,29.1206519,1.6,528.0,0.977,5671.0,0.788,18.43,G,0,14.26822453792664
9885417,CONFIRMED,0.689967868,0.78,1539.0,1.0,4872.0,0.726,1336.82,K,1,178.12423693910338
3336476,FALSE POSITIVE,1.89132292,0.9,2799.0,0.0,8482.0,2.106,3158.4199999999996,A,0,8.459687042760525
10917433,CANDIDATE,6.91261536,0.64,981.0,0.961,5761.0,1.044,218.66,G,0,4.9764088132338955
5091479,CANDIDATE,25.8616058,1.12,613.0,0.622,6067.0,0.884,33.37,F,0,4.756085177046508
9083564,FALSE POSITIVE,0.918420801,1.14,2374.0,0.0,6210.0,1.434,3158.4199999999996,F,0,61.7364065995278
7335713,FALSE POSITIVE,0.573709256,7.05,3749.0,0.0,5261.0,2.747,3158.4199999999996,G,0,228.6872638498968
8331612,CONFIRMED,13.8353959,3.78,809.0,0.95,6020.0,1.057,101.05,F,1,59.12371470338626
8874090,CANDIDATE,18.9060921,0.87,336.0,0.955,3751.0,0.45,3.03,K,0,19.866612201682866
8331612,CANDIDATE,25.6970688,3.83,658.0,0.556,6020.0,1.057,44.24,F,0,32.493978457184966
5185765,FALSE POSITIVE,46.9434911,1.57,669.0,0.065,6253.0,1.55,47.27,F,0,2.145132320591299
5965819,CONFIRMED,19.5906103,2.64,819.0,0.987,5794.0,1.496,106.48,G,1,15.160324025229576
5965819,CONFIRMED,8.23983041,2.35,1093.0,0.994,5794.0,1.496,338.17,G,1,30.461791992148537
8328916,CANDIDATE,6.07855,1.14,1115.0,0.0,6119.0,1.114,365.15,F,0,16.895476717309226
11294883,FALSE POSITIVE,154.608014,1.97,284.0,0.0,5325.0,1.565,1.53,G,0,1.0161180907478702
3832474,FALSE POSITIVE,154.608014,3.77,217.0,0.0,5485.0,0.867,0.52,G,0,12.67075327673506
10155029,CANDIDATE,2.131660527,0.56,1438.0,0.333,5849.0,0.997,1010.45,G,0,15.105594719304008
11618569,CANDIDATE,5.75902182,0.91,1112.0,0.993,6247.0,1.066,362.12,F,0,12.293754427900396
11973517,CANDIDATE,0.903763067,1.08,1254.0,0.0,4430.0,0.651,585.15,K,0,295.98465545616284
5471566,FALSE POSITIVE,0.9628348,0.81,1648.0,0.0,5559.0,0.838,1734.83,G,0,96.38205847981398
7345248,CANDIDATE,5.66494448,0.78,1134.0,0.0,5888.0,1.13,390.59,G,0,8.120114885927356
5814013,FALSE POSITIVE,1.57017249,0.82,1232.0,0.001,5300.0,0.66,543.06,G,0,100.88063636881067
7117355,FALSE POSITIVE,0.566798364,0.66,2272.0,0.0,5864.0,1.04,3158.4199999999996,G,0,68.10181971520298
5653072,FALSE POSITIVE,3.22452656,24.48,3749.0,0.0,3857.0,2.747,3158.4199999999996,K,0,17.832075168269043
2707985,FALSE POSITIVE,1.89127438,2.03,3342.0,0.0,7919.0,2.747,3158.4199999999996,A,0,17.078431528269313
9899141,FALSE POSITIVE,1.33256944,0.46,1624.0,0.0,5655.0,0.998,1636.72,G,0,15.458856688173789
8183288,CONFIRMED,66.6504521,1.56,308.0,0.955,4550.0,0.679,2.14,K,1,8.055459236712364
11305996,FALSE POSITIVE,55.7002642,1.18,309.0,0.0,4267.0,0.67,2.14,K,0,5.973041686218788
5965819,CONFIRMED,3.54553077,1.62,1448.0,0.986,5794.0,1.496,1039.47,G,1,33.61979002088875
6690171,CANDIDATE,85.0624157,21.26,355.0,0.0,5223.0,0.875,3.74,G,0,57.09572153615665
6859801,FALSE POSITIVE,10.882416555,29.69,632.0,0.0,4946.0,0.715,37.81,K,0,446.28874252829036
7767733,FALSE POSITIVE,25.19830439,46.14,604.0,0.0,5955.0,0.883,31.54,G,0,192.73915914466812
5193659,CANDIDATE,14.3196417,2.06,850.0,0.988,5562.0,1.373,123.37,G,0,15.04925922832273
5201593,FALSE POSITIVE,0.50727675,1.7,2449.0,0.0,5970.0,1.143,3158.4199999999996,G,0,423.24037125691245
6220312,CANDIDATE,5.2736268,0.89,1014.0,0.777,5851.0,0.918,249.68,G,0,16.32652503965582
6358937,CANDIDATE,24.5041103,1.03,574.0,0.744,5250.0,0.962,25.59,G,0,4.876732863873862
9007609,FALSE POSITIVE,1.316398648,1.09,1374.0,0.0,5088.0,0.806,842.93,K,0,138.6358154327123
11038580,FALSE POSITIVE,154.608014,2.1,303.0,0.0,5248.0,1.869,2.0,G,0,0.8524784491442986
7771181,CANDIDATE,9.97202023,1.26,627.0,0.944,4810.0,0.696,36.53,K,0,33.06250813733056
9509223,FALSE POSITIVE,14.2005007,13.28,843.0,0.0,6332.0,1.065,119.41,F,0,5.675856204140746
6720773,FALSE POSITIVE,1.318347743,1.23,1861.0,0.0,6143.0,1.121,2827.4,F,0,85.86505389117202
8056651,FALSE POSITIVE,5.5834987,1.41,1317.0,0.0,6517.0,1.375,711.41,F,0,15.653267726201854
4665991,FALSE POSITIVE,1.12401084,0.61,1719.0,0.0,5941.0,0.911,2058.79,G,0,38.78966149472367
10191036,FALSE POSITIVE,1.21374652,0.59,1880.0,0.0,6238.0,1.049,2945.61,F,0,23.810572902816645
8280511,CONFIRMED,5.24970432,0.67,954.0,0.975,5528.0,0.853,195.3,G,1,11.791140267496056
10420301,FALSE POSITIVE,45.4333769,2.23,315.0,0.0,4371.0,0.559,2.34,K,0,19.93688477072018
4366323,CANDIDATE,40.3511707,1.88,479.0,0.736,5665.0,0.82,12.46,G,0,13.221425568205387
2853029,CANDIDATE,72.9332762,2.45,389.0,0.923,5316.0,0.902,5.44,G,0,10.563079572723213
12156174,CONFIRMED,56.6746666,4.01,522.0,0.502,5541.0,1.295,17.59,G,1,15.581917865221284
4634135,FALSE POSITIVE,63.9005941,25.91,353.0,0.0,5204.0,0.634,3.68,G,0,76.00398820079201
6955671,CANDIDATE,12.6878176,2.16,851.0,1.0,6258.0,1.046,123.89,F,0,23.093017982856246
5097856,CANDIDATE,154.608014,1.27,202.0,0.23,5700.0,0.718,0.39,G,0,1.8459586448086707
4736644,CONFIRMED,16.2951259,1.15,574.0,0.993,4915.0,0.812,25.59,K,1,12.144735868533548
5876805,FALSE POSITIVE,18.173045009,24.39,650.0,0.0,5799.0,0.86,42.19,G,0,267.2474534451861
5818068,FALSE POSITIVE,14.12678065,31.13,670.0,0.0,5656.0,0.784,47.56,G,0,343.7938282137905
10139390,FALSE POSITIVE,154.608014,0.99,219.0,0.0,5375.0,0.752,0.55,G,0,1.1008484980603916
8278073,CANDIDATE,12.0729757,1.69,969.0,0.994,5436.0,1.707,208.13,G,0,8.241547276534318
5273713,FALSE POSITIVE,1.337561836,1.11,2322.0,0.001,6406.0,1.715,3158.4199999999996,F,0,30.652788451718358
3526331,FALSE POSITIVE,2.23755641,0.93,1397.0,0.0,6026.0,0.924,897.8,F,0,45.18321841995483
10810859,CANDIDATE,82.401274,2.21,421.0,0.414,5886.0,1.0,7.42,G,0,5.226860934213225
7017274,CANDIDATE,11.91256675,2.61,1242.0,0.995,6337.0,2.335,562.27,F,0,10.333625202981548
6767227,CANDIDATE,4.08197713,0.6,1372.0,0.875,6538.0,1.156,836.88,F,0,6.4184583023374255
11496490,FALSE POSITIVE,1.035268597,1.34,2136.0,0.0,6332.0,1.205,3158.4199999999996,F,0,108.37767157734044
1430305,FALSE POSITIVE,154.608014,3.6,410.0,0.0,6570.0,2.27,6.69,F,0,1.5924142198734925
7117549,FALSE POSITIVE,0.566805268,0.65,2492.0,0.0,6403.0,1.086,3158.4199999999996,F,0,62.98459456096658
2986833,CANDIDATE,0.912179022,0.65,1025.0,0.988,3880.0,0.555,260.05,K,0,158.5215144314073
12055539,CONFIRMED,12.27057043,1.67,811.0,1.0,6075.0,0.969,102.25,F,1,24.082010016220575
12056139,CONFIRMED,13.2274753,1.94,867.0,0.966,6269.0,1.155,133.34,F,1,17.372929813749113
11853130,CANDIDATE,76.87935893,7.71,202.0,0.968,3638.0,0.436,0.4,M,0,63.173003360006035
4774646,FALSE POSITIVE,0.559517155,1.04,2762.0,0.0,6462.0,1.309,3158.4199999999996,F,0,103.4820817960443
9345933,CANDIDATE,13.0151826,1.36,556.0,0.865,4794.0,0.643,22.6,K,0,25.477936821262887
10030778,FALSE POSITIVE,29.47316279,48.03,565.0,0.0,5838.0,0.897,24.07,G,0,164.7838080563189
7870282,FALSE POSITIVE,0.580725004,0.85,1939.0,0.0,5471.0,0.841,3158.4199999999996,G,0,181.15286801048435
11153259,FALSE POSITIVE,1.94468659,48.03,3334.0,0.0,7894.0,2.747,3158.4199999999996,A,0,234.22797397908727
9021075,CONFIRMED,7.28116667,1.4,744.0,0.941,5008.0,0.788,72.16,K,1,45.844301487470275
5783938,FALSE POSITIVE,154.608014,2.18,248.0,0.0,6011.0,0.902,0.9,F,0,3.747541831822508
11338056,CANDIDATE,2.87998334,0.85,1024.0,0.973,4951.0,0.806,260.79,K,0,40.45162289029075
3445812,FALSE POSITIVE,0.605556082,0.86,2120.0,0.0,6123.0,0.846,3158.4199999999996,F,0,167.94480812431178
4473613,CONFIRMED,4.36125889,1.2,1000.0,0.995,5520.0,0.873,236.01,G,1,43.38196946616026
10676750,CANDIDATE,21.08678557,2.08,651.0,0.78,6084.0,0.863,42.44,F,0,23.692563209386304
8960918,FALSE POSITIVE,1.19087362,0.73,1489.0,0.001,5158.0,0.888,1165.78,K,0,56.68107754372794
4647662,FALSE POSITIVE,1.06484622,0.72,2034.0,0.0,6445.0,1.087,3158.4199999999996,F,0,39.817956061298695
9822284,FALSE POSITIVE,0.969824139,0.49,1839.0,1.0,5780.0,1.0,2709.67,G,0,23.81875132930673
8940700,FALSE POSITIVE,154.608014,1.6,386.0,0.0,6200.0,1.287,5.25,F,0,0.9934801956643722
9581589,CANDIDATE,5.19206571,0.99,1170.0,0.987,6322.0,1.075,442.55,F,0,12.827264468499957
11804437,CANDIDATE,154.608014,1.04,258.0,0.0,6031.0,1.068,1.04,F,0,0.6092827762472908
9850966,FALSE POSITIVE,8.480305,1.33,661.0,0.0,4895.0,0.696,45.21,K,0,35.87135132521767
8747009,FALSE POSITIVE,154.608014,1.41,242.0,0.0,5587.0,0.965,0.81,G,0,1.4029026981744945
8826007,CONFIRMED,54.5091549,1.94,308.0,0.99,4406.0,0.603,2.13,K,1,11.414596339669174
8280511,CANDIDATE,17.4532945,0.76,639.0,0.895,5528.0,0.853,39.42,G,0,4.543554799926169
8620402,CONFIRMED,14.1959621,1.66,818.0,1.0,6214.0,1.076,105.7,F,1,13.820831488413173
8379021,FALSE POSITIVE,11.52482874,22.56,756.0,1.0,5592.0,0.892,77.15,G,0,50.11788140463075
8104030,FALSE POSITIVE,46.84008579,48.03,552.0,0.0,6006.0,1.055,22.0,F,0,103.68682973328089
4813793,CANDIDATE,6.70242786,1.82,1367.0,0.867,5466.0,2.224,827.56,G,0,9.742738208300535
5282477,FALSE POSITIVE,0.992798625,29.26,1967.0,0.0,6055.0,1.098,3158.4199999999996,F,0,586.7252283916085
7266212,CANDIDATE,7.79534033,1.07,985.0,0.994,6156.0,1.05,222.52,F,0,13.09756799290378
6681546,FALSE POSITIVE,154.608014,1.84,329.0,0.0,6040.0,0.999,2.77,F,0,2.111145415786791
6421137,FALSE POSITIVE,118.4039,3.46,517.0,0.0,6486.0,1.64,16.83,F,0,3.5978544625641558
9893278,FALSE POSITIVE,154.608014,1.67,280.0,0.0,5503.0,0.742,1.46,G,0,3.294137133150161
9419020,CANDIDATE,2.40174996,0.65,621.0,0.17,3606.0,0.399,35.1,M,0,105.9227664148686
4548162,FALSE POSITIVE,10.0102876,0.69,522.0,0.0,4214.0,0.601,17.56,K,0,12.69693789816788
4270799,CANDIDATE,115.238544,3.17,372.0,0.854,5589.0,1.037,4.52,G,0,4.483742869920328
8811490,CANDIDATE,21.7434141,2.23,799.0,0.998,5767.0,1.497,96.15,G,0,7.119397132762146
7293937,FALSE POSITIVE,1.366964704,0.79,1640.0,0.0,5780.0,1.0,1705.64,G,0,43.67340270403939
8043721,FALSE POSITIVE,0.77957913,0.71,1819.0,0.216,5699.0,0.853,2585.39,G,0,90.30513682427595
7985733,FALSE POSITIVE,0.544561598,44.9,3749.0,0.0,3715.0,2.747,3158.4199999999996,K,0,64.63915217172548
8094120,CANDIDATE,5.6795377,1.16,1420.0,0.979,6514.0,1.585,961.1,F,0,9.155674765571149
6522824,FALSE POSITIVE,17.4453133,5.38,1066.0,0.0,4927.0,2.747,305.55,K,0,18.784414723007583
6802536,FALSE POSITIVE,2.9788702,2.39,878.0,0.0,5706.8232800782525,1.0,141.3,G,0,141.2951796288405
4750341,FALSE POSITIVE,1.97515457,0.92,1504.0,0.0,5571.0,1.145,1207.0,G,0,33.46573529179541
9935642,CANDIDATE,9.33955596,2.67,882.0,1.0,5516.0,1.101,143.02,G,0,26.243217670061476
6612327,FALSE POSITIVE,21.993112,23.21,523.0,0.0,5205.0,0.747,17.75,G,0,46.182641183294116
7285757,CONFIRMED,19.5489666,1.89,579.0,0.963,5549.0,0.732,26.62,G,1,26.79425520119309
7285757,CANDIDATE,7.41834569,1.12,800.0,1.0,5549.0,0.732,96.9,G,0,31.543420835110748
5211922,FALSE POSITIVE,27.6853358,3.11,461.0,0.0,5216.0,0.639,10.67,G,0,59.984824168179316
5280587,CONFIRMED,35.6225528,2.24,523.0,0.997,5799.0,0.878,17.67,G,1,18.277746787422828
8129005,FALSE POSITIVE,7.1403113,1.18,1036.0,0.0,6354.0,1.016,272.78,F,0,15.699595618471145
4840156,FALSE POSITIVE,2.69487041,0.97,1440.0,0.0,5823.0,1.187,1020.03,G,0,23.043779682155478
4138008,CONFIRMED,112.303136,1.3,241.0,0.993,4401.0,0.595,0.79,K,1,4.4709348098703146
4262040,CANDIDATE,92.461135,2.86,564.0,1.0,5132.0,2.648,23.91,K,0,1.3237994536839723
6468904,FALSE POSITIVE,49.5387264,20.52,436.0,0.998,5683.0,0.747,8.52,G,0,14.949920068998786
5709906,FALSE POSITIVE,3.39155966,0.49,1183.0,0.823,5896.0,0.914,462.47,G,0,8.37372856357184
4840672,CANDIDATE,9.2294726,0.82,601.0,0.413,4781.0,0.596,30.83,K,0,21.593866587783143
9777556,FALSE POSITIVE,1.33254897,32.84,3749.0,0.0,4894.0,2.747,3158.4199999999996,K,0,444.03621429387323
7287677,CANDIDATE,18.3721835,1.12,657.0,0.848,5937.0,0.83,43.96,G,0,8.30059203360341
10753922,FALSE POSITIVE,18.2260472,1.85,648.0,0.0,5440.0,0.98,41.67,G,0,19.81230466691648
5980061,FALSE POSITIVE,0.630539713,21.07,1936.0,0.0,5458.0,0.894,3158.4199999999996,G,0,379.99192605969927
7692248,CANDIDATE,17.99562529,28.98,701.0,0.0,5999.0,0.959,57.21,G,0,59.347757179267205
4059887,FALSE POSITIVE,1.018347376,1.92,2832.0,0.0,5858.0,2.638,3158.4199999999996,G,0,46.93879625610191
8288741,FALSE POSITIVE,0.659299289,30.54,1979.0,0.0,5791.0,0.852,3158.4199999999996,G,0,1696.4981134690713
6852354,FALSE POSITIVE,101.97435125,2.39,878.0,0.0,5706.8232800782525,1.0,141.3,G,0,4.127508484639661
6691169,CANDIDATE,63.095068,11.67,573.0,0.999,6622.0,1.325,25.4,F,0,7.873832547418762
5816811,FALSE POSITIVE,4.45540935,2.39,878.0,0.0,5706.8232800782525,1.0,141.3,G,0,94.46943410485952
5303346,FALSE POSITIVE,37.32483952,30.32,461.0,0.0,5306.0,0.79,10.67,G,0,130.1197824949148
3858879,FALSE POSITIVE,25.951984,36.8,626.0,0.0,5889.0,1.046,36.39,G,0,90.17422328867033
8280511,CANDIDATE,21.7203362,0.8,594.0,0.795,5528.0,0.853,29.45,G,0,4.042294704443847
3120904,CONFIRMED,42.9136635,3.19,810.0,0.994,6049.0,2.483,101.56,F,1,3.742397802974803
3342467,FALSE POSITIVE,88.1804682,2.78,359.0,0.0,5497.0,0.839,3.94,G,0,12.91215643602128
11757451,CONFIRMED,154.608014,2.32,233.0,0.877,4721.0,0.701,0.7,K,1,5.8302281795043305
2711597,FALSE POSITIVE,0.98041685,0.75,1388.0,0.0,4861.0,0.722,880.5,K,0,107.81128455717587
8047428,CONFIRMED,92.263742,2.22,469.0,0.98,6084.0,1.283,11.42,F,1,3.2179488232766453
11513486,CONFIRMED,6.64754478,1.72,999.0,0.996,6046.0,1.007,235.89,F,1,43.51982718046467
4851283,FALSE POSITIVE,1.23517588,1.59,1697.0,0.0,5780.0,1.0,1955.7,G,0,188.556143113805
6520519,CANDIDATE,1.97650073,0.97,1394.0,0.825,5792.0,0.923,892.9,G,0,56.918774828886605
9459162,CANDIDATE,3.79892774,1.46,1869.0,0.998,6831.0,2.106,2888.6,F,0,12.371912080644103
5024138,FALSE POSITIVE,0.416995408,0.84,2433.0,0.0,6150.0,0.781,3158.4199999999996,F,0,270.02695434957883
9969287,CANDIDATE,14.7401061,1.48,750.0,0.987,5999.0,0.959,74.65,G,0,16.14642380355729
9086001,FALSE POSITIVE,154.608014,1.33,338.0,0.0,6348.0,1.18,3.1,F,0,0.815611020008316
4927734,FALSE POSITIVE,3.0001191,0.73,2566.0,0.0,8431.0,2.485,3158.4199999999996,A,0,2.566564774045137
11189311,CONFIRMED,81.4160138,4.63,522.0,0.899,6352.0,1.401,17.53,F,1,9.363022879904248
10747501,CANDIDATE,4.7309013,1.39,1065.0,0.983,5941.0,0.911,303.67,G,0,48.29946462844194
10586744,CANDIDATE,21.3761817,1.08,717.0,0.526,5984.0,1.052,62.37,G,0,4.865228105728536
11970050,CANDIDATE,6.58753699,1.51,992.0,1.0,6014.0,0.993,228.36,F,0,35.233198743677946
10031918,FALSE POSITIVE,8.5900471,0.8,677.0,0.0,4914.0,0.707,49.76,K,0,15.948690199847682
5276332,FALSE POSITIVE,154.608014,1.7,306.0,0.265,6131.0,1.312,2.08,F,0,0.98636542863813
3544640,CONFIRMED,30.8278245,2.42,585.0,1.0,5982.0,0.96,27.66,G,1,20.802635619000622
10653179,CONFIRMED,47.1607932,2.58,503.0,1.0,5936.0,0.965,15.07,G,1,15.334771765458772
12066569,CONFIRMED,49.2768448,1.75,271.0,0.996,3899.0,0.529,1.28,K,1,22.990514197857085
6497146,CONFIRMED,35.2330694,0.97,288.0,1.0,3749.0,0.524,1.62,K,1,10.01332004301618
8625813,FALSE POSITIVE,45.3965379,1.97,326.0,0.0,4266.0,0.643,2.66,K,0,22.063356509836403
4651399,FALSE POSITIVE,154.608014,39.59,595.0,0.103,4893.0,2.747,29.54,K,0,13.757372240742967
5308296,CANDIDATE,36.721576,1.93,498.0,0.977,5662.0,0.84,14.51,G,0,14.656233708487894
9953575,FALSE POSITIVE,154.608014,3.54,315.0,0.0,5288.0,1.719,2.32,G,0,2.8452600134945136
7887890,FALSE POSITIVE,154.608014,2.82,268.0,0.0,6117.0,1.025,1.21,F,0,4.735847651467796
3122872,CANDIDATE,96.81647,3.19,655.0,0.999,6404.0,2.467,43.39,F,0,1.7011568382941455
4544628,FALSE POSITIVE,0.729724346,0.51,2151.0,0.0,6084.0,1.03,3158.4199999999996,F,0,31.51875105452491
9702945,CANDIDATE,3.51413723,0.69,1267.0,0.0,6201.0,0.989,609.04,F,0,9.305271211619702
11401253,CANDIDATE,4.96504981,1.51,1403.0,0.878,5339.0,2.011,917.99,G,0,10.211377919691001
7052511,FALSE POSITIVE,0.821472455,0.92,1559.0,0.0,4889.0,0.836,1395.92,K,0,154.7221689861774
4764774,FALSE POSITIVE,1.29019586,0.78,1530.0,0.001,5693.0,0.842,1293.44,G,0,67.04408429895287
10549902,CANDIDATE,1.141148847,1.67,2248.0,0.971,5438.0,1.989,3158.4199999999996,G,0,64.0582516401561
12416597,CANDIDATE,12.460565,1.1,726.0,0.921,5435.0,0.933,65.72,G,0,11.548432996417096
11135694,CANDIDATE,19.5945772,1.18,724.0,0.933,6118.0,1.023,64.98,F,0,6.598764478572164
9910828,FALSE POSITIVE,8.48032079,0.95,759.0,0.0,5415.0,0.728,78.45,G,0,20.12895552268371
10065053,CANDIDATE,154.608014,2.72,264.0,0.0,6167.0,1.064,1.15,F,0,4.1854234024376
11867608,FALSE POSITIVE,154.608014,1.79,394.0,0.0,6240.0,1.549,5.7,F,0,0.8473040731252133
8016691,CONFIRMED,18.1373788,1.41,433.0,0.945,4257.0,0.602,8.31,K,1,17.135882942467962
6584273,CONFIRMED,51.1104797,1.6,478.0,0.949,5968.0,0.881,12.38,G,1,6.456601502020338
5768816,CONFIRMED,47.9869119,3.35,493.0,0.834,5641.0,0.981,14.01,G,1,17.906966003369764
3644071,FALSE POSITIVE,154.608014,7.76,260.0,0.0,5609.0,1.048,1.08,G,0,31.4129900148643
5360974,FALSE POSITIVE,29.8042694,24.73,505.0,0.0,5223.0,0.827,15.34,G,0,35.11241916233652
10291589,CANDIDATE,7.08757462,1.28,955.0,0.964,6060.0,0.925,197.02,F,0,26.384201934511697
10118266,CANDIDATE,3.74318005,1.75,999.0,0.999,5207.0,0.851,235.28,G,0,63.44872456776425
5695615,CANDIDATE,5.4169303,8.17,1173.0,0.978,6355.0,1.108,447.24,F,0,20.214400764949847
4670267,FALSE POSITIVE,1.003049079,42.5,1714.0,0.0,5775.0,0.844,2049.63,G,0,4841.936552937107
7435780,FALSE POSITIVE,0.933157032,7.29,2202.0,0.0,6499.0,1.169,3158.4199999999996,F,0,94.08920148393631
8938937,FALSE POSITIVE,37.1083458,1.71,492.0,0.406,5591.0,0.86,13.84,G,0,9.876484443022518
5651846,CANDIDATE,31.1920226,1.65,521.0,0.989,5675.0,0.777,17.43,G,0,14.356234789340014
10556180,FALSE POSITIVE,1.02104719,13.68,2129.0,0.0,6444.0,1.2,3158.4199999999996,F,0,241.02705772100504
12401132,CANDIDATE,7.630545,2.26,1087.0,0.99,6407.0,1.179,330.02,F,0,47.82096167442823
12401132,FALSE POSITIVE,12.083457,2.09,932.0,0.0,6422.0,1.175,178.53,F,0,25.8618042833272
8308070,FALSE POSITIVE,154.608014,1.01,256.0,0.0,6170.0,0.939,1.02,F,0,0.7438165527435079
6424561,CANDIDATE,6.6716723,1.27,1024.0,0.942,6086.0,1.021,259.72,F,0,23.142623476875507
6956136,FALSE POSITIVE,53.912783631,4.25,697.0,0.0,6085.0,2.02,55.85,F,0,4.019454856628788
10661917,FALSE POSITIVE,1.23142395,0.77,2317.0,0.0,6011.0,1.73,3158.4199999999996,F,0,15.916533051026011
10000162,CANDIDATE,154.608014,1.78,197.0,0.0,4955.0,0.799,0.35,K,0,3.437726067679778
7799701,FALSE POSITIVE,154.608014,6.54,340.0,0.0,6384.0,1.615,3.15,F,0,6.6290224774506195
6233483,FALSE POSITIVE,15.8733803,8.15,830.0,0.0,6161.0,1.054,111.99,F,0,257.9223783859069
5392871,FALSE POSITIVE,42.3991752,3.23,580.0,0.0,6133.0,1.121,26.75,F,0,11.415316399834117
3858851,FALSE POSITIVE,25.95198823,39.94,680.0,0.0,6363.0,1.035,50.51,F,0,187.14173099021937
3858917,FALSE POSITIVE,25.9522401,42.91,572.0,0.0,5659.0,0.904,25.35,G,0,111.62427554760485
4466356,FALSE POSITIVE,14.12809896,1.6,781.0,0.0,6072.0,0.988,87.8,F,0,18.62246298988268
7949593,CANDIDATE,17.7662938,1.54,670.0,0.929,5724.0,0.946,47.74,G,0,10.193459707392659
9474232,FALSE POSITIVE,13.6917833,1.12,770.0,0.0,5906.0,0.931,83.37,G,0,10.619507832847457
3859151,FALSE POSITIVE,25.95633,9.75,618.0,0.0,6139.0,0.881,34.42,F,0,6.094852392460721
7098255,CANDIDATE,11.56722589,1.29,568.0,0.976,4597.0,0.691,24.64,K,0,32.306795384973675
11456279,FALSE POSITIVE,0.572937573,1.57,3271.0,0.0,7338.0,1.593,3158.4199999999996,F,0,141.02758102757556
4670361,CANDIDATE,154.608014,3.13,237.0,0.381,6382.0,1.059,0.75,F,0,5.103228348822849
5398002,FALSE POSITIVE,14.15849823,48.03,1910.0,0.0,8753.0,2.747,3145.0,A,0,24.529437681753343
6680911,FALSE POSITIVE,154.608014,1.57,316.0,0.0,5731.0,1.033,2.37,G,0,1.4824587294679303
10356124,FALSE POSITIVE,12.3748247,48.03,1253.0,0.0,5165.0,2.747,583.24,K,0,31.588326257260032
10584140,CANDIDATE,4.31724247,1.01,1332.0,1.0,5992.0,1.31,743.6,G,0,13.66613073274988
8233326,CANDIDATE,3.74099144,1.85,1733.0,0.864,5110.0,2.747,2129.07,K,0,9.168692457633636
4940203,CANDIDATE,154.608014,1.31,246.0,0.987,5734.0,0.797,0.87,G,0,1.7521730794627501
6286161,FALSE POSITIVE,14.541781166,48.03,834.0,0.0,5997.0,1.148,114.56,G,0,333.9824705487526
5385471,FALSE POSITIVE,12.4261177,3.8,724.0,0.0,5713.0,0.851,64.95,G,0,99.01724977222773
6368175,CONFIRMED,21.1876185,0.79,676.0,0.846,6355.0,0.849,49.23,F,1,3.384051869727596
5471158,FALSE POSITIVE,12.42560404,2.52,733.0,0.0,5713.0,0.893,68.44,G,0,36.931806173987816
4847843,FALSE POSITIVE,30.9604688,48.03,1064.0,0.0,5367.0,2.747,303.13,G,0,14.886725487825945
5120225,FALSE POSITIVE,1.041619932,30.94,1858.0,0.0,5838.0,0.991,2828.16,G,0,1766.959275122627
9656543,FALSE POSITIVE,2.544594443,48.03,1608.0,0.0,5503.0,1.616,1582.68,G,0,1908.634208237167
10751515,FALSE POSITIVE,56.40651043,21.93,358.0,0.0,5011.0,0.647,3.87,K,0,86.10176312940195
3348093,FALSE POSITIVE,7.964400574,48.03,633.0,0.0,4478.0,0.715,38.09,K,0,609.80107101278
6182846,FALSE POSITIVE,6.399101307,48.03,1042.0,0.0,6233.0,0.988,279.38,F,0,758.9659495915838
4939346,CONFIRMED,34.9168399,2.39,602.0,0.989,6194.0,1.069,31.13,F,1,14.319738024173258
6442602,FALSE POSITIVE,0.56678228,0.88,1661.0,0.113,4796.0,0.749,1814.33,K,0,259.00598021518954
9851126,FALSE POSITIVE,8.480303653,22.25,762.0,0.0,5385.0,0.787,79.65,G,0,572.7035491567439
6268648,CANDIDATE,94.094392,0.9,486.0,1.0,6099.0,1.308,13.14,F,0,0.4952473681959707
11455428,CONFIRMED,22.1270885,3.94,721.0,0.901,5312.0,1.445,63.98,G,1,18.89991084909341
10484409,FALSE POSITIVE,10.6784787,1.12,712.0,0.001,5459.0,0.797,60.7,G,0,18.822905925728914
10935993,CANDIDATE,25.3736543,1.88,653.0,0.999,6195.0,0.966,42.92,F,0,14.696345886607276
5257082,CANDIDATE,10.08535311,1.45,843.0,0.955,5947.0,0.945,119.67,G,0,22.061696558684
5796185,FALSE POSITIVE,42.559265547,48.03,487.0,0.0,5764.0,0.863,13.28,G,0,114.116161018722
8628665,CANDIDATE,10.2856373,1.24,864.0,1.0,5841.0,1.06,131.91,G,0,13.115375942723551
3945802,FALSE POSITIVE,24.2157996,1.58,596.0,0.018,5659.0,0.885,29.84,G,0,13.305362834271225
6265665,CONFIRMED,44.2018402,1.14,409.0,0.969,5002.0,0.753,6.59,K,1,5.330094831662687
5881307,CANDIDATE,154.608014,2.27,263.0,0.708,6217.0,0.989,1.14,F,0,3.1188551455036477
4645174,CONFIRMED,15.0330623,2.18,928.0,0.995,5849.0,1.601,175.74,G,1,8.793950118865668
4645174,CANDIDATE,34.7496038,3.51,702.0,0.997,5849.0,1.601,57.44,G,0,6.5353263106844395
8719419,FALSE POSITIVE,12.62530918,48.03,1214.0,0.0,6878.0,1.844,514.08,F,0,384.6796882957602
9028474,FALSE POSITIVE,124.93576738,48.03,362.0,0.0,5887.0,0.941,4.06,G,0,38.873575612883066
4349442,FALSE POSITIVE,12.720298433,1.37,589.0,0.0,4914.0,0.724,28.37,K,0,22.29507440362111
6124137,CANDIDATE,154.608014,2.83,449.0,0.991,6004.0,2.193,9.59,F,0,1.0044757447049286
3644542,FALSE POSITIVE,119.67980316,48.03,847.0,0.0,8275.0,2.747,121.45,A,0,40.580781984635074
6182849,FALSE POSITIVE,6.399107136,48.03,1031.0,0.0,6133.0,0.935,266.9,F,0,758.9652582431776
9851142,FALSE POSITIVE,8.480304281,48.03,1504.0,0.0,7059.0,2.21,1210.22,F,0,572.7035067457858
3442054,FALSE POSITIVE,117.6813778,45.43,575.0,0.0,6429.0,2.079,25.76,F,0,41.26991110058196
4079530,FALSE POSITIVE,17.72722648,35.18,692.0,0.0,6021.0,0.895,54.32,F,0,273.96840704209245
6445531,FALSE POSITIVE,1.71024931,1.2,1766.0,0.0,6418.0,1.171,2298.2,F,0,57.65241326131568
10677186,FALSE POSITIVE,100.40132734,26.0,420.0,0.0,5903.0,1.1,7.37,G,0,48.37286646174732
9025914,FALSE POSITIVE,11.320287875,48.03,928.0,0.0,6153.0,1.127,175.69,F,0,429.0261920569754
9366988,FALSE POSITIVE,1.219034103,40.46,1977.0,0.003,5914.0,1.271,3158.4199999999996,G,0,3984.055891502815
11657614,CANDIDATE,24.352541,1.52,498.0,0.903,4891.0,0.805,14.52,K,0,14.335259716840229
11657614,CONFIRMED,5.94228603,1.23,797.0,0.996,4891.0,0.805,95.34,K,1,42.07135077945752
5687986,CANDIDATE,154.608014,4.05,400.0,0.318,5993.0,2.59,6.04,G,0,1.4591740373820468
11125797,CANDIDATE,58.1263775,1.32,404.0,0.998,5413.0,0.82,6.28,G,0,4.670857047645882
9785921,CONFIRMED,26.7575866,2.28,660.0,0.994,6215.0,1.052,44.86,F,1,17.015734894416823
3102000,FALSE POSITIVE,57.0599992,22.31,455.0,0.0,5931.0,0.863,10.11,G,0,85.11566891154109
6599975,CONFIRMED,14.5565618,1.08,787.0,0.974,6065.0,1.061,90.4,F,1,7.130804748137709
8266276,FALSE POSITIVE,0.837898153,1.26,1478.0,0.022,4748.0,0.797,1128.57,K,0,320.92205841155493
5887316,FALSE POSITIVE,0.603086711,36.0,2459.0,0.362,6353.0,1.134,3158.4199999999996,F,0,2060.7318604969228
4282191,CONFIRMED,41.7084063,2.19,608.0,0.998,6434.0,1.138,32.24,F,1,7.912074070305582
3559860,CONFIRMED,33.0257179,2.21,564.0,0.179,5819.0,0.99,23.95,G,1,15.354700283441835
10651945,FALSE POSITIVE,25.366990665,48.03,665.0,0.0,6208.0,1.024,46.09,F,0,191.45747574626625
7117003,FALSE POSITIVE,154.608014,48.03,220.0,0.0,5662.0,0.806,0.56,G,0,31.4129900148643
3240159,FALSE POSITIVE,82.137609997,48.03,640.0,0.0,6395.0,2.012,39.55,F,0,59.12882052664287
6147851,FALSE POSITIVE,3.06026014,0.83,1284.0,0.001,5878.0,1.01,642.06,G,0,19.573499395381464
9658118,FALSE POSITIVE,24.0612744,48.03,749.0,0.0,6461.0,1.138,74.37,F,0,201.84716400557735
7132542,FALSE POSITIVE,66.36099916,48.03,420.0,0.0,5583.0,0.857,7.33,G,0,73.18605900267158
8589754,FALSE POSITIVE,8.939461148,48.03,1407.0,0.0,6461.0,2.225,926.24,F,0,543.2877798329686
3757590,FALSE POSITIVE,135.58607679,48.03,429.0,0.695,6401.0,1.301,7.99,F,0,35.82004963180851
2437149,FALSE POSITIVE,18.79862195,48.03,575.0,0.0,5334.0,0.796,25.91,G,0,258.3540438718169
9715925,FALSE POSITIVE,6.30828538,29.34,803.0,0.0,5069.0,0.78,98.21,K,0,769.8922460606879
9529733,FALSE POSITIVE,4.80912667,44.3,1270.0,0.0,6462.0,1.166,615.74,F,0,1009.8923012980233
9613070,FALSE POSITIVE,2.33211505,48.03,1594.0,0.0,6384.0,1.094,1530.05,F,0,2082.530190781111
9967771,CONFIRMED,0.53835407,1.67,2386.0,1.0,5539.0,1.207,3158.4199999999996,G,1,353.29908437396966
10845188,FALSE POSITIVE,154.608014,48.03,308.0,0.0,5940.0,1.02,2.14,G,0,31.4129900148643
6543893,CANDIDATE,3.80675878,2.75,1574.0,0.986,6068.0,1.797,1449.04,F,0,60.91796549294358
5709103,FALSE POSITIVE,0.664727127,0.46,2343.0,0.0,6143.0,1.116,3158.4199999999996,F,0,24.370902498161474
6705026,CONFIRMED,9.5084871,1.65,1131.0,0.969,6144.0,1.668,386.61,F,1,10.296064870298872
6705026,CANDIDATE,34.1086562,1.95,739.0,0.949,6144.0,1.668,70.4,F,0,3.9227578833785897
6779726,CONFIRMED,47.0563327,2.57,497.0,0.999,5889.0,0.924,14.43,G,1,16.19335711641634
3098843,FALSE POSITIVE,154.608014,2.39,878.0,0.0,5706.8232800782525,1.0,141.3,G,0,2.7223685830412387
5553959,CANDIDATE,10.0100312,0.99,506.0,1.0,4338.0,0.508,15.56,K,0,37.542340527370186
7288306,CONFIRMED,96.169569,2.07,321.0,0.985,5340.0,0.702,2.52,G,1,9.301279077168372
5887393,FALSE POSITIVE,1.55090374,1.11,3190.0,0.048,7612.0,2.747,3158.4199999999996,A,0,7.286074376221441
5384713,CANDIDATE,12.67143692,0.76,404.0,1.0,3705.0,0.529,6.31,K,0,17.030428463830447
5384713,CANDIDATE,60.32668824,4.98,240.0,0.0,3705.0,0.529,0.79,K,0,52.16099361333016
5384713,CANDIDATE,2.63595435,0.5,682.0,0.977,3705.0,0.529,51.07,K,0,35.54689784365954
11860395,CONFIRMED,82.303914,4.47,485.0,0.861,5602.0,1.425,13.05,G,1,8.954616666225618
5456023,FALSE POSITIVE,131.97827736,48.03,457.0,0.0,4916.0,2.182,10.32,K,0,36.79923770146109
6187888,FALSE POSITIVE,0.789171236,0.69,1527.0,0.0,4776.0,0.811,1291.41,K,0,93.00896516709841
9529744,CONFIRMED,17.9346606,2.8,1002.0,0.971,6426.0,1.775,238.78,F,1,7.956660189041993
12021387,FALSE POSITIVE,154.608014,48.03,699.0,0.99,9414.0,2.747,56.58,A,0,31.4129900148643
8044608,FALSE POSITIVE,106.17593813,48.03,441.0,0.0,6038.0,1.141,8.94,F,0,45.74200224210441
8760135,FALSE POSITIVE,154.608014,48.03,320.0,0.0,5713.0,1.023,2.49,G,0,31.4129900148643
4073707,FALSE POSITIVE,6.282033445,48.03,1029.0,0.0,6074.0,0.976,264.78,F,0,773.1095420807649
5730394,FALSE POSITIVE,5.519188936,43.06,932.0,0.0,5324.0,0.897,178.7,G,0,879.9662516209972
6451368,CANDIDATE,5.3360574,1.52,1667.0,0.993,6742.0,2.032,1823.9,F,0,10.251014166376848
6956216,FALSE POSITIVE,4.818863794,48.03,1595.0,0.0,6313.0,1.935,1529.01,F,0,1007.8516861271551
6137704,FALSE POSITIVE,154.608014,34.07,256.0,0.0,5126.0,0.696,1.02,K,0,31.4129900148643
10275074,FALSE POSITIVE,2.181555909,48.03,1730.0,0.0,6584.0,1.246,2119.28,F,0,2226.2551145096504
9110346,FALSE POSITIVE,0.895276162,48.03,2731.0,0.0,5242.0,2.55,3158.4199999999996,G,0,5424.80656376507
10259301,FALSE POSITIVE,154.608014,38.3,307.0,0.0,6105.0,0.993,2.09,F,0,31.4129900148643
2995392,CONFIRMED,30.4544418,2.6,624.0,0.99,6283.0,0.984,35.92,F,1,15.501843806574055
3120308,FALSE POSITIVE,10.26558924,1.65,828.0,0.0,5774.0,0.98,111.18,G,0,24.80130405061872
9991621,FALSE POSITIVE,18.9257333,16.74,639.0,0.0,5455.0,0.909,39.47,G,0,9.959983954756458
8078502,CONFIRMED,37.8862977,2.09,479.0,0.916,5513.0,0.818,12.46,G,1,17.7425623723587
8644365,CANDIDATE,10.54841329,3.89,899.0,1.0,6047.0,1.092,154.84,F,0,9.75502164837912
5888187,CANDIDATE,133.6348207,1.89,317.0,0.656,5202.0,0.918,2.38,G,0,3.1496282016562764
2852528,FALSE POSITIVE,11.9615433,2.24,847.0,0.0,6142.0,1.046,121.71,F,0,35.48873162545839
3348216,CANDIDATE,32.510844,2.62,680.0,0.982,6074.0,1.358,50.56,F,0,11.131670405111599
7032421,FALSE POSITIVE,0.56683399,2.39,878.0,0.0,5706.8232800782525,1.0,141.3,G,0,742.5454496827192
10798838,FALSE POSITIVE,62.127677128,38.61,402.0,0.0,5344.0,0.807,6.15,G,0,78.1728888719575
8560940,FALSE POSITIVE,31.9730649,1.09,530.0,0.0,5811.0,0.811,18.59,G,0,4.960425298483036
10793576,CANDIDATE,10.90752977,1.58,955.0,1.0,6414.0,1.147,196.51,F,0,17.052440279518944
10292238,FALSE POSITIVE,143.1188694,48.03,321.0,0.0,5713.0,0.851,2.5,G,0,33.93472866548511
8733497,FALSE POSITIVE,76.81985465,46.61,379.0,0.0,5654.0,0.774,4.88,G,0,63.22193685639836
4255422,FALSE POSITIVE,154.608014,48.03,514.0,0.0,6061.0,2.185,16.56,F,0,31.4129900148643
9837544,FALSE POSITIVE,71.661915163,48.03,365.0,0.0,5075.0,0.824,4.18,K,0,67.77240029035086
7877824,FALSE POSITIVE,9.44942685,48.03,813.0,0.0,5754.0,0.905,103.29,G,0,513.9676804842402
6469946,FALSE POSITIVE,0.715802309,25.52,1656.0,0.0,5239.0,0.757,1787.96,G,0,3085.488789614955
6947164,FALSE POSITIVE,70.58284717,48.03,435.0,0.0,5973.0,0.904,8.45,G,0,68.80850227396685
6233903,FALSE POSITIVE,2.995357359,48.03,1791.0,0.0,5949.0,1.94,2437.81,G,0,1621.4092069539938
7212066,FALSE POSITIVE,3.840485025,39.38,1077.0,0.0,5731.0,0.823,318.66,G,0,1264.6058944078293
7212066,FALSE POSITIVE,1.92027188,2.39,878.0,0.0,5706.8232800782525,1.0,141.3,G,0,219.18771210668353
7047922,CANDIDATE,10.5226374,1.08,976.0,0.986,6327.0,1.175,213.96,F,0,6.5477881049098965
6675060,FALSE POSITIVE,10.443341795,44.35,892.0,0.0,6137.0,1.005,149.21,F,0,465.0522883704966
5716508,FALSE POSITIVE,4.75307877,48.03,3749.0,0.003,3486.0,2.747,3158.4199999999996,M,0,196.29382241439268
10518735,FALSE POSITIVE,19.515013291,48.03,588.0,0.0,5349.0,0.851,28.31,G,0,248.86993042632614
6975129,CONFIRMED,1.772451066,1.02,1685.0,1.0,6243.0,1.149,1904.34,F,1,44.68388522495887
8644365,CONFIRMED,19.9158863,1.41,728.0,0.982,6047.0,1.092,66.31,F,1,7.190239884026652
9489947,FALSE POSITIVE,54.061328105,48.03,514.0,0.0,5786.0,1.112,16.51,G,0,89.83686065882675
6960487,FALSE POSITIVE,34.525990182,48.03,607.0,0.0,6123.0,1.049,32.12,F,0,140.6679424514238
5894182,CANDIDATE,154.608014,5.03,379.0,0.322,6303.0,2.553,4.88,F,0,2.4921088501919444
6309264,FALSE POSITIVE,14.2821417,1.08,625.0,0.0,5374.0,0.726,36.03,G,0,15.74693801000448
7021177,FALSE POSITIVE,18.64532882,48.03,656.0,0.0,5931.0,0.845,43.71,G,0,260.4781093906179
7122259,FALSE POSITIVE,20.882125422,48.03,737.0,0.0,6335.0,1.072,69.67,F,0,232.57690018868038
6947668,CANDIDATE,14.0545718,1.45,711.0,1.0,5783.0,0.88,60.49,G,0,19.516781009294075
6364582,CONFIRMED,30.8609783,1.08,525.0,1.0,5627.0,0.833,17.96,G,1,4.176795652651102
6190535,FALSE POSITIVE,3.652810043,0.89,1015.0,0.077,5213.0,0.831,250.33,G,0,32.68716374365268
9834257,FALSE POSITIVE,15.65134872,48.03,1396.0,0.0,6552.0,2.747,898.69,F,0,198.3215667563249
10290666,CANDIDATE,6.86674226,0.79,1018.0,0.985,5914.0,1.135,254.1,G,0,6.873710736887335
9529744,CONFIRMED,8.37159554,2.39,1292.0,1.0,6426.0,1.775,659.25,F,1,11.706251159859546
10748621,FALSE POSITIVE,154.608014,48.03,276.0,0.0,5904.0,0.946,1.38,G,0,31.4129900148643
4824268,FALSE POSITIVE,152.15144795,48.03,362.0,0.0,6217.0,0.989,4.04,F,0,31.920169445880056
6527016,FALSE POSITIVE,0.542636318,1.39,2659.0,0.0,5277.0,1.633,3158.4199999999996,G,0,137.47697587760794
6431670,FALSE POSITIVE,29.911334059,47.83,471.0,0.0,5303.0,0.704,11.68,G,0,162.36988930083078
7376500,FALSE POSITIVE,5.877122485,48.03,1402.0,0.0,5702.0,1.821,913.57,G,0,826.3737930246658
9636559,FALSE POSITIVE,10.636305846,48.03,1110.0,0.0,6781.0,1.345,358.62,F,0,456.6153014325421
8095110,FALSE POSITIVE,2.1032389,36.63,1238.0,0.0,5546.0,0.786,555.0,G,0,2309.1528023754217
11499263,FALSE POSITIVE,46.698200933,38.79,468.0,0.0,5772.0,0.756,11.31,G,0,104.00186523177038
10328393,CONFIRMED,15.99560373,1.04,550.0,1.0,4955.0,0.721,21.54,K,1,13.86005828490226
9775253,FALSE POSITIVE,4.39451798,48.03,554.0,0.0,3695.0,0.483,22.27,M,0,1105.1724039140238
3858988,FALSE POSITIVE,25.9518795,35.1,645.0,0.0,5753.0,1.078,41.0,G,0,50.566665123425835
3848966,CANDIDATE,29.7681831,3.98,917.0,0.993,5640.0,2.747,167.51,G,0,5.371506869023524
10798605,FALSE POSITIVE,56.048096688,42.62,400.0,0.0,5222.0,0.78,6.06,G,0,86.65236264909292
5895083,FALSE POSITIVE,2.25161215,1.14,2934.0,0.0,9464.0,2.184,3158.4199999999996,A,0,10.61461673139399
9452897,CANDIDATE,36.7662364,1.28,336.0,0.993,4342.0,0.54,3.02,K,0,15.761743837343113
9714123,FALSE POSITIVE,50.35545898,31.66,492.0,0.0,5936.0,0.965,13.81,G,0,96.44833148932207
6118370,CONFIRMED,14.0328775,1.45,783.0,0.925,6063.0,1.001,88.83,F,1,15.028991737439453
2717158,CONFIRMED,13.2226149,1.75,740.0,1.0,5931.0,0.863,71.11,G,1,19.79184919013258
6209677,CANDIDATE,2.53742164,0.93,1220.0,0.999,5447.0,0.917,525.68,G,0,41.183537789959104
6198256,FALSE POSITIVE,3.54828691,1.69,1795.0,0.318,6573.0,1.987,2458.09,F,0,19.981473256907517
9664276,CANDIDATE,62.596544,2.25,559.0,0.992,5934.0,1.509,23.01,G,0,3.5640945289247914
2437112,FALSE POSITIVE,18.79852,2.04,509.0,0.0,4808.0,0.715,15.82,K,0,25.927573021705964
7987086,FALSE POSITIVE,154.608014,48.03,367.0,0.0,6002.0,1.084,4.31,F,0,31.4129900148643
7374746,FALSE POSITIVE,1.366946478,43.45,1403.0,0.0,5353.0,0.757,910.99,G,0,3552.9554947212787
8668810,FALSE POSITIVE,154.608014,47.52,207.0,0.0,5067.0,0.673,0.44,K,0,31.4129900148643
6519865,FALSE POSITIVE,0.566813677,0.77,2269.0,0.0,6106.0,0.966,3158.4199999999996,F,0,107.97198882693864
8868907,FALSE POSITIVE,154.608014,48.03,351.0,0.0,6109.0,0.989,3.61,F,0,31.4129900148643
3865298,FALSE POSITIVE,9.53040216,48.03,805.0,0.0,5501.0,0.912,99.43,G,0,509.6007407099807
10091110,FALSE POSITIVE,4.218512654,16.67,1189.0,0.002,6185.0,0.991,472.03,F,0,1151.2825486951826
10091110,FALSE POSITIVE,8.529991199,44.86,940.0,0.0,6185.0,0.991,184.92,F,0,569.3675276674808
3542574,FALSE POSITIVE,3.47140045,2.39,878.0,0.0,5706.8232800782525,1.0,493.28,G,0,121.2478957879953
3544694,FALSE POSITIVE,1.922862476,48.03,1827.0,0.0,6408.0,1.303,2631.95,F,0,2525.76565439202
11521793,CONFIRMED,16.00747237,2.99,838.0,0.998,5857.0,1.305,116.46,G,1,17.341900931233656
9085563,CONFIRMED,54.6493679,2.64,538.0,0.966,5751.0,1.282,19.86,G,1,7.9140897071565215
11337372,CONFIRMED,100.8276725,4.35,364.0,1.0,5301.0,0.977,4.16,G,1,17.64198216516403
7748487,CANDIDATE,15.5764061,1.79,793.0,0.997,6214.0,1.076,93.42,F,0,16.505732988047868
3219037,CANDIDATE,10.00506974,1.11,849.0,1.0,5912.0,0.924,122.48,G,0,14.322738743848078
5952448,FALSE POSITIVE,0.905675699,0.77,1780.0,0.0,5730.0,0.903,2374.98,G,0,80.82363265440779
5710069,CANDIDATE,36.2580749,1.82,516.0,0.951,5818.0,0.848,16.7,G,0,10.488698063779443
9967009,CANDIDATE,12.4326997,1.88,839.0,0.842,5480.0,1.229,117.17,G,0,19.32806275373964
9967009,CANDIDATE,30.9902997,2.21,619.0,0.9,5480.0,1.229,34.68,G,0,10.37421396734669
11874338,FALSE POSITIVE,15.9750417,48.03,1143.0,0.0,5220.0,2.747,403.2,G,0,40.28158499267016
9763612,CONFIRMED,16.0505464,0.81,630.0,0.0,5428.0,0.853,37.12,G,1,5.881419712913948
6199716,FALSE POSITIVE,0.805267592,1.35,2165.0,0.0,6268.0,1.1,3158.4199999999996,F,0,182.05128513355098
9468384,FALSE POSITIVE,11.082622625,48.03,793.0,0.0,5831.0,0.922,93.67,G,0,438.226597109274
8868364,FALSE POSITIVE,154.608014,48.03,335.0,0.45,6235.0,1.708,2.97,F,0,31.4129900148643
10092312,FALSE POSITIVE,1.096587245,48.03,1726.0,0.0,5869.0,0.942,2096.5,G,0,493.5311827377675
3964545,FALSE POSITIVE,3.012476415,48.03,1388.0,0.0,6015.0,1.088,879.89,F,0,1612.1951945638716
9656397,FALSE POSITIVE,154.608014,48.03,404.0,0.0,6517.0,1.44,6.3,F,0,31.4129900148643
5444491,FALSE POSITIVE,0.759740194,0.67,2059.0,0.0,6046.0,1.007,3158.4199999999996,F,0,55.94017578066957
3735629,FALSE POSITIVE,4.664186517,48.03,1683.0,0.0,5062.0,2.747,1896.44,K,0,1041.2748251593987
8244173,FALSE POSITIVE,1.092066399,40.74,1164.0,0.0,4556.0,0.576,432.44,K,0,4447.257057306458
6546508,FALSE POSITIVE,3.053578643,35.35,1035.0,0.0,5414.0,0.714,271.46,G,0,1590.494487880134
9886224,FALSE POSITIVE,2.992662857,48.03,1476.0,0.012,4927.0,1.837,1123.54,K,0,1622.8690741557862
3735634,FALSE POSITIVE,4.664188563,48.03,1221.0,0.0,5699.0,1.215,525.46,G,0,1041.2743683922113
5730380,FALSE POSITIVE,0.954873008,0.81,2325.0,0.0,6092.0,1.363,3158.4199999999996,F,0,34.55956941239667
6058875,FALSE POSITIVE,0.56493412,33.4,1458.0,0.0,4748.0,0.534,1071.88,K,0,8596.931620982637
10735564,FALSE POSITIVE,1.674984844,48.03,3055.0,0.0,8285.0,2.451,3158.4199999999996,A,0,2899.548624214298
6200810,CANDIDATE,35.8754482,2.35,668.0,0.969,6559.0,1.218,47.15,F,0,10.221475086686164
3561464,CONFIRMED,7.31945294,5.05,1682.0,0.002,5745.0,2.747,1891.07,G,1,22.78858835042937
3561464,CONFIRMED,35.8007112,7.97,991.0,0.996,5745.0,2.747,227.68,G,1,11.658986260585793
5962509,FALSE POSITIVE,0.790049989,0.67,1724.0,0.0,5427.0,0.808,2082.67,G,0,89.61458260332941
3561464,CANDIDATE,4.32710579,3.58,2004.0,0.994,5745.0,2.747,3158.4199999999996,G,0,19.435623735929042
6359802,FALSE POSITIVE,14.15402615,29.61,495.0,0.0,4352.0,0.661,14.25,K,0,343.13204939217945
7121885,FALSE POSITIVE,33.93754213,48.03,618.0,0.0,6220.0,1.066,34.42,F,0,143.1070046674591
5213404,CONFIRMED,20.7057153,3.22,967.0,0.999,5668.0,2.437,206.73,G,1,5.597488341781653
4844470,CANDIDATE,60.532988,1.91,420.0,0.955,5631.0,0.847,7.36,G,0,7.723061680021478
6205566,FALSE POSITIVE,3.7228679,0.74,1182.0,0.0,6046.0,0.927,461.27,F,0,13.994587344880006
11551692,CONFIRMED,58.0198583,3.46,354.0,0.967,4920.0,0.72,3.7,K,1,22.175166187884326
9995771,CANDIDATE,15.0617835,1.61,794.0,0.733,5806.0,1.158,94.08,G,0,13.052903064235387
7287391,FALSE POSITIVE,4.286103033,25.8,686.0,0.0,4206.0,0.591,52.42,K,0,1133.1272166363715
6756202,FALSE POSITIVE,154.608014,45.27,222.0,0.0,5207.0,0.734,0.58,G,0,31.4129900148643
10215869,FALSE POSITIVE,5.017239915,41.75,1229.0,0.0,6519.0,1.079,538.77,F,0,968.0023443726429
5456319,FALSE POSITIVE,0.937923475,0.52,1588.0,0.0,5398.0,0.805,1503.05,G,0,43.07387657612472
2307206,FALSE POSITIVE,154.608014,48.03,272.0,0.0,5553.0,0.806,1.29,G,0,31.4129900148643
7025540,FALSE POSITIVE,2.148219541,48.03,1009.0,0.0,4694.0,0.672,244.99,K,0,2260.802449334018
7620844,FALSE POSITIVE,58.621578824,40.43,385.0,0.0,5232.0,0.725,5.19,G,0,82.84833157737539
6677267,FALSE POSITIVE,3.125821128,48.03,2087.0,0.0,6137.0,2.747,3158.4199999999996,F,0,1553.7357389056588
7732791,FALSE POSITIVE,1.032068851,44.35,1221.0,0.0,4387.0,0.711,523.01,K,0,4705.790699229232
5736801,FALSE POSITIVE,6.6751871,1.09,890.0,0.0,5774.0,0.818,148.28,G,0,26.710861782436034
8177798,FALSE POSITIVE,1.450205839,48.03,2675.0,0.0,7564.0,1.893,3158.4199999999996,A,0,3348.972862603403
10489521,FALSE POSITIVE,3.224486463,48.03,1456.0,0.0,6389.0,1.16,1060.42,F,0,1506.1933289933615
12643582,FALSE POSITIVE,44.14579777,48.03,504.0,0.0,5876.0,0.896,15.25,G,0,110.0150013213817
9328641,FALSE POSITIVE,33.3239576,2.55,416.0,0.0,5192.0,0.555,7.06,K,0,60.37998319863424
9966219,CANDIDATE,17.9559673,1.96,750.0,0.996,5641.0,1.195,74.61,G,0,7.629775534287145
5991070,FALSE POSITIVE,0.94102954,1.41,2761.0,0.424,5766.0,2.409,3158.4199999999996,G,0,36.661973438155826
5531953,CONFIRMED,1.992812339,6.81,675.0,0.329,3638.0,0.42,48.82,M,1,157.9677091712347
3757778,FALSE POSITIVE,36.514374043,33.27,546.0,0.0,5811.0,1.0,21.08,G,0,133.0078942139515
11754430,CONFIRMED,39.818832,2.23,650.0,0.849,5710.0,1.524,42.32,G,1,5.00014666427182
9995771,CONFIRMED,25.4337864,2.0,667.0,1.0,5806.0,1.158,46.8,G,1,11.873969343392773
11875511,FALSE POSITIVE,67.451045,36.7,562.0,0.0,4847.0,2.191,23.61,K,0,72.00333219448268
6231721,CANDIDATE,2.69339974,1.04,1151.0,0.95,5355.0,0.863,415.96,G,0,54.763501239515236
9536108,CANDIDATE,10.43003118,1.14,906.0,0.972,6277.0,1.031,159.58,F,0,11.505238855863132
8905246,CANDIDATE,27.63714708,6.96,816.0,1.0,5214.0,2.427,104.6,G,0,26.612732416663032
5213230,CONFIRMED,52.6095103,1.83,553.0,0.978,5881.0,1.294,22.13,G,1,3.8719235141787665
3326377,CONFIRMED,154.608014,3.56,258.0,1.0,5180.0,0.8,1.05,K,1,13.549103605974786
6233466,FALSE POSITIVE,15.873380595,48.03,962.0,0.0,5622.0,1.895,202.23,G,0,305.9650696922006
5460434,CANDIDATE,50.563697,1.57,761.0,0.0,6759.0,2.022,79.36,F,0,0.9987402622082796
11249624,FALSE POSITIVE,65.583665567,41.22,371.0,0.0,5516.0,0.666,4.5,G,0,74.05350033444556
6426592,FALSE POSITIVE,154.608014,48.03,235.0,0.522,5780.0,0.83,0.72,G,0,31.4129900148643
8491745,FALSE POSITIVE,111.31980522,48.03,539.0,0.0,5022.0,2.58,20.01,K,0,43.628355173652714
3970117,FALSE POSITIVE,110.29512684,37.88,362.0,0.0,5753.0,0.895,4.06,G,0,44.033677091150075
11147814,FALSE POSITIVE,95.178317934,28.75,272.0,0.0,4523.0,0.653,1.29,K,0,51.02737793042115
10922659,CONFIRMED,31.2543238,2.29,635.0,0.97,6246.0,1.092,38.54,F,1,14.014060992098635
8892720,FALSE POSITIVE,61.4911479,22.76,438.0,0.0,5830.0,0.876,8.7,G,0,78.98210012111353
6021275,CONFIRMED,110.2867031,1.41,414.0,0.844,5931.0,1.101,6.96,G,1,1.3174752342379161
7869917,CONFIRMED,11.8061737,2.87,1407.0,0.981,6900.0,2.599,926.72,F,1,7.462197511120812
11754430,CONFIRMED,6.15828666,1.2,1212.0,1.0,5710.0,1.524,510.35,G,1,9.369489142942886
6032920,FALSE POSITIVE,10.828825742,0.76,758.0,0.469,5862.0,0.785,78.3,G,0,8.50507729963617
8409295,CONFIRMED,82.292865,1.82,400.0,0.993,5626.0,0.957,6.07,G,1,4.50950395274244
7131760,CONFIRMED,92.436978,2.89,348.0,0.943,5595.0,0.741,3.46,G,1,10.333526913872067
11922778,CANDIDATE,65.427645,1.65,453.0,0.864,6014.0,0.926,9.94,F,0,4.8756148872544625
9468382,FALSE POSITIVE,11.08260553,7.34,1108.0,0.0,5125.0,2.196,355.64,K,0,54.247171242591364
6145201,FALSE POSITIVE,22.7832776,1.33,759.0,0.0,6517.0,1.159,78.41,F,0,5.2757992993949205
5986209,FALSE POSITIVE,23.737952838,48.03,620.0,0.0,5559.0,1.0,34.94,G,0,204.59641288971372
9226339,FALSE POSITIVE,21.4618453,19.89,722.0,0.0,5806.0,1.213,64.17,G,0,5.693825404658937
6525209,FALSE POSITIVE,75.13194883,26.21,359.0,0.0,5365.0,0.729,3.94,G,0,64.64227370155386
2975770,CANDIDATE,154.608014,3.07,197.0,0.0,4855.0,0.778,0.35,K,0,6.118052845565948
5534965,FALSE POSITIVE,154.608014,48.03,365.0,0.0,6370.0,1.316,4.18,F,0,31.4129900148643
5512513,FALSE POSITIVE,0.77459856,2.39,878.0,0.09,5706.8232800782525,1.0,141.3,G,0,543.3782371090388
9965206,FALSE POSITIVE,16.227548674,46.52,599.0,0.0,5297.0,0.795,30.52,G,0,299.28734755739606
4247023,FALSE POSITIVE,47.189437,48.03,484.0,0.0,5458.0,0.972,13.01,G,0,102.9192189769079
4848423,FALSE POSITIVE,1.501760172,48.03,1905.0,0.0,6327.0,1.29,3110.42,F,0,3234.0050632265666
11403216,FALSE POSITIVE,4.05325447,48.03,1191.0,0.0,6022.0,1.039,475.36,F,0,1198.2223262681064
11853878,CONFIRMED,7.68433346,2.58,583.0,1.0,4402.0,0.572,27.35,K,1,152.90851264021018
5774375,FALSE POSITIVE,1.549979213,48.03,2141.0,0.0,5408.0,2.058,3158.4199999999996,G,0,3133.396860593897
7692093,CANDIDATE,11.16622885,1.56,725.0,0.971,5552.0,0.836,65.16,G,0,31.69377994612747
8263752,FALSE POSITIVE,10.99381963,40.17,978.0,0.0,6553.0,1.157,216.57,F,0,153.34070020575732
8263752,FALSE POSITIVE,10.9938087,5.33,978.0,0.0,6553.0,1.157,216.57,F,0,132.52004284920838
7772914,CANDIDATE,23.1334494,2.55,638.0,0.999,5712.0,0.932,39.2,G,0,19.72468489718615
3529290,CANDIDATE,8.9539656,0.84,923.0,0.974,6168.0,0.947,171.51,F,0,7.862438068781502
3529290,CANDIDATE,13.7281373,1.06,800.0,0.999,6168.0,0.947,97.06,F,0,7.765073853100231
9285265,CONFIRMED,16.5860329,2.09,821.0,0.989,5626.0,1.389,107.25,G,1,13.945468539375684
6025124,CANDIDATE,26.83771808,12.68,658.0,0.0,6194.0,1.069,44.22,F,0,180.9654600857928
5780930,CONFIRMED,16.7525077,3.65,801.0,1.0,4807.0,1.802,97.43,K,1,20.193991613566013
5531953,CANDIDATE,3.53105835,10.61,558.0,0.944,3638.0,0.42,22.83,M,0,88.01893630559802
4164393,FALSE POSITIVE,49.612757516,48.03,536.0,0.0,6241.0,1.031,19.46,F,0,97.89216006455044
6277410,CANDIDATE,6.32589574,1.14,901.0,0.851,5749.0,0.818,156.27,G,0,30.430473076371
9843517,CANDIDATE,11.9378354,1.15,671.0,0.996,5469.0,0.738,47.91,G,0,20.60675086875465
8812045,CANDIDATE,32.715906,3.68,902.0,0.999,5527.0,2.747,156.74,G,0,4.147829499204454
7288444,CONFIRMED,15.3317719,1.91,821.0,0.719,5726.0,1.285,107.44,G,1,11.688146756214133
3101923,CANDIDATE,82.331756,2.08,474.0,0.771,5997.0,1.242,11.96,G,0,3.4397420115757034
10881457,CONFIRMED,84.704139,4.17,537.0,0.966,6085.0,1.634,19.59,F,1,7.741062098512094
5513861,FALSE POSITIVE,0.755105584,48.03,2412.0,0.0,6592.0,1.19,3158.4199999999996,F,0,6431.815765780378
9948002,FALSE POSITIVE,101.26336282,44.0,435.0,0.0,6309.0,1.062,8.47,F,0,47.961077577810585
5264304,FALSE POSITIVE,120.58167178,41.71,291.0,0.0,5294.0,0.673,1.7,G,0,40.27726542770943
10960995,FALSE POSITIVE,1.558544209,35.12,1182.0,0.0,4868.0,0.708,460.09,K,0,3116.1772453770673
9592575,FALSE POSITIVE,2.63757408,48.03,1242.0,0.0,5639.0,0.953,563.22,G,0,1841.3511251975908
7898576,FALSE POSITIVE,8.64636188,48.03,1033.0,0.0,6444.0,1.134,268.95,F,0,561.7044564412795
5806800,FALSE POSITIVE,125.288206,1.5,363.0,0.0,5881.0,0.973,4.1,G,0,1.928353894699394
11671429,FALSE POSITIVE,112.46358893,48.03,692.0,0.0,7426.0,2.463,54.2,F,0,43.18464354737003
5621333,CANDIDATE,27.0965146,2.13,700.0,0.985,5775.0,1.352,56.79,G,0,7.69102606281326
5621333,CANDIDATE,11.5474983,1.48,930.0,0.937,5775.0,1.352,176.97,G,0,10.002166443271959
5392897,FALSE POSITIVE,42.39930429,44.7,542.0,0.0,6153.0,0.962,20.46,F,0,114.54669083203487
3236705,CANDIDATE,83.2664103,2.89,439.0,0.864,5538.0,1.18,8.78,G,0,7.445979690564371
5282049,FALSE POSITIVE,5.91039905,2.39,878.0,0.0,5706.8232800782525,1.0,141.3,G,0,71.21346569653363
11810124,CONFIRMED,11.6044881,1.88,841.0,0.999,5533.0,1.166,118.5,G,1,23.060043467147857
6023859,FALSE POSITIVE,27.009807384,22.32,330.0,0.0,3900.0,0.534,2.82,K,0,179.8124633379281
3433668,CONFIRMED,15.0219784,1.77,874.0,1.0,5831.0,1.382,137.91,G,1,6.45054848434611
2849140,CANDIDATE,11.8237228,1.25,703.0,0.893,5559.0,0.803,57.62,G,0,17.98925800256413
7503885,CONFIRMED,91.078624,3.26,415.0,1.0,5915.0,1.008,7.02,G,1,8.109476928417363
3629330,CONFIRMED,85.272459,3.85,443.0,0.67,5922.0,1.057,9.1,G,1,9.004079500041156
5471289,FALSE POSITIVE,12.42592675,2.66,790.0,0.0,5952.0,0.971,92.32,G,0,33.01966994131846
8121328,CANDIDATE,19.0689513,1.63,627.0,1.0,5418.0,0.889,36.63,G,0,8.878306800227657
9783760,FALSE POSITIVE,89.7398137,38.01,363.0,0.0,5777.0,0.747,4.1,G,0,54.119791425419464
9528430,FALSE POSITIVE,90.08255562,48.03,666.0,0.0,6523.0,2.343,46.58,F,0,53.91387895884387
5529552,FALSE POSITIVE,0.759768478,0.64,1737.0,0.0,5481.0,0.815,2149.06,G,0,75.54933070018733
8882847,FALSE POSITIVE,42.2011587,37.39,671.0,0.0,6200.0,1.449,47.85,F,0,4.2202632696907445
9773869,FALSE POSITIVE,15.65129028,48.03,792.0,0.0,6137.0,1.103,93.1,F,0,310.30668482368725
6707942,FALSE POSITIVE,9.014220178,15.49,661.0,0.0,4842.0,0.73,45.03,K,0,538.7820470430936
5023948,FALSE POSITIVE,1.824653341,48.03,1680.0,0.0,6413.0,0.941,1880.22,F,0,2661.7110718347676
5113053,FALSE POSITIVE,3.185090259,48.03,1564.0,0.0,6516.0,1.279,1414.18,F,0,1524.8233503827998
5817957,FALSE POSITIVE,154.608014,3.66,242.0,0.0,5800.0,0.894,0.81,G,0,7.4847349116068465
11853878,CONFIRMED,5.70940795,1.51,644.0,0.999,4402.0,0.572,40.66,K,1,102.76021702040052
4743508,FALSE POSITIVE,2.086076372,48.03,1645.0,0.692,6124.0,1.119,1728.2,F,0,2328.150620556475
11810124,CONFIRMED,3.63898953,1.68,1238.0,0.972,5533.0,1.166,555.71,G,1,57.598406995141865
11303322,CONFIRMED,38.1303324,1.54,613.0,1.0,6370.0,1.106,33.43,F,1,4.731141551758411
11241912,CONFIRMED,14.42735088,1.53,783.0,0.999,5929.0,1.04,88.9,G,1,8.109596901964306
6043538,CANDIDATE,6.2253374,1.92,1378.0,0.996,6263.0,1.726,851.73,F,0,17.44483760831983
8824737,CONFIRMED,12.90235874,1.49,675.0,0.96,5530.0,0.788,48.99,G,1,27.46784577468662
9349757,CONFIRMED,36.4337867,2.2,561.0,0.94,5566.0,1.099,23.35,G,1,11.165460328064116
11519134,FALSE POSITIVE,58.5850357,48.03,707.0,0.0,6379.0,1.994,59.16,F,0,82.90000922539338
7289338,CANDIDATE,12.5014905,2.24,952.0,0.969,5821.0,1.492,194.3,G,0,17.605900672403823
5004909,CANDIDATE,40.6511021,1.7,651.0,0.135,6297.0,1.369,42.54,F,0,3.3553825838340554
6278670,CANDIDATE,89.945828,3.46,509.0,0.571,5115.0,1.924,15.86,K,0,3.731134700322065
5898983,CANDIDATE,40.1454757,13.01,1640.0,0.365,7852.0,2.747,1708.38,A,0,7.74184374654203
7703955,CONFIRMED,154.608014,4.2,291.0,0.995,5792.0,1.005,1.7,G,1,6.7312164038275535
8552719,FALSE POSITIVE,1.546222068,0.77,1578.0,0.0,5611.0,1.073,1465.41,G,0,31.94883905899602
12164634,FALSE POSITIVE,89.3313828,8.02,558.0,0.0,6860.0,1.467,22.89,F,0,24.37665165080149
5193077,FALSE POSITIVE,22.2941485,1.5,760.0,0.0,5915.0,1.392,78.93,G,0,4.525851256440676
5617259,CANDIDATE,1.048130894,4.52,3749.0,0.139,7673.0,2.747,3158.4199999999996,A,0,182.99241163289287
8880123,CONFIRMED,46.7162336,2.03,531.0,0.998,5856.0,1.092,18.74,G,1,7.395716079303105
9474756,CANDIDATE,17.6062701,1.72,753.0,0.924,5808.0,1.159,75.96,G,0,8.303859884553287
10068919,FALSE POSITIVE,43.56225858,48.03,624.0,0.0,6411.0,1.216,35.83,F,0,111.48870968388619
7353970,FALSE POSITIVE,154.608014,41.72,279.0,0.0,5420.0,0.868,1.44,G,0,31.4129900148643
12316447,FALSE POSITIVE,17.907664726,48.03,746.0,0.0,6173.0,1.041,73.31,F,0,271.2078919452068
5823557,FALSE POSITIVE,2.4044122,0.85,1662.0,0.0,6398.0,1.249,1805.11,F,0,17.759018191639523
10491554,FALSE POSITIVE,22.77196484,48.03,835.0,0.0,6049.0,1.557,114.9,F,0,213.27540395060615
9785454,FALSE POSITIVE,154.608014,23.38,275.0,0.0,5341.0,0.776,1.36,G,0,31.4129900148643
8636333,CONFIRMED,82.175197,2.24,441.0,0.967,6247.0,0.954,8.92,F,1,6.649208276312377
7136958,FALSE POSITIVE,29.015852933,48.03,592.0,0.0,5783.0,0.941,29.11,G,0,167.38091453711598
1995732,FALSE POSITIVE,77.36241476,41.66,362.0,0.0,5359.0,0.79,4.08,G,0,62.77854711576483
6069674,FALSE POSITIVE,154.608014,4.41,330.0,0.253,6054.0,1.953,2.8,F,0,2.8659575175708554
8081239,CONFIRMED,10.35857039,1.68,860.0,0.998,5893.0,1.02,129.28,G,1,26.422565054365574
5308663,CANDIDATE,20.0679247,2.25,662.0,0.776,5997.0,0.904,45.49,G,0,24.02839392754947
3745559,CONFIRMED,30.2541186,2.8,660.0,1.0,6277.0,1.161,44.87,F,1,19.048646156890516
8356054,FALSE POSITIVE,17.081202417,39.24,585.0,0.0,5431.0,0.708,27.61,G,0,284.33010050664745
9117416,CONFIRMED,20.034708,2.24,967.0,0.995,6120.0,2.0,207.16,F,1,6.209224511782254
6356400,CANDIDATE,154.608014,3.15,144.0,0.74,4378.0,0.614,0.1,K,0,9.729120509885083
9117416,CONFIRMED,3.15722086,1.41,1791.0,0.953,6120.0,2.0,2436.47,F,1,15.741692521314459
5900235,CANDIDATE,58.7701045,1.57,508.0,0.393,6158.0,1.013,15.78,F,0,3.8182678405821107
9474756,CANDIDATE,6.685438,1.25,1040.0,0.905,5808.0,1.159,276.02,G,0,13.342431715020018
7517261,CONFIRMED,23.2385587,2.18,903.0,0.997,6602.0,1.685,157.09,F,1,6.936746899023475
7517261,CANDIDATE,8.5433774,1.58,1260.0,0.994,6602.0,1.685,595.97,F,0,8.790434565140478
5653795,FALSE POSITIVE,118.314913,7.23,786.0,0.23,6190.0,2.747,90.09,F,0,1.8281719059371662
8424002,CONFIRMED,20.35971899,0.8,276.0,1.0,3419.0,0.344,1.38,M,1,16.979605669891416
8635938,FALSE POSITIVE,43.798566,48.03,721.0,0.0,5611.0,2.227,63.8,G,0,6.630354062276833
10464666,FALSE POSITIVE,131.73630485,48.03,413.0,0.0,5102.0,1.669,6.89,K,0,36.86683033602638
5024292,FALSE POSITIVE,4.301031137,48.03,1454.0,0.0,6386.0,1.548,1056.61,F,0,1129.1943362650434
4659255,FALSE POSITIVE,154.608014,38.49,260.0,0.0,5359.0,0.708,1.09,G,0,31.4129900148643
8263746,FALSE POSITIVE,10.9938268,48.03,627.0,0.0,4856.0,0.743,36.46,K,0,441.7661009540372
5877292,CANDIDATE,11.7201693,1.34,870.0,0.592,6193.0,1.067,135.43,F,0,13.173871131707969
10657406,CONFIRMED,1.682934607,1.06,1270.0,1.0,5201.0,0.834,615.67,G,1,84.79236175098751
3428468,FALSE POSITIVE,114.90862419,42.78,259.0,0.0,4412.0,0.737,1.06,K,0,42.26575711122871
7091432,CONFIRMED,11.55532445,1.7,674.0,1.0,5149.0,0.803,48.88,K,1,21.635048075175423
9845909,CANDIDATE,11.5706005,1.33,771.0,0.937,5718.0,0.9,83.39,G,0,18.31365623590582
9221528,CANDIDATE,16.2953228,1.6,773.0,0.999,6187.0,1.013,84.23,F,0,14.059248952098082
6106046,CANDIDATE,8.5073512,1.38,891.0,0.977,5914.0,0.955,148.86,G,0,24.62576130629237
6368230,CONFIRMED,26.0841212,1.35,598.0,0.996,6083.0,0.835,30.24,F,1,9.95624878479709
7115291,FALSE POSITIVE,52.802767576,48.03,472.0,0.0,5835.0,0.901,11.73,G,0,91.97813340010373
9907505,FALSE POSITIVE,39.206808648,48.03,516.0,0.0,5945.0,0.861,16.82,G,0,123.87389250687579
9027909,CONFIRMED,64.6589166,2.12,535.0,0.988,5821.0,1.395,19.39,G,1,3.6406425034347083
9230021,CANDIDATE,15.8283833,1.8,758.0,0.892,5596.0,1.145,78.2,G,0,14.372914509847636
6369845,FALSE POSITIVE,27.6760342,5.15,951.0,0.0,5123.0,2.747,193.23,K,0,9.640109492276896
9230021,CONFIRMED,8.74192361,1.94,924.0,0.993,5596.0,1.145,172.38,G,1,33.82550719863817
9230021,FALSE POSITIVE,26.936878,1.57,617.0,0.0,5878.0,0.998,34.24,G,0,9.165872897371402
3662838,FALSE POSITIVE,53.34418038,2.39,878.0,0.0,5706.8232800782525,1.0,141.3,G,0,7.890270260067683
5471688,FALSE POSITIVE,12.4281308,0.85,715.0,0.0,5940.0,0.729,61.78,G,0,10.572788628841918
8552719,CONFIRMED,9.10969334,1.32,873.0,0.991,5611.0,1.073,137.45,G,1,13.875329858249653
5471688,FALSE POSITIVE,0.96283264,0.74,1686.0,0.0,5955.0,0.733,1908.55,G,0,100.0173820447134
6058816,CONFIRMED,73.7502765,3.78,677.0,0.93,6056.0,2.481,49.76,F,1,3.1606661162822896
6058816,CANDIDATE,4.7482669,1.57,1690.0,0.979,6056.0,2.481,1927.62,F,0,7.497472393559006
5130740,FALSE POSITIVE,154.608014,48.03,525.0,0.0,7591.0,2.017,17.94,A,0,31.4129900148643
9892471,FALSE POSITIVE,8.268081087,48.03,863.0,0.0,5749.0,0.922,130.83,G,0,587.4035279644567
2019076,FALSE POSITIVE,3.564614021,46.0,1187.0,0.0,5891.0,0.892,470.37,G,0,1362.4757046311354
5879448,FALSE POSITIVE,154.608014,2.6,315.0,0.0,6077.0,1.759,2.33,F,0,1.362154487024198
7376490,FALSE POSITIVE,5.877122413,45.95,1061.0,0.0,5778.0,1.043,300.43,G,0,826.373803148483
11968513,FALSE POSITIVE,1.036592635,48.03,3749.0,0.0,4884.0,2.747,3158.4199999999996,K,0,4685.254203065025
4263529,CANDIDATE,10.10404351,4.05,752.0,1.0,5530.0,0.831,75.32,G,0,130.87829626735248
7866921,FALSE POSITIVE,91.4999978,21.86,335.0,0.0,5263.0,0.774,2.98,G,0,53.0786898007991
6619815,CONFIRMED,65.9407869,2.33,454.0,0.484,5982.0,0.96,10.04,G,1,8.801836121248956
6113752,FALSE POSITIVE,154.608014,1.96,278.0,0.198,6217.0,1.141,1.42,F,0,1.8381970807800427
3098197,FALSE POSITIVE,30.47639859,43.01,542.0,0.0,5913.0,0.787,20.39,G,0,159.3593805271202
11651712,CONFIRMED,14.53260546,1.69,746.0,0.997,6003.0,0.932,73.37,F,1,22.63186741739289
9896558,CONFIRMED,153.348739,2.14,377.0,0.992,6127.0,1.08,4.78,F,1,2.530180570966417
7697103,CANDIDATE,13.9248005,0.9,588.0,0.729,5271.0,0.648,28.27,G,0,14.018154155960797
9267996,CANDIDATE,19.6001405,2.08,676.0,0.0,6003.0,0.932,49.23,F,0,14.387651966066265
7045605,FALSE POSITIVE,154.608014,5.7,410.0,0.169,7196.0,1.923,6.67,F,0,3.3963310595270957
8738775,CONFIRMED,48.0506878,2.36,564.0,0.996,5332.0,1.453,23.9,G,1,5.712717394234677
7093401,CANDIDATE,34.08429351,36.05,506.0,0.999,5252.0,0.922,15.46,G,0,109.90399431048672
7877818,FALSE POSITIVE,9.44942628,48.03,1192.0,0.0,5092.0,2.664,476.13,K,0,128.2511725145709
5636642,FALSE POSITIVE,0.933489066,48.01,1979.0,0.0,5758.0,1.084,3158.4199999999996,G,0,5202.739032403407
6515722,FALSE POSITIVE,1.908525084,3.74,3191.0,0.0,9174.0,2.471,3158.4199999999996,A,0,114.69589885673203
6679504,FALSE POSITIVE,0.798467681,0.82,1718.0,0.02,5575.0,0.733,2064.49,G,0,151.16454037167225
5560831,FALSE POSITIVE,0.867721348,48.03,2089.0,0.0,5510.0,1.276,3158.4199999999996,G,0,5597.073312987109
5305404,FALSE POSITIVE,154.608014,5.04,318.0,0.0,5985.0,0.811,2.41,G,0,18.831494724458462
3728432,CONFIRMED,3.90863457,1.86,787.0,1.0,4518.0,0.653,91.01,K,1,221.86776084314275
6696580,CONFIRMED,77.086191,29.77,464.0,0.783,6228.0,1.049,11.0,F,1,12.230465505812838
5473535,FALSE POSITIVE,1.673662758,23.42,1729.0,0.0,6444.0,1.053,2106.67,F,0,189.04644826900065
12106934,FALSE POSITIVE,5.93717724,48.03,1005.0,0.0,5780.0,1.0,241.6,G,0,818.0149932663961
6222898,FALSE POSITIVE,3.89043062,1.24,1106.0,0.0,5646.0,0.896,354.22,G,0,50.22580251026299
3955866,FALSE POSITIVE,16.8282542,2.66,668.0,0.0,5575.0,0.972,46.95,G,0,38.940462403996726
11200767,FALSE POSITIVE,2.489549075,48.03,1708.0,0.0,6184.0,1.406,2007.56,F,0,1136.6315403925107
9892816,CONFIRMED,1.644221032,1.18,1897.0,1.0,6297.0,1.369,3071.95,F,1,29.07151719246467
8589731,FALSE POSITIVE,4.469731089,48.03,1614.0,0.0,5758.0,2.318,1604.34,G,0,706.8881633116073
4356766,FALSE POSITIVE,1.731803197,22.87,1526.0,0.007,5761.0,1.029,1285.11,G,0,2804.417966437095
2167890,FALSE POSITIVE,2.64830047,48.03,3042.0,0.0,4839.0,2.747,3158.4199999999996,K,0,1833.8931156101028
5384079,CONFIRMED,17.2653659,1.16,888.0,0.947,6388.0,1.402,146.92,F,1,3.9327287005252525
4935914,FALSE POSITIVE,3.486318703,48.03,1201.0,0.0,5780.0,1.0,491.1,G,0,1393.0740169625851
11303811,FALSE POSITIVE,1.705780649,25.95,1101.0,0.0,4970.0,0.591,348.32,K,0,2847.2007833171283
2437783,FALSE POSITIVE,7.45306683,48.03,932.0,0.0,5780.0,1.0,178.53,G,0,651.6377902920267
12062660,FALSE POSITIVE,2.929299629,48.03,1272.0,0.0,5780.0,1.0,618.11,G,0,1657.973104532831
9777087,FALSE POSITIVE,5.50811352,34.03,778.0,0.0,5188.0,0.624,86.57,K,0,881.7356400454142
5956776,FALSE POSITIVE,0.569115097,48.03,3357.0,0.0,7174.0,1.705,3158.4199999999996,F,0,8533.774671593363
8883727,FALSE POSITIVE,2.529073751,25.8,1137.0,0.0,5465.0,0.766,395.83,G,0,621.9272962593807
4820550,CANDIDATE,154.608014,5.8,286.0,1.0,5536.0,0.917,1.59,G,0,17.47128062844142
6516874,FALSE POSITIVE,0.916326699,48.03,1917.0,0.0,6046.0,0.972,3158.4199999999996,F,0,5300.183881251287
11709124,CONFIRMED,33.0405509,2.36,561.0,0.884,5688.0,0.971,23.4,G,1,17.475495543265897
9161118,FALSE POSITIVE,1.306723495,27.42,1170.0,0.0,4651.0,0.657,443.02,K,0,3716.700601606616
3556229,FALSE POSITIVE,0.7967202,48.03,1964.0,0.0,5780.0,1.0,3158.4199999999996,G,0,6095.866528801454
11911580,FALSE POSITIVE,154.608014,28.76,290.0,0.0,6355.0,1.108,1.67,F,0,7.133524139311434
9480535,CONFIRMED,154.608014,6.67,450.0,0.998,6092.0,1.759,9.68,F,1,7.651608538222346
10583225,FALSE POSITIVE,2.69634575,1.46,1287.0,0.0,5418.0,1.051,650.06,G,0,68.68555340130249
5215251,FALSE POSITIVE,2.553924603,32.67,1352.0,0.0,5993.0,0.986,789.69,G,0,657.8502740552517
10383696,FALSE POSITIVE,8.487871809,46.24,798.0,0.0,5553.0,0.855,96.0,G,0,572.1929017413133
9777090,FALSE POSITIVE,5.50817321,39.18,768.0,0.0,5051.0,0.644,82.55,K,0,881.7260850081365
11455484,FALSE POSITIVE,6.142812722,31.9,994.0,0.0,5780.0,1.0,230.71,G,0,790.6312986892976
2446623,FALSE POSITIVE,154.608014,40.63,312.0,0.0,6021.0,0.819,2.24,F,0,31.4129900148643
9596089,FALSE POSITIVE,20.8392148,48.03,584.0,0.0,5378.0,0.812,27.45,G,0,233.05580592220775
5738506,FALSE POSITIVE,9.50158045,48.03,860.0,0.0,5780.0,1.0,128.99,G,0,511.14654299432885
9777087,FALSE POSITIVE,19.226055,3.52,513.0,0.0,5193.0,0.621,16.32,K,0,169.8736428248021
4247807,FALSE POSITIVE,2.050435466,34.84,1278.0,0.0,5440.0,0.825,629.98,G,0,2368.618803436167
11547869,CANDIDATE,10.72725536,12.85,307.0,0.0,3324.0,0.268,2.1,M,0,452.74395332376986
7700590,FALSE POSITIVE,1.507101452,39.32,1573.0,0.0,5884.0,0.876,1453.29,G,0,3222.5435079734766
9053086,FALSE POSITIVE,1.274841686,48.03,2025.0,0.0,6211.0,1.281,3158.4199999999996,F,0,3809.6495065505724
3128552,CONFIRMED,4.02582434,1.79,1169.0,0.986,5509.0,1.116,440.08,G,1,65.89954692359976
5467113,FALSE POSITIVE,2.845746618,48.03,1667.0,0.0,5641.0,1.776,1822.75,G,0,1706.652296195402
8240123,FALSE POSITIVE,2.30120705,28.64,1254.0,0.0,5641.0,0.85,583.42,G,0,733.5715402053892
5114623,FALSE POSITIVE,154.608014,37.23,271.0,0.0,6029.0,0.998,1.28,F,0,31.4129900148643
5114623,FALSE POSITIVE,154.608014,2.39,878.0,0.0,5706.8232800782525,1.0,141.3,G,0,2.7223685830412387
10031907,FALSE POSITIVE,8.58965725,27.86,828.0,0.0,5697.0,0.892,111.01,G,0,135.22076215555632
6525946,CANDIDATE,2.508116,12.28,3662.0,0.98,5096.0,2.747,3158.4199999999996,K,0,74.99653126091457
5480736,FALSE POSITIVE,8.56751264,23.05,972.0,0.0,6212.0,1.054,210.83,F,0,40.6068849406448
8487748,FALSE POSITIVE,1.061934313,15.14,1104.0,0.0,4304.0,0.566,352.77,K,0,571.5984431138727
9892856,FALSE POSITIVE,2.406574511,26.22,1481.0,0.0,6167.0,1.107,1140.2,F,0,306.65994201581566
7137213,FALSE POSITIVE,28.64338839,5.82,871.0,1.0,6507.0,1.767,136.32,F,0,21.795605725821044
6795089,FALSE POSITIVE,96.231257,29.26,965.0,0.133,4895.0,2.747,204.8,K,0,9.747352671492175
3340313,FALSE POSITIVE,30.5528701,48.03,685.0,0.0,6441.0,1.165,51.9,F,0,158.96051611858226
9892816,CONFIRMED,26.2347447,2.76,754.0,0.993,6297.0,1.369,76.31,F,1,7.490067170350623
4150804,CONFIRMED,154.608014,9.09,346.0,1.0,5650.0,1.044,3.39,G,1,31.4129900148643
5021174,FALSE POSITIVE,4.04506346,48.03,1143.0,0.0,5780.0,1.0,402.77,G,0,1200.6486543476874
9025971,CONFIRMED,141.2415405,11.49,352.0,0.999,5705.0,1.017,3.62,G,1,34.38577618742412
2581316,CONFIRMED,154.608014,11.17,343.0,0.86,6259.0,1.167,3.29,F,1,31.4129900148643
9973109,CANDIDATE,16.0988294,1.14,705.0,0.995,5657.0,0.911,58.53,G,0,9.951034079533757
6314185,FALSE POSITIVE,1.433262145,5.67,1769.0,0.0,5977.0,1.068,2319.46,G,0,1290.4129272178607
8620561,FALSE POSITIVE,0.782046543,43.07,1372.0,0.0,4768.0,0.591,836.18,K,0,6210.244190031539
8937019,FALSE POSITIVE,5.663604992,48.03,1021.0,0.0,5780.0,1.0,257.36,G,0,857.5280244403033
9896435,FALSE POSITIVE,18.076610347,39.16,533.0,0.0,4848.0,0.764,19.14,K,0,268.6731586713667
10352938,FALSE POSITIVE,6.47173281,13.68,1338.0,0.0,6318.0,1.685,757.69,F,0,750.4481632022135
10676927,FALSE POSITIVE,1.031100362,27.35,1584.0,0.0,5666.0,0.752,1491.65,G,0,4710.210740862875
5649836,FALSE POSITIVE,0.597933142,48.03,2161.0,0.0,5780.0,1.0,3158.4199999999996,G,0,8122.48002135329
7620660,FALSE POSITIVE,5.36652724,7.97,982.0,0.0,5858.0,0.849,219.72,G,0,581.8474146047566
3836399,FALSE POSITIVE,1.540392098,17.63,1210.0,0.0,4911.0,0.724,506.98,K,0,663.4674387949242
2581554,CONFIRMED,47.1484324,2.58,391.0,0.995,4975.0,0.734,5.5,K,1,23.623266846937632
3128552,CONFIRMED,2.50475282,1.48,1369.0,1.0,5509.0,1.116,828.59,G,1,72.30254360987205
10363115,CONFIRMED,59.3627946,2.23,566.0,0.618,5786.0,1.471,24.33,G,1,3.9351247119353103
5966810,CANDIDATE,154.608014,4.74,367.0,0.97,6121.0,1.536,4.27,F,0,6.187260124821214
10491062,FALSE POSITIVE,2.199076661,21.72,1179.0,0.0,5310.0,0.791,457.33,G,0,353.512005191528
9761615,CONFIRMED,1.79110997,1.29,1549.0,1.0,6040.0,0.999,1356.76,F,1,93.5174293066997
4058881,FALSE POSITIVE,7.77241144,1.69,938.0,0.001,6014.0,0.993,183.58,F,0,36.91261099785525
6863158,CANDIDATE,1.99469354,0.46,758.0,0.602,3799.0,0.51,78.2,K,0,37.64989382780073
2581316,CONFIRMED,10.51421162,1.25,943.0,0.994,6259.0,1.167,187.06,F,1,8.12233984691284
8621353,FALSE POSITIVE,11.344347453,48.03,810.0,0.0,5780.0,1.0,101.92,G,0,428.11629493203253
10795103,CONFIRMED,154.608014,9.17,380.0,1.0,6471.0,1.357,4.93,F,1,29.257215605912897
9394601,FALSE POSITIVE,0.876826336,37.24,2042.0,0.027,6344.0,0.962,3158.4199999999996,F,0,5538.9531548012255
8494410,FALSE POSITIVE,154.608014,29.95,316.0,0.0,5914.0,0.987,2.34,G,0,31.4129900148643
8494410,CONFIRMED,7.2593226,1.57,967.0,1.0,5914.0,0.987,206.88,G,1,34.09409026676952
6863161,FALSE POSITIVE,1.98663794,48.03,3234.0,0.0,9191.0,2.619,3158.4199999999996,A,0,2444.683000466607
7840035,FALSE POSITIVE,13.54208867,26.65,727.0,0.0,5496.0,0.927,66.01,G,0,358.6374390502348
8543279,FALSE POSITIVE,7.549303633,34.45,794.0,0.0,5402.0,0.815,93.96,G,0,643.3308601829289
8047283,FALSE POSITIVE,0.77544539,35.53,1883.0,0.0,5861.0,0.865,2974.07,G,0,6263.110288140342
8308347,CANDIDATE,154.608014,11.23,252.0,0.0,5001.0,0.664,0.95,K,0,31.4129900148643
7090867,FALSE POSITIVE,154.608014,18.98,576.0,0.0,4852.0,2.747,26.05,K,0,4.120743702199034
7612691,FALSE POSITIVE,3.46724809,2.52,841.0,0.0,4969.0,0.543,118.15,K,0,379.9266639728684
9761573,FALSE POSITIVE,7.4413445,43.5,1136.0,0.0,6540.0,1.183,393.59,F,0,300.2145647201255
8042789,FALSE POSITIVE,4.618309224,25.43,947.0,0.0,5452.0,0.815,190.56,G,0,257.88658624474994
10095484,FALSE POSITIVE,0.677761275,22.15,1906.0,0.0,5699.0,0.853,3136.01,G,0,1295.293833363377
5467102,FALSE POSITIVE,2.845739012,44.7,1294.0,0.0,5982.0,0.96,663.42,G,0,1706.656857680946
6780367,FALSE POSITIVE,154.608014,2.9,420.0,0.358,5109.0,2.02,7.36,K,0,1.390613555129167
10281221,CANDIDATE,0.582895412,5.87,2347.0,1.0,6263.0,1.009,3158.4199999999996,F,0,1007.8995097665995
6525946,CANDIDATE,0.496069986,10.0,3749.0,0.994,5096.0,2.747,3158.4199999999996,K,0,259.64078383085246
5471496,FALSE POSITIVE,12.42618005,3.48,551.0,0.0,4624.0,0.684,21.8,K,0,122.54771730915004
4544620,FALSE POSITIVE,2.189090653,23.25,1185.0,0.0,5401.0,0.777,466.32,G,0,469.1902542237934
5784777,CONFIRMED,5.33905606,1.9,817.0,1.0,5057.0,0.704,105.25,K,1,141.50441417166914
6863187,FALSE POSITIVE,1.99492332,0.94,1451.0,0.0,5957.0,0.971,1044.18,G,0,38.948865463159756
6949061,CONFIRMED,23.2218115,2.42,746.0,0.992,5808.0,1.374,73.08,G,1,9.060447329873469
9719636,FALSE POSITIVE,3.351573993,24.15,1282.0,0.015,5984.0,1.033,638.3,G,0,1449.0803455760076
2452440,FALSE POSITIVE,8.097050622,24.01,891.0,0.0,5753.0,0.894,149.48,G,0,599.8109962168395
5020034,FALSE POSITIVE,2.119107262,48.03,1851.0,0.0,6381.0,1.423,2775.75,F,0,2291.8613357099616
7017372,CANDIDATE,5.24088367,12.74,1320.0,1.0,6452.0,1.305,716.85,F,0,926.6948678523139
6974867,FALSE POSITIVE,0.887691177,1.53,2709.0,0.0,5500.0,2.491,3158.4199999999996,G,0,42.01911764636137
7102316,CONFIRMED,142.545,2.52,318.0,0.985,5642.0,0.846,2.42,G,1,6.351678417341892
11518142,CONFIRMED,154.608014,10.31,342.0,0.999,5758.0,1.385,3.22,G,1,31.4129900148643
3114667,FALSE POSITIVE,0.888584158,43.7,1211.0,0.0,4324.0,0.616,507.14,K,0,5465.661250287561
12109845,FALSE POSITIVE,0.865959015,48.03,1162.0,0.0,4561.0,0.469,434.65,K,0,5608.464044917876
3954227,FALSE POSITIVE,0.594276199,48.03,1564.0,0.0,4756.0,0.667,1414.7,K,0,8172.462582503662
8651551,FALSE POSITIVE,1.527491117,27.85,988.0,0.0,4273.0,0.595,224.31,K,0,3179.527491811921
7115550,FALSE POSITIVE,0.566814046,0.56,2039.0,0.0,5724.0,0.827,3158.4199999999996,G,0,74.27480016964859
9532637,FALSE POSITIVE,0.61496383,44.79,1460.0,0.0,4509.0,0.663,1074.84,K,0,7897.537648677647
5305451,FALSE POSITIVE,154.608014,4.98,295.0,0.0,5570.0,0.803,1.8,G,0,16.806373309988963
7174349,FALSE POSITIVE,2.974163938,34.74,1266.0,0.0,5780.0,1.0,605.99,G,0,1632.963112069043
11824218,FALSE POSITIVE,15.84131693,48.03,2252.0,0.0,4993.0,2.747,3158.4199999999996,K,0,165.24509998550985
3128552,CANDIDATE,6.13074243,1.26,916.0,0.0,5741.0,0.833,166.78,G,0,23.83071898194229
10788461,CONFIRMED,9.2075634,5.5,972.0,1.0,5678.0,1.303,211.08,G,1,135.00857349513336
10788461,CONFIRMED,2.5903958,2.55,1484.0,1.0,5678.0,1.303,1147.44,G,1,127.74109655366179
10788461,CONFIRMED,5.3235335,2.69,1167.0,0.999,5678.0,1.303,438.71,G,1,64.31818265067741
11667548,FALSE POSITIVE,0.831741499,41.62,2198.0,0.0,6343.0,1.14,3158.4199999999996,F,0,1480.1473793001157
8868649,FALSE POSITIVE,4.44737112,2.06,1068.0,0.0,5472.0,0.981,307.65,G,0,50.45677411333283
9715939,FALSE POSITIVE,12.893018017,48.03,1004.0,0.0,6387.0,1.408,240.5,F,0,376.6922526282234
6887030,CANDIDATE,5.44085762,0.97,892.0,1.0,5519.0,0.762,149.44,G,0,25.271751183961324
4751083,FALSE POSITIVE,4.532416322,48.03,1328.0,0.0,6306.0,1.281,735.27,F,0,1071.547637057512
4751083,FALSE POSITIVE,2.26631937,2.39,878.0,0.0,5706.8232800782525,1.0,141.3,G,0,185.71963226877418
5903301,FALSE POSITIVE,1.160153553,48.03,2183.0,0.813,6200.0,1.382,3158.4199999999996,F,0,4186.256196381273
7695087,FALSE POSITIVE,4.032760214,48.03,2582.0,0.0,4969.0,2.747,3158.4199999999996,K,0,1204.311623373896
6200709,FALSE POSITIVE,3.723552982,18.83,1176.0,0.024,6063.0,0.89,452.71,F,0,1304.318757777246
8323764,CANDIDATE,6.714247798,14.78,809.0,0.0,5159.0,0.8,100.94,K,0,723.3423826637267
7013923,FALSE POSITIVE,2.21396079,0.87,1123.0,0.0,4922.0,0.823,375.04,K,0,53.93049440591042
5360082,FALSE POSITIVE,11.35501209,8.0,534.0,0.0,4594.0,0.567,19.29,K,0,427.7142077441856
6543683,FALSE POSITIVE,1.195515251,48.03,1959.0,0.0,6040.0,1.155,3158.4199999999996,F,0,4062.4324917123117
5008245,CANDIDATE,2.60720833,7.31,1561.0,1.0,6366.0,1.236,1403.43,F,0,1208.0737713813608
10555365,FALSE POSITIVE,5.80184753,14.0,989.0,1.0,5687.0,0.921,225.81,G,0,837.0954208788041
5481426,FALSE POSITIVE,2.38404983,48.03,1363.0,0.0,5780.0,1.0,815.42,G,0,2037.1637953557372
7983756,FALSE POSITIVE,5.24078259,24.73,1080.0,0.0,6192.0,0.917,322.16,F,0,113.07471543100208
7289165,FALSE POSITIVE,5.26641416,2.62,1421.0,0.0,6338.0,1.602,964.18,F,0,42.49570831322541
12784167,CONFIRMED,1.847892736,1.51,1374.0,1.0,5763.0,0.842,843.8,G,1,174.95604247020538
8949316,FALSE POSITIVE,0.604358764,23.28,997.0,0.955,3569.0,0.427,235.63,M,0,8036.120743671387
8912730,FALSE POSITIVE,11.3775281,48.03,1177.0,0.0,6943.0,1.66,453.61,F,0,145.13697399701434
9784230,FALSE POSITIVE,0.7981968,48.03,1963.0,0.0,5780.0,1.0,3158.4199999999996,G,0,6084.589665105146
11466960,FALSE POSITIVE,0.695954898,2.58,2740.0,0.0,6737.0,1.425,3158.4199999999996,F,0,457.06984879931116
3124420,FALSE POSITIVE,0.948951607,48.03,1853.0,0.0,5780.0,1.0,2796.38,G,0,5117.963828897336
4649440,FALSE POSITIVE,19.37070781,48.03,1180.0,0.0,5321.0,2.747,458.92,G,0,33.72101868486137
2437488,FALSE POSITIVE,14.46993942,48.03,1713.0,0.0,4735.0,2.747,2033.61,K,0,85.37008788665682
10083623,FALSE POSITIVE,1.278555003,5.19,1515.0,0.0,5636.0,0.827,1241.92,G,0,1155.9925044538738
11253711,CONFIRMED,1.226223959,1.0,2024.0,1.0,5855.0,1.34,3158.4199999999996,G,1,45.7502070386475
8043052,FALSE POSITIVE,2.244600029,27.47,1190.0,0.0,5256.0,0.802,475.37,G,0,2163.726248441566
5435816,FALSE POSITIVE,154.608014,46.38,333.0,0.0,6063.0,1.012,2.91,F,0,31.4129900148643
8559589,FALSE POSITIVE,154.608014,46.33,332.0,0.0,6211.0,1.056,2.87,F,0,31.4129900148643
4372765,FALSE POSITIVE,15.64064161,48.03,921.0,0.0,6517.0,1.374,169.73,F,0,310.5179519550413
9489524,CONFIRMED,6.8873113,0.72,788.0,0.999,5208.0,0.772,90.91,G,1,12.385094311041232
10268903,FALSE POSITIVE,1.103978,2.39,878.0,0.0,5706.8232800782525,1.0,105.8,G,0,381.2575975245884
7017437,FALSE POSITIVE,43.8496474,21.42,1286.0,0.113,4893.0,2.747,645.68,K,0,10.314792177781571
7220320,FALSE POSITIVE,0.752158047,48.03,2869.0,0.0,5770.0,2.221,3158.4199999999996,G,0,6457.0205947686945
9291378,FALSE POSITIVE,3.796488133,40.83,1233.0,0.0,6137.0,1.018,547.94,F,0,792.2058214425084
4075067,CANDIDATE,17.7476059,48.03,1998.0,0.0,8992.0,2.747,3158.4199999999996,A,0,49.41511575935997
4949524,FALSE POSITIVE,1.233076007,31.39,1513.0,0.0,5602.0,0.817,1237.97,G,0,1129.208574407044
2697935,FALSE POSITIVE,21.5135234,48.03,1006.0,0.0,5088.0,2.747,242.54,K,0,73.61881038974768
6531143,FALSE POSITIVE,19.4444573,1.53,749.0,0.002,6278.0,1.081,74.47,F,0,9.375422372935038
3550434,FALSE POSITIVE,1.1910489,22.76,1348.0,0.0,5089.0,0.693,781.99,K,0,1167.962121454459
2558370,FALSE POSITIVE,0.546248198,48.03,2227.0,0.0,5780.0,1.0,3158.4199999999996,G,0,8891.013311864508
12301181,CANDIDATE,2.18565886,0.44,1087.0,0.691,4997.0,0.746,329.49,K,0,16.28799473308474
5397166,FALSE POSITIVE,1.811966339,48.03,2573.0,0.998,5904.0,2.747,3158.4199999999996,G,0,225.22493449035315
7024530,FALSE POSITIVE,66.1539783,9.69,468.0,0.0,6077.0,0.999,11.3,F,0,73.41508590723711
5015459,FALSE POSITIVE,154.608014,25.41,211.0,0.0,4340.0,0.572,0.47,K,0,31.4129900148643
11709124,CONFIRMED,3.93276627,1.5,1140.0,1.0,5688.0,0.971,399.84,G,1,59.728950024787515
8505920,CONFIRMED,154.608014,2.79,297.0,0.998,5330.0,1.013,1.83,G,1,4.174427853397043
1433980,FALSE POSITIVE,1.592634161,48.03,2255.0,0.0,6574.0,1.768,3158.4199999999996,F,0,3049.476219291016
2438490,FALSE POSITIVE,3.31577795,27.77,1104.0,0.009,5528.0,0.849,349.78,G,0,1464.724138116667
3838496,FALSE POSITIVE,2.990252395,48.03,1264.0,0.0,5780.0,1.0,603.02,G,0,1624.17727952359
6470521,FALSE POSITIVE,2.08043378,48.03,1629.0,0.0,6377.0,1.119,1661.27,F,0,2334.4650748749136
2449090,FALSE POSITIVE,4.944046127,48.03,1069.0,0.0,5780.0,1.0,308.53,G,0,982.3330679455046
5652260,FALSE POSITIVE,4.464565251,43.21,1024.0,0.0,5743.0,0.853,259.97,G,0,1087.8326840249827
2569494,FALSE POSITIVE,1.523298835,38.95,1404.0,0.0,5311.0,0.866,919.42,G,0,3188.2778929585406
12405950,FALSE POSITIVE,3.539631353,39.34,2214.0,0.0,7021.0,2.629,3158.4199999999996,F,0,347.4090596914204
5206233,FALSE POSITIVE,6.195861785,48.03,883.0,0.0,5608.0,0.813,143.74,G,0,566.4748701297895
7031066,FALSE POSITIVE,0.566805514,0.82,1920.0,0.0,5115.0,0.917,3158.4199999999996,K,0,150.49253737499808
6775985,FALSE POSITIVE,27.961084,21.5,796.0,0.0,6770.0,1.361,94.86,F,0,173.6949826408733
11357192,FALSE POSITIVE,154.608014,37.5,452.0,0.0,5018.0,2.747,9.83,K,0,31.4129900148643
9533489,FALSE POSITIVE,154.608014,48.03,498.0,0.521,7214.0,1.935,14.53,F,0,31.4129900148643
11825057,FALSE POSITIVE,0.532087933,48.03,2247.0,0.0,5780.0,1.0,3158.4199999999996,G,0,9127.626654897284
12306699,FALSE POSITIVE,3.204222652,23.55,979.0,0.0,5139.0,0.741,217.46,K,0,280.3800164883174
9692336,FALSE POSITIVE,0.687898282,48.03,2062.0,0.0,5780.0,1.0,3158.4199999999996,G,0,7060.200798698897
9641008,FALSE POSITIVE,2.178154774,19.46,1180.0,0.0,5515.0,0.712,457.16,G,0,304.2024414009801
8588377,FALSE POSITIVE,0.99466172,31.84,1898.0,0.0,5750.0,1.021,3078.85,G,0,1377.8553778062355
3644601,FALSE POSITIVE,154.608014,28.57,237.0,0.0,5715.0,0.834,0.74,G,0,13.038133974090114
4242692,CONFIRMED,1.138548215,1.45,2537.0,0.997,6520.0,1.713,3158.4199999999996,F,1,58.14422185010409
8781480,FALSE POSITIVE,121.0598037,48.03,1792.0,0.0,3942.0,2.747,2437.81,K,0,12.910974181597817
6783732,FALSE POSITIVE,0.721335207,0.54,2162.0,0.0,6328.0,0.948,3158.4199999999996,F,0,44.08491321566674
11607176,FALSE POSITIVE,3.28274272,1.85,1136.0,0.0,5741.0,0.82,392.7,G,0,89.19370933826944
10661718,FALSE POSITIVE,1.231361934,2.93,1839.0,0.0,6095.0,1.016,2707.51,F,0,382.50329736114776
6105462,CONFIRMED,89.7224125,2.21,508.0,0.977,6429.0,1.262,15.69,F,1,2.9390649744287694
8257205,CONFIRMED,7.12766417,1.21,784.0,0.989,5159.0,0.821,89.24,K,1,32.15639717773067
6470516,FALSE POSITIVE,2.080431782,48.03,2719.0,0.0,8344.0,2.115,3158.4199999999996,A,0,2334.467316842788
6891124,CANDIDATE,3.52364689,0.94,1330.0,0.974,6269.0,1.085,739.8,F,0,21.057728630691482
7770471,FALSE POSITIVE,1.157804607,48.03,2255.0,0.0,6510.0,1.425,3158.4199999999996,F,0,4194.74924407517
5130380,FALSE POSITIVE,19.979098,22.98,739.0,0.0,5907.0,1.126,70.59,G,0,243.08905236863043
6314173,FALSE POSITIVE,1.433262401,48.03,2691.0,0.0,7311.0,1.959,3158.4199999999996,F,0,3388.5630409417263
5688997,FALSE POSITIVE,23.8706941,48.03,711.0,0.0,6022.0,1.166,60.38,F,0,203.45868367522667
9489524,CANDIDATE,4.78850084,0.63,889.0,0.863,5208.0,0.772,147.95,G,0,13.887436218973285
7031340,FALSE POSITIVE,0.566769068,1.06,2661.0,0.0,5496.0,1.533,3158.4199999999996,G,0,70.57548172336038
4073730,FALSE POSITIVE,6.2820426,23.76,2021.0,0.0,6635.0,2.747,3158.4199999999996,F,0,224.9268414703205
2854948,FALSE POSITIVE,0.97430309,37.62,1643.0,0.0,5688.0,0.786,1728.18,G,0,4984.793797585102
7813039,CANDIDATE,141.73403059,10.3,329.0,0.0,5606.0,0.918,2.77,G,0,34.266294268094164
3644601,FALSE POSITIVE,119.686505,23.0,341.0,0.0,5715.0,0.834,3.21,G,0,7.040894042314964
8459354,FALSE POSITIVE,53.556625,26.31,1076.0,0.0,7643.0,2.747,317.03,A,0,73.99644768504363
6531617,CANDIDATE,154.608014,2.07,203.0,0.323,5232.0,0.777,0.4,G,0,4.689925064298413
4164922,CONFIRMED,1.210693626,0.99,1351.0,1.0,5014.0,0.756,784.51,K,1,131.41227192683675
12061969,CONFIRMED,1.090011003,1.04,1402.0,0.998,5081.0,0.77,911.28,K,1,160.36535366973723
4164922,CANDIDATE,18.2572722,0.94,547.0,0.999,5014.0,0.756,21.16,K,0,8.626699447467296
10328393,CONFIRMED,34.2115022,1.15,427.0,0.998,4955.0,0.721,7.82,K,1,8.003156318578727
10259029,FALSE POSITIVE,7.061149921,43.71,842.0,0.0,5585.0,0.798,118.87,G,0,687.8058183633912
8299947,FALSE POSITIVE,2.682767439,48.03,1310.0,0.0,5780.0,1.0,695.41,G,0,1810.3320956550494
3335813,FALSE POSITIVE,3.711012492,46.24,1310.0,0.0,6141.0,1.117,695.05,F,0,1308.7263948773577
11858741,FALSE POSITIVE,1.780982447,48.03,1502.0,0.0,5780.0,1.0,1204.3,G,0,2726.978027313483
6363494,FALSE POSITIVE,1.815632406,48.03,3429.0,0.0,9954.0,2.408,3158.4199999999996,A,0,2674.9357325581905
2576107,FALSE POSITIVE,154.608014,42.69,323.0,0.0,6328.0,0.915,2.58,F,0,31.4129900148643
9532421,FALSE POSITIVE,4.309067482,48.03,882.0,0.0,4897.0,0.789,142.6,K,0,1127.0884060849805
6936966,FALSE POSITIVE,36.4721523,0.7,527.0,0.0,5853.0,0.895,18.29,G,0,1.4421962150009997
5653849,FALSE POSITIVE,111.0396205,8.6,335.0,0.0,5470.0,0.777,2.97,G,0,43.738441991523196
2437060,FALSE POSITIVE,3.187087241,48.03,3749.0,0.001,4599.0,2.747,3158.4199999999996,K,0,1523.8679184935434
8127648,FALSE POSITIVE,1.023470248,48.03,1807.0,0.0,5780.0,1.0,2522.39,G,0,4745.3260214360425
11564013,FALSE POSITIVE,0.875267982,39.19,1910.0,0.0,5821.0,0.898,3157.34,G,0,5548.814877133253
9405541,FALSE POSITIVE,5.55260695,48.03,3749.0,0.0,3306.0,2.747,3158.4199999999996,M,0,131.0375480475887
8906045,FALSE POSITIVE,2.347479696,48.03,1502.0,0.0,5891.0,1.138,1207.51,G,0,2068.899683467166
7031638,FALSE POSITIVE,1.13353095,0.49,2006.0,0.0,6318.0,1.121,3158.4199999999996,F,0,16.320683612564792
7296094,FALSE POSITIVE,0.890745373,36.92,1892.0,0.005,5780.0,1.0,3015.62,G,0,5452.399919454871
5437945,CONFIRMED,154.608014,7.23,308.0,0.0,6340.0,1.393,2.14,F,1,16.680894691526145
12009347,FALSE POSITIVE,2.723858181,7.13,900.0,0.0,4416.0,0.733,154.53,K,0,1783.0223445102333
4037163,FALSE POSITIVE,0.635441862,48.03,2118.0,0.0,5780.0,1.0,3158.4199999999996,G,0,7643.028088697121
5535890,FALSE POSITIVE,3.255189932,1.39,1390.0,0.0,5807.0,1.256,880.52,G,0,36.618447000038216
5215980,FALSE POSITIVE,2.531140101,32.12,1100.0,0.0,5325.0,0.75,346.06,G,0,1918.7796037371538
9353742,CONFIRMED,0.938750221,1.46,1676.0,1.0,5497.0,0.886,1874.28,G,1,299.014576743306
9178185,FALSE POSITIVE,2.992704682,7.86,2328.0,0.0,5908.0,2.747,3158.4199999999996,G,0,120.66008456226288
6290382,FALSE POSITIVE,6.12810722,39.52,1513.0,0.0,7245.0,1.667,1237.9,F,0,381.19437472897215
3327992,FALSE POSITIVE,2.115511511,36.16,897.0,0.0,4188.0,0.661,152.34,K,0,2295.7568298478523
5649206,FALSE POSITIVE,2.446736567,48.03,1351.0,0.0,5780.0,1.0,788.17,G,0,1984.970538105339
5193384,FALSE POSITIVE,21.3779536,48.03,1062.0,0.0,4905.0,2.747,300.32,K,0,227.18264296354351
5181804,FALSE POSITIVE,4.350460215,48.03,1472.0,0.0,6585.0,1.416,1107.34,F,0,1116.3646510901376
10491544,FALSE POSITIVE,22.77194512,48.03,1254.0,0.0,5073.0,2.747,584.54,K,0,213.27558864238117
9101496,CONFIRMED,67.844689,2.65,592.0,0.808,5878.0,1.812,29.08,G,1,3.1129923817618206
11450414,CONFIRMED,27.3214242,3.61,705.0,1.0,5592.0,1.451,58.35,G,1,10.23372712759242
4937143,FALSE POSITIVE,9.84883968,48.03,1134.0,0.0,6938.0,1.31,390.19,F,0,493.1240793636312
8719324,FALSE POSITIVE,10.23335969,2.39,878.0,0.0,5706.8232800782525,1.0,141.3,G,0,41.130187225931465
11241814,FALSE POSITIVE,154.608014,44.24,319.0,0.0,6124.0,1.007,2.46,F,0,31.4129900148643
5036537,FALSE POSITIVE,1.06100873,9.14,1568.0,0.0,5080.0,0.947,1434.99,K,0,4577.436417511853
9837083,FALSE POSITIVE,0.623393802,28.21,1379.0,0.0,4330.0,0.639,849.08,K,0,7790.741557613368
12557548,CONFIRMED,0.65355361,22.95,1437.0,0.761,4550.0,0.66,1004.07,K,1,7032.169862851802
3657758,CONFIRMED,2.3702932,1.29,1256.0,1.0,5668.0,0.868,588.1,G,1,94.84058765388181
7031726,FALSE POSITIVE,0.566793534,48.03,3749.0,0.0,3420.0,2.747,3158.4199999999996,M,0,163.02232551580238
3338660,FALSE POSITIVE,1.873380717,48.03,1669.0,0.0,5992.0,1.171,1830.27,G,0,2592.4789104146626
3338674,FALSE POSITIVE,1.87337894,48.03,2925.0,0.0,4740.0,2.747,3158.4199999999996,K,0,2592.481369519399
5546277,FALSE POSITIVE,7.50023955,21.06,901.0,0.0,5849.0,0.919,155.6,G,0,36.425503236093306
8258160,FALSE POSITIVE,23.6270348,21.71,560.0,0.0,5305.0,0.857,23.17,G,0,205.5568987438068
9752982,FALSE POSITIVE,0.716709897,48.03,3124.0,0.0,5173.0,2.742,3158.4199999999996,K,0,1301.084307476781
4666008,FALSE POSITIVE,2.248063246,30.38,1566.0,0.0,6325.0,1.112,1421.38,F,0,280.99743240052953
8430105,FALSE POSITIVE,63.3278636,48.03,896.0,0.0,4919.0,2.747,152.49,K,0,76.69136023088579
9517393,CONFIRMED,154.608014,6.11,313.0,1.0,6063.0,1.012,2.27,F,1,23.470322825568406
8052474,FALSE POSITIVE,154.608014,19.17,289.0,0.0,5637.0,0.99,1.66,G,0,31.4129900148643
3534118,FALSE POSITIVE,154.608014,33.24,361.0,0.0,6078.0,1.148,4.0,F,0,31.4129900148643
3534118,FALSE POSITIVE,154.608014,2.39,878.0,0.0,5706.8232800782525,1.0,141.3,G,0,2.7223685830412387
2441161,FALSE POSITIVE,2.192004364,37.56,1118.0,0.0,5306.0,0.687,369.54,G,0,2215.643399147904
3231120,FALSE POSITIVE,3.900109346,40.37,1160.0,0.0,5791.0,0.969,427.83,G,0,1245.2727780520029
12216706,FALSE POSITIVE,1.471060209,48.03,3693.0,0.0,8749.0,2.747,3158.4199999999996,A,0,3301.4964107427636
12216706,FALSE POSITIVE,0.73553763,2.39,878.0,0.0,5706.8232800782525,1.0,141.3,G,0,572.2344892130127
10735331,FALSE POSITIVE,154.608014,35.2,468.0,0.0,6960.0,1.83,11.32,F,0,31.4129900148643
7763269,FALSE POSITIVE,6.40802979,48.03,1157.0,0.0,6261.0,1.194,424.01,F,0,757.9084615959628
8365739,CANDIDATE,2.38920105,2.39,878.0,0.207,5706.8232800782525,1.0,752.42,G,0,176.16767747527985
5471606,FALSE POSITIVE,0.962835804,48.03,3749.0,0.0,3982.0,2.747,3158.4199999999996,K,0,5044.162233917093
11200405,FALSE POSITIVE,4.639602084,19.96,1285.0,0.022,6078.0,1.194,643.95,F,0,1046.7923567731548
5475736,FALSE POSITIVE,2.991885335,3.94,1209.0,0.0,5750.0,0.839,505.77,G,0,453.5267391856781
9049673,FALSE POSITIVE,1.327471395,7.08,1395.0,0.0,5232.0,0.777,892.4,G,0,3658.6099092553322
7031898,FALSE POSITIVE,0.566792595,0.5,2548.0,0.0,6277.0,1.121,3158.4199999999996,F,0,35.109844721948065
9593759,FALSE POSITIVE,1.247156944,48.03,3749.0,0.0,4770.0,2.747,3158.4199999999996,K,0,3894.217182019715
8827930,CANDIDATE,154.608014,13.21,300.0,0.99,5672.0,1.22,1.93,G,0,31.4129900148643
5020044,FALSE POSITIVE,2.119100054,34.34,1571.0,0.0,6292.0,1.078,1435.29,F,0,779.1515067367366
11560037,FALSE POSITIVE,1.466535757,4.28,1671.0,0.0,5888.0,1.02,1849.31,G,0,918.0819448645739
11911561,FALSE POSITIVE,8.870415578,39.46,1151.0,1.0,6022.0,1.514,414.26,F,0,98.42830838336626
6547322,FALSE POSITIVE,1.49131759,1.26,2475.0,0.0,6014.0,2.429,3158.4199999999996,F,0,17.300137927025993
3440118,CONFIRMED,19.57783279,1.96,621.0,1.0,5620.0,0.884,35.14,G,1,22.096419181849598
9159265,FALSE POSITIVE,3.04476607,15.7,1126.0,0.0,5627.0,0.818,379.01,G,0,89.53068765640836
4472818,CONFIRMED,70.9672087,2.84,438.0,0.982,5818.0,0.986,8.66,G,1,11.05721944507027
5816806,FALSE POSITIVE,4.45543346,48.03,1106.0,0.0,5780.0,1.0,354.27,G,0,1090.062289921394
6531496,FALSE POSITIVE,14.323889947,45.93,720.0,0.0,5853.0,0.895,63.62,G,0,339.062923407701
9661869,FALSE POSITIVE,20.427232317,48.03,749.0,0.0,6167.0,1.121,74.27,F,0,237.7561445736408
6790592,CANDIDATE,106.18732,48.03,2660.0,0.805,3287.0,2.747,3158.4199999999996,M,0,2.505948921208295
9411166,CONFIRMED,105.6552651,4.22,407.0,1.0,5741.0,1.136,6.51,G,1,12.9373581023744
3097352,FALSE POSITIVE,4.029803201,47.58,1233.0,0.0,6024.0,1.078,545.64,F,0,1205.1953303314674
6066379,FALSE POSITIVE,1.303858554,48.03,2080.0,0.0,6282.0,1.343,3158.4199999999996,F,0,3724.8672297317303
6508221,CANDIDATE,9.74765878,0.78,679.0,0.981,5176.0,0.738,50.3,K,0,10.464051143160757
12154526,CONFIRMED,3.18899015,0.98,1309.0,1.0,5700.0,1.176,693.65,G,1,20.7589226953241
6952971,CANDIDATE,154.608014,2.15,314.0,0.475,6450.0,1.155,2.3,F,0,2.0781587686651224
3459199,FALSE POSITIVE,1.570518376,48.03,3749.0,0.0,5314.0,2.747,3158.4199999999996,G,0,1409.2162395685332
6973796,FALSE POSITIVE,115.9943364,13.66,265.0,0.0,4530.0,0.735,1.16,K,0,41.87014772214344
12023089,FALSE POSITIVE,0.623441636,29.19,1711.0,0.0,5319.0,0.654,2025.22,G,0,7790.143807462997
6286155,FALSE POSITIVE,14.5417471,48.03,1494.0,0.0,5032.0,2.747,1176.23,K,0,74.86033091580859
7831363,FALSE POSITIVE,2.81753381,48.03,1494.0,0.0,6313.0,1.098,1180.61,F,0,1361.4743455376672
8804845,CONFIRMED,0.762132307,0.75,1872.0,0.994,5594.0,0.934,2913.14,G,1,83.58128820275822
4663185,FALSE POSITIVE,56.6993107,48.03,1261.0,0.0,4727.0,2.747,598.36,K,0,85.65712598689494
5305471,FALSE POSITIVE,154.608014,4.49,303.0,0.0,5555.0,0.811,2.0,G,0,14.13833567514812
5560830,FALSE POSITIVE,0.867719291,37.79,2106.0,0.0,6220.0,1.056,3158.4199999999996,F,0,3056.0574456561208
4147444,CANDIDATE,1.803697292,1.0,1783.0,0.0,6438.0,1.166,2385.75,F,0,38.64284783768473
8211824,FALSE POSITIVE,0.84112187,39.34,1514.0,0.0,5048.0,0.707,1240.91,K,0,5774.074094637439
5980800,FALSE POSITIVE,0.828326025,48.03,1845.0,0.0,5400.0,0.978,2739.59,G,0,5863.271047170104
9592850,FALSE POSITIVE,1.219324537,48.03,1569.0,0.0,5455.0,0.897,1432.21,G,0,3983.1069191384604
6227560,FALSE POSITIVE,2.401751509,48.03,888.0,0.0,4577.0,0.557,146.91,K,0,2022.149244749366
5866104,FALSE POSITIVE,36.97709537,48.03,546.0,0.0,5780.0,1.0,21.08,G,0,131.34346955602965
8256044,FALSE POSITIVE,16.371883638,48.03,840.0,0.0,5642.0,1.415,117.9,G,0,296.64882229723065
8780968,FALSE POSITIVE,2.617284592,48.03,2013.0,0.0,5510.0,2.649,3158.4199999999996,G,0,1855.6254886629463
6960446,FALSE POSITIVE,10.14873521,48.03,1045.0,0.0,6366.0,1.296,281.19,F,0,478.5522431617368
8264097,FALSE POSITIVE,2.897436854,48.03,1277.0,0.0,5780.0,1.0,627.44,G,0,1676.205641305065
7515679,CONFIRMED,5.546083089,22.27,2336.0,0.0,7358.0,2.747,3158.4199999999996,F,1,398.6597323767574
9674592,FALSE POSITIVE,6.87366398,12.01,859.0,0.0,5662.0,0.805,128.52,G,0,706.5663980856975
9674592,FALSE POSITIVE,6.87366412,2.39,878.0,0.0,5706.8232800782525,1.0,141.3,G,0,61.23371649413675
10879213,FALSE POSITIVE,0.668483494,48.03,2082.0,0.0,5780.0,1.0,3158.4199999999996,G,0,7265.250441621226
5650314,FALSE POSITIVE,1.070272827,28.73,1224.0,0.086,4628.0,0.653,528.52,K,0,4537.8149173547135
6962901,FALSE POSITIVE,0.977170246,5.08,3226.0,0.0,5596.0,2.747,3158.4199999999996,G,0,154.63016871268917
8302302,FALSE POSITIVE,1.135930136,48.03,1836.0,0.0,6247.0,0.954,2683.57,F,0,4275.5270294193515
10581918,FALSE POSITIVE,1.801863222,48.03,2721.0,0.0,7479.0,2.324,3158.4199999999996,F,0,2695.3766194357677
3851949,FALSE POSITIVE,54.77145968,34.32,777.0,0.006,5145.0,2.747,86.12,K,0,88.67209361180201
9097892,FALSE POSITIVE,1.674690886,29.78,1813.0,0.0,6397.0,1.157,2558.96,F,0,314.92378946403363
5769943,CANDIDATE,1.013774136,18.59,827.0,0.0,3644.0,0.389,110.51,M,0,4790.7120802695235
4638237,CANDIDATE,154.608014,11.58,304.0,0.996,5631.0,1.263,2.02,G,0,31.27910303537047
9351316,CONFIRMED,154.608014,2.88,211.0,1.0,4243.0,0.641,0.47,K,1,14.328493993849506
4579313,FALSE POSITIVE,2.112405306,19.01,1225.0,0.0,5562.0,0.756,533.2,G,0,231.48966659526087
11614528,FALSE POSITIVE,1.870990236,26.1,1668.0,0.0,6384.0,1.086,1824.38,F,0,343.4544914428939
8848288,FALSE POSITIVE,5.56648691,43.67,2618.0,0.0,4694.0,2.747,3158.4199999999996,K,0,124.83636649744676
6590307,FALSE POSITIVE,1.33253834,0.64,1453.0,0.0,5520.0,0.818,1051.03,G,0,46.82792091370519
5308419,FALSE POSITIVE,1.241483276,27.25,1847.0,0.0,6140.0,1.053,2761.35,F,0,113.57382151316229
6312521,FALSE POSITIVE,3.01551943,48.03,1837.0,0.0,5299.0,2.747,2692.16,G,0,1610.5682993393943
4579321,FALSE POSITIVE,2.112395777,48.03,1419.0,0.0,5780.0,1.0,957.45,G,0,2299.1430170805534
5202905,CONFIRMED,14.8444836,2.49,1092.0,0.636,6642.0,1.846,336.06,F,1,11.984249825975759
1575690,FALSE POSITIVE,2.252417903,27.09,782.0,0.0,3979.0,0.544,88.43,K,0,2156.2162126004023
4386047,FALSE POSITIVE,2.900613144,38.63,1289.0,0.0,5977.0,0.931,650.9,G,0,1674.3701275870658
5103998,FALSE POSITIVE,154.608014,38.79,294.0,0.0,5704.0,0.804,1.77,G,0,31.4129900148643
9655858,FALSE POSITIVE,31.43284649,48.03,577.0,0.0,5780.0,1.0,26.19,G,0,154.51034641565482
12154526,CANDIDATE,1.72110057,0.7,1607.0,0.873,5700.0,1.176,1575.2,G,0,17.256400071960933
10275880,FALSE POSITIVE,9.72675447,48.03,1363.0,0.0,6327.0,2.433,815.99,F,0,499.3135187054845
2166200,FALSE POSITIVE,8.096939227,48.03,1194.0,0.0,6572.0,1.418,481.48,F,0,599.8192482172622
3547315,FALSE POSITIVE,0.64234865,25.76,1829.0,0.0,5441.0,0.791,2653.37,G,0,7560.8472128025805
6933781,FALSE POSITIVE,130.4194187,48.03,473.0,0.0,5770.0,1.685,11.79,G,0,17.565635722312877
6148271,FALSE POSITIVE,1.78526527,41.19,1815.0,0.0,6505.0,1.228,2563.99,F,0,970.7801014915839
5386904,FALSE POSITIVE,4.8591441,6.9,1303.0,1.0,6586.0,1.207,681.41,F,0,449.37955225489196
2997178,FALSE POSITIVE,5.95077813,32.26,2366.0,0.0,5122.0,2.747,3158.4199999999996,K,0,128.01687163557548
8956206,FALSE POSITIVE,99.673478,48.03,262.0,0.0,4932.0,0.492,1.11,K,0,25.041766878045532
6507433,CANDIDATE,4.7425521,7.27,1159.0,1.0,6161.0,1.053,426.49,F,0,755.5003981927789
8260198,FALSE POSITIVE,0.955297055,18.16,1550.0,0.0,5319.0,0.734,1367.42,G,0,885.693089465245
10733174,FALSE POSITIVE,154.608014,3.16,268.0,0.0,5869.0,0.892,1.22,G,0,4.211942079535412
8564976,FALSE POSITIVE,152.8255989,34.85,734.0,1.0,4991.0,2.747,68.47,K,0,14.222093783006926
8765560,CANDIDATE,47.1096306,48.03,751.0,1.0,5258.0,2.747,75.4,G,0,15.96701121235283
11760860,CONFIRMED,2.41660149,0.92,1343.0,1.0,5705.0,1.026,770.05,G,1,34.5940364375096
7910148,FALSE POSITIVE,4.252082243,33.14,1064.0,0.0,5802.0,0.794,303.48,G,0,1142.1933355111728
12459731,FALSE POSITIVE,14.180228311,48.03,873.0,0.0,6289.0,1.142,137.11,F,0,342.49801156110595
12735740,CONFIRMED,154.608014,8.98,264.0,0.963,5725.0,0.913,1.15,G,1,31.4129900148643
4678875,FALSE POSITIVE,1.87887673,48.03,1846.0,0.0,6569.0,1.235,2750.37,F,0,2584.8954976412956
7812175,FALSE POSITIVE,17.79391159,33.3,697.0,0.0,5780.0,1.0,55.88,G,0,272.94167307931417
7708193,FALSE POSITIVE,7.942583252,48.03,1285.0,0.0,5516.0,2.178,644.35,G,0,611.4761212955555
5478083,FALSE POSITIVE,15.85231085,48.03,725.0,0.0,5780.0,1.0,65.17,G,0,306.3717363326874
10857342,FALSE POSITIVE,2.415925551,48.03,3329.0,0.0,8796.0,2.747,3158.4199999999996,A,0,2010.2854568468447
5215700,FALSE POSITIVE,0.656201038,48.03,2157.0,0.0,6025.0,0.999,3158.4199999999996,F,0,7401.237911482853
8780959,FALSE POSITIVE,2.617280959,48.03,1689.0,0.0,6432.0,1.345,1918.98,F,0,1180.5763494266112
8780959,CANDIDATE,18.577903,1.36,879.0,0.0,6432.0,1.345,140.97,F,0,5.3719733599642545
5565486,FALSE POSITIVE,1.412524016,48.03,1978.0,0.0,6690.0,1.174,3158.4199999999996,F,0,3438.313221571448
8453214,FALSE POSITIVE,5.77676732,26.2,670.0,0.0,4401.0,0.645,47.55,K,0,840.7297249424267
8552719,CONFIRMED,88.40678718,4.55,410.0,0.927,5611.0,1.073,6.65,G,1,19.505289752121044
8556077,FALSE POSITIVE,3.635723653,1.23,1478.0,0.0,6422.0,1.295,1126.72,F,0,22.003872580906524
7757698,FALSE POSITIVE,154.608014,2.6,245.0,0.207,5959.0,0.859,0.85,G,0,5.905256631781067
8625821,FALSE POSITIVE,45.3968385,21.23,437.0,0.0,5649.0,0.705,8.62,G,0,29.85229907584864
8652999,FALSE POSITIVE,15.160166,2.09,821.0,0.0,5940.0,1.191,107.59,G,0,20.309803995549913
12164770,FALSE POSITIVE,2.63009438,25.55,1480.0,0.0,6338.0,1.091,1135.97,F,0,147.86541614525635
9541322,FALSE POSITIVE,9.40527028,25.39,938.0,0.0,6347.0,0.996,182.72,F,0,50.06767333431698
10470616,FALSE POSITIVE,4.15713766,1.17,1401.0,0.0,6470.0,1.324,908.82,F,0,18.522359925891895
10362031,FALSE POSITIVE,3.2136904,1.22,1591.0,0.015,6184.0,1.579,1515.7,F,0,17.363215821909915
6373680,FALSE POSITIVE,2.87066026,1.72,1196.0,0.0,5910.0,0.796,484.17,G,0,157.0370434570338
10963242,FALSE POSITIVE,31.24611088,2.39,878.0,0.0,5706.8232800782525,1.0,141.3,G,0,13.47047642557684
9150827,FALSE POSITIVE,82.37208458,2.39,878.0,0.0,5706.8232800782525,1.0,141.3,G,0,5.109740783495902
9957351,FALSE POSITIVE,0.991105114,36.87,1257.0,0.0,4769.0,0.578,589.31,K,0,4900.287498667875
5385575,FALSE POSITIVE,12.425580393,21.34,563.0,0.0,4594.0,0.743,23.83,K,0,91.02190515278895
3732035,CONFIRMED,138.944022,2.57,384.0,0.994,6014.0,1.115,5.13,F,1,3.8159252364236305
5385697,FALSE POSITIVE,12.4260454,2.64,706.0,0.0,5645.0,0.817,58.88,G,0,46.84515316514135
5385697,FALSE POSITIVE,12.4260002,2.39,706.0,0.0,5645.0,0.817,58.88,G,0,37.71124999659987
8823833,FALSE POSITIVE,1.50650136,0.8,1562.0,0.0,5607.0,0.948,1403.44,G,0,44.407527119656905
5008501,CANDIDATE,0.968026356,1.78,2167.0,0.045,6469.0,1.193,3158.4199999999996,F,0,219.72542243467595
5015913,FALSE POSITIVE,1.179969562,48.03,2960.0,0.0,5500.0,2.747,3158.4199999999996,G,0,940.1089957945882
5103942,FALSE POSITIVE,10.10176739,26.09,829.0,0.0,6058.0,0.867,111.86,F,0,59.56383440343701
5184709,CANDIDATE,10.57910009,2.03,929.0,0.384,6323.0,1.093,175.79,F,0,31.127411329747613
5195172,CONFIRMED,1.480283464,0.97,1822.0,0.979,5897.0,1.259,2597.27,G,1,40.87055045289623
8678664,FALSE POSITIVE,15.420409367,16.62,661.0,0.0,5468.0,0.88,45.03,G,0,314.9527281936782
8832512,CONFIRMED,9.97682072,2.85,802.0,1.0,5500.0,0.928,97.85,G,1,96.90461792722282
8892721,FALSE POSITIVE,61.4913415,4.57,323.0,0.0,4796.0,0.598,2.58,K,0,60.04747839173423
7778664,CANDIDATE,5.0263815,0.84,1065.0,0.921,5783.0,0.962,305.12,G,0,15.358961511377519
9042357,FALSE POSITIVE,16.00351679,18.01,586.0,0.0,5283.0,0.695,27.83,G,0,41.75957127233407
9115681,FALSE POSITIVE,1.86390886,48.03,2902.0,0.0,6689.0,2.747,3158.4199999999996,F,0,94.47886845711973
10481045,FALSE POSITIVE,2.03743942,0.82,1299.0,0.0,5751.0,0.774,673.94,G,0,55.21636564781887
8107034,FALSE POSITIVE,154.608014,2.55,302.0,0.0,6372.0,1.112,1.97,F,0,3.3510552693600997
3962751,FALSE POSITIVE,45.60304785,2.39,878.0,0.0,5706.8232800782525,1.0,141.3,G,0,9.22964625926861
8582291,FALSE POSITIVE,2.4681015,1.22,1244.0,0.001,5516.0,0.872,564.74,G,0,70.01332805802355
5110683,FALSE POSITIVE,12.53449909,2.39,878.0,0.0,5706.8232800782525,1.0,141.3,G,0,33.5793235116825
7967861,FALSE POSITIVE,154.608014,1.36,287.0,0.0,5914.0,0.828,1.61,G,0,1.708837680302911
8179325,FALSE POSITIVE,3.17275711,1.27,966.0,0.0,5058.0,0.739,206.07,K,0,98.71540402914738
5211199,CANDIDATE,6.68231249,2.09,1350.0,1.0,5343.0,2.506,784.74,G,0,7.287896229468311
5475494,FALSE POSITIVE,0.73619448,1.84,2268.0,0.0,6355.0,1.09,3158.4199999999996,F,0,335.91667245318115
9412445,FALSE POSITIVE,10.18670759,0.95,477.0,0.0,3995.0,0.555,12.29,K,0,25.64125824681692
7866914,FALSE POSITIVE,154.608014,2.87,263.0,0.0,6074.0,0.965,1.14,F,0,4.517877061663828
6057684,FALSE POSITIVE,0.54028956,21.45,2279.0,0.0,5997.0,0.993,3158.4199999999996,G,0,543.227228007145
5271608,FALSE POSITIVE,2.49047468,1.53,1413.0,0.009,6067.0,0.997,940.43,F,0,89.21993938922517
5357470,FALSE POSITIVE,2.17257963,13.55,1518.0,0.0,6038.0,0.971,1254.52,F,0,154.42471952109761
5443775,FALSE POSITIVE,3.307669761,3.87,1840.0,0.0,5959.0,2.382,2710.89,G,0,73.49584981739656
5527172,FALSE POSITIVE,3.183961388,37.22,1615.0,0.084,5716.0,1.76,1608.01,G,0,1525.3639752995646
7386391,FALSE POSITIVE,48.507991,2.06,511.0,0.09,6031.0,0.966,16.08,F,0,5.9557197493501635
5529643,FALSE POSITIVE,0.759766456,29.02,2128.0,0.0,6174.0,1.026,3158.4199999999996,F,0,632.4311848797915
9366989,FALSE POSITIVE,1.219034472,9.82,1845.0,0.0,5833.0,1.192,2734.97,G,0,3984.0546855347666
9468717,FALSE POSITIVE,7.37339245,13.73,1098.0,0.0,6484.0,1.093,344.18,F,0,16.95284780345579
9528420,FALSE POSITIVE,4.70847097,19.58,1202.0,0.234,6214.0,1.061,493.0,F,0,1031.4813515777078
9529744,FALSE POSITIVE,2.404556949,4.69,1958.0,0.0,6426.0,1.775,3158.4199999999996,F,0,169.9689417503582
7834712,CANDIDATE,66.119119,3.0,452.0,0.966,5828.0,1.028,9.89,G,0,13.03707631071128
9574614,CANDIDATE,0.982090079,29.95,1568.0,0.0,5472.0,0.742,1426.18,G,0,4945.269383990997
9674608,FALSE POSITIVE,2.972047661,24.74,881.0,0.0,4491.0,0.711,142.01,K,0,1634.125880190587
8495415,FALSE POSITIVE,2.237180102,1.75,1134.0,0.003,5080.0,0.793,390.02,K,0,220.7242946415228
10341905,FALSE POSITIVE,0.93374232,18.29,1638.0,0.0,5553.0,0.806,1706.25,G,0,376.33508996357796
10336927,FALSE POSITIVE,134.76308997,2.39,878.0,0.0,5706.8232800782525,1.0,141.3,G,0,3.1232587505503004
12115188,FALSE POSITIVE,0.495434094,1.57,2151.0,0.0,5529.0,0.936,3158.4199999999996,G,0,581.1065558197131
9850957,FALSE POSITIVE,8.48031302,2.74,1510.0,0.0,6541.0,2.43,1229.56,F,0,12.617458783378728
12470954,FALSE POSITIVE,5.40534383,2.39,878.0,0.0,5706.8232800782525,1.0,141.3,G,0,77.8673870224459
8189801,CANDIDATE,0.66682654,1.49,1183.0,1.0,3993.0,0.554,461.55,K,0,767.2160139277
11568224,FALSE POSITIVE,0.882131829,8.13,1963.0,0.0,6168.0,0.911,3158.4199999999996,F,0,4104.715282867319
7938883,FALSE POSITIVE,0.489682339,37.47,1251.0,0.0,3898.0,0.53,580.4,K,0,9918.062411476922
9280239,CONFIRMED,154.608014,2.89,166.0,0.99,4386.0,0.63,0.18,K,1,9.582297590343538
4544571,FALSE POSITIVE,2.189098506,29.7,1288.0,0.0,5681.0,0.859,651.22,G,0,1157.417079704498
3245661,FALSE POSITIVE,0.7088055,41.08,2035.0,0.0,5989.0,0.908,3158.4199999999996,G,0,6851.950217654914
5618071,FALSE POSITIVE,88.821421,48.03,634.0,0.0,5081.0,2.747,38.13,K,0,4.432489320340867
6312534,FALSE POSITIVE,1.507761203,31.77,1301.0,0.0,5069.0,0.818,675.11,K,0,1839.6149167926294
6470917,FALSE POSITIVE,1.506019633,1.08,1628.0,0.006,6065.0,0.896,1660.03,F,0,90.90186940477953
7431709,FALSE POSITIVE,0.572513875,0.52,1779.0,0.0,5171.0,0.76,2365.45,K,0,86.11145013734384
6611330,FALSE POSITIVE,35.14578122,32.5,480.0,0.0,5437.0,0.783,12.6,G,0,138.18728255316896
6699368,FALSE POSITIVE,3.690317047,20.23,1280.0,0.874,6120.0,1.054,634.09,F,0,126.14092341426945
9886255,CONFIRMED,105.9566815,3.79,324.0,1.0,5327.0,0.8,2.59,G,1,21.57862975351866
9973855,FALSE POSITIVE,2.95600563,0.81,1211.0,0.002,5668.0,0.916,509.55,G,0,25.744199952690888
10019399,FALSE POSITIVE,11.805707539,18.48,1153.0,0.0,6065.0,1.891,417.85,F,0,173.82270340180074
7841368,FALSE POSITIVE,25.3710555,1.43,779.0,0.0,6029.0,1.494,87.17,F,0,3.098018527451489
10028352,CANDIDATE,1.38680229,29.33,2530.0,1.0,6823.0,2.037,3158.4199999999996,F,0,174.7184885309066
10031707,FALSE POSITIVE,8.58966893,48.03,3749.0,0.0,3837.0,2.747,3158.4199999999996,K,0,50.013569032863764
10092312,FALSE POSITIVE,4.468456599,24.81,1081.0,0.0,5869.0,0.942,321.94,G,0,202.91122447131104
10407054,FALSE POSITIVE,0.933754669,1.48,2475.0,0.0,6443.0,1.457,3158.4199999999996,F,0,95.63539863809773
10880007,FALSE POSITIVE,86.79876649,2.39,878.0,0.0,5706.8232800782525,1.0,141.3,G,0,4.849147251977267
8418129,FALSE POSITIVE,154.608014,2.39,878.0,0.0,5706.8232800782525,1.0,141.3,G,0,2.7223685830412387
6525185,FALSE POSITIVE,1.71030803,1.32,1449.0,0.0,5790.0,0.9,1039.18,G,0,126.29303973974794
10812504,FALSE POSITIVE,79.9201319,1.81,217.0,0.0,3812.0,0.476,0.53,K,0,16.60157420235689
8107115,FALSE POSITIVE,154.608014,1.64,278.0,0.0,5662.0,0.789,1.42,G,0,2.481113301151388
10663411,FALSE POSITIVE,154.608014,1.59,377.0,0.0,6082.0,1.147,4.75,F,0,1.2437906355876223
10090219,FALSE POSITIVE,2.28612573,22.63,1433.0,0.0,6063.0,1.012,993.96,F,0,131.92625236758084
9205938,CONFIRMED,154.608014,1.45,305.0,0.92,5678.0,0.921,2.06,G,1,1.629281649009475
9899217,FALSE POSITIVE,1.33254971,1.36,1782.0,0.0,6150.0,1.004,2377.19,F,0,118.79481779332644
6750902,FALSE POSITIVE,0.469334634,2.4,2432.0,1.0,5888.0,1.008,3158.4199999999996,G,0,725.282080929915
5895588,FALSE POSITIVE,0.849277809,20.11,1781.0,0.132,5743.0,0.853,2366.84,G,0,813.3969740871917
6803855,CONFIRMED,71.4523167,2.19,561.0,0.99,6148.0,1.488,23.44,F,1,3.0355908669928406
6891366,FALSE POSITIVE,1.752564549,1.38,1741.0,0.0,6221.0,1.18,2174.09,F,0,66.53107303039484
7448023,FALSE POSITIVE,0.566816802,0.68,1585.0,0.0,4665.0,0.704,1483.43,K,0,165.83841493110856
6891637,FALSE POSITIVE,1.752553762,1.06,933.0,0.0,4408.0,0.529,178.74,K,0,236.62612182963662
6975615,FALSE POSITIVE,2.065351521,1.03,1196.0,0.0,5266.0,0.749,485.51,G,0,83.8598167134959
7137725,FALSE POSITIVE,2.253551793,1.7,1812.0,0.0,6526.0,1.426,2547.01,F,0,53.071777791618736
10153855,CONFIRMED,1.06378861,1.61,1650.0,1.0,5265.0,1.002,1761.19,G,1,236.41915098150938
10230571,FALSE POSITIVE,123.11494773,2.39,878.0,0.0,5706.8232800782525,1.0,141.3,G,0,3.418756274202091
10294613,FALSE POSITIVE,1.854493861,29.39,1291.0,0.0,5431.0,0.843,657.94,G,0,694.1516642745037
7879648,FALSE POSITIVE,1.020713389,0.9,1724.0,0.0,5815.0,0.87,2079.36,G,0,100.22402086860448
10491044,FALSE POSITIVE,2.1990638,1.33,1087.0,0.0,5003.0,0.707,330.97,K,0,156.79399569944266
10614012,FALSE POSITIVE,132.1331011,48.03,809.0,1.0,5067.0,2.747,101.41,K,0,36.75611909179659
10616415,FALSE POSITIVE,1.120646438,48.03,2783.0,0.0,4972.0,2.747,3158.4199999999996,K,0,287.780328446464
6525193,FALSE POSITIVE,1.710279417,1.57,1524.0,0.0,5834.0,1.023,1272.5,G,0,133.7793098167187
6866251,FALSE POSITIVE,65.238281,5.18,734.0,0.0,5254.0,2.747,68.49,G,0,3.0227651154695505
7117710,FALSE POSITIVE,0.56679641,0.46,1940.0,0.0,5403.0,0.888,3158.4199999999996,G,0,47.10686152722809
7762723,CONFIRMED,9.88736642,0.68,768.0,1.0,5693.0,0.816,82.32,G,1,6.877463331636091
4178606,CONFIRMED,42.3520039,6.3,938.0,0.999,6864.0,2.632,182.91,F,1,12.103323403783499
5980208,CONFIRMED,0.789160884,0.91,1244.0,1.0,4258.0,0.622,564.46,K,1,272.56799514660185
5303557,FALSE POSITIVE,2.399081606,40.6,1360.0,0.0,5780.0,1.0,810.78,G,0,2024.3996652108879
10227863,FALSE POSITIVE,5.14072621,19.28,1076.0,0.0,5751.0,1.035,317.19,G,0,28.322846627539025
7281668,FALSE POSITIVE,0.566798545,0.53,2004.0,0.0,5629.0,0.87,3158.4199999999996,G,0,65.10249598470652
8036287,CONFIRMED,1.44445234,2.03,1800.0,1.0,5305.0,1.449,2479.44,G,1,138.9453943492521
9602562,FALSE POSITIVE,3.55653637,1.7,1272.0,0.0,5950.0,1.114,619.57,G,0,56.93741858177596
10668665,FALSE POSITIVE,9.60853601,31.99,984.0,0.0,6377.0,1.158,221.77,F,0,60.82092000194314
10407020,FALSE POSITIVE,0.933747751,2.07,3112.0,0.0,6985.0,2.187,3158.4199999999996,F,0,82.03500347707933
7380829,FALSE POSITIVE,3.17463577,9.32,1296.0,0.0,5999.0,0.996,667.65,G,0,127.85718721993734
7470491,FALSE POSITIVE,0.902222843,48.03,3749.0,0.0,3705.0,2.747,3158.4199999999996,K,0,32.91869656197565
7768952,FALSE POSITIVE,22.4685309,20.05,1040.0,0.0,5461.0,2.747,276.85,G,0,10.783971639196045
8162790,FALSE POSITIVE,10.16104834,2.72,800.0,0.0,5636.0,0.913,96.98,G,0,89.4494317502676
9655129,FALSE POSITIVE,2.743978797,38.11,1136.0,0.554,5334.0,0.81,392.49,G,0,1769.948078793409
9899483,FALSE POSITIVE,1.332561398,2.16,2276.0,0.0,6468.0,1.602,3158.4199999999996,F,0,113.0154304529839
10917681,CANDIDATE,12.89623554,2.55,783.0,1.0,6072.0,0.923,89.02,F,0,33.079420632232036
7882360,FALSE POSITIVE,154.608014,2.2,259.0,0.0,6039.0,0.951,1.06,F,0,3.321302607250359
10965740,FALSE POSITIVE,21.78769087,48.03,1042.0,0.0,5627.0,2.747,278.24,G,0,23.302148127090625
11187436,CONFIRMED,5.90741476,5.1,769.0,1.0,4963.0,0.69,82.73,K,1,822.1362808119469
11285136,FALSE POSITIVE,2.368173896,10.92,1428.0,0.448,5944.0,0.991,983.51,G,0,2050.8206801043125
11298815,FALSE POSITIVE,5.73865933,1.84,535.0,0.0,3841.0,0.509,19.33,K,0,119.99318314648937
11342573,FALSE POSITIVE,91.05641908,48.03,431.0,0.0,6142.0,1.046,8.13,F,0,53.33726110767676
7134626,CANDIDATE,2.52443998,1.53,2145.0,0.999,6461.0,2.225,3158.4199999999996,F,0,18.142637718802092
9823519,CONFIRMED,4.49686066,1.93,535.0,1.0,3698.0,0.444,19.34,M,1,429.74424740125255
11246161,CANDIDATE,0.5374094,0.96,2208.0,0.997,5749.0,0.988,3158.4199999999996,G,0,175.28535972761176
7047824,CONFIRMED,24.7543849,2.1,491.0,1.0,4852.0,0.804,13.7,K,1,23.967470910577944
4479633,FALSE POSITIVE,0.475068516,1.03,2372.0,0.0,6045.0,0.955,3158.4199999999996,F,0,231.7560442165778
4952341,FALSE POSITIVE,1.79683793,3.37,2397.0,0.0,7592.0,1.714,3158.4199999999996,A,0,124.2738681501453
8176019,FALSE POSITIVE,154.608014,2.39,878.0,0.0,5706.8232800782525,1.0,141.3,G,0,2.7223685830412387
5385491,FALSE POSITIVE,12.425484,1.55,773.0,0.0,5478.0,1.017,84.37,G,0,9.432228153044178
11358389,CONFIRMED,17.7838298,1.6,729.0,1.0,6014.0,1.021,66.87,F,1,13.894644898142245
5551504,FALSE POSITIVE,1.204529346,1.4,1968.0,0.001,5340.0,1.504,3158.4199999999996,G,0,72.14436102248355
6421503,FALSE POSITIVE,2.15839583,14.28,1103.0,0.0,5272.0,0.662,350.53,G,0,163.17674223823903
10352333,CANDIDATE,1.570592397,1.37,1480.0,1.0,5519.0,0.921,1135.98,G,0,136.50900157770215
7538434,FALSE POSITIVE,154.608014,2.07,245.0,0.0,5988.0,0.836,0.85,G,0,3.863318495249541
10487119,FALSE POSITIVE,3.374684854,48.03,1163.0,0.0,5754.0,0.943,432.73,G,0,1439.1566057622754
10621666,FALSE POSITIVE,2.61841046,1.12,1245.0,0.0,5912.0,0.82,567.24,G,0,68.82037891034088
10747439,FALSE POSITIVE,4.593594819,8.85,1125.0,0.0,6075.0,0.969,378.37,F,0,316.7889327071274
10749128,FALSE POSITIVE,125.0426,1.2,416.0,0.0,6273.0,1.139,7.06,F,0,0.8341157333580715
10813841,FALSE POSITIVE,6.17039154,2.17,1029.0,0.0,6137.0,0.963,264.63,F,0,81.50212133864036
10879656,FALSE POSITIVE,0.364860478,0.68,1993.0,0.0,5220.0,0.642,3158.4199999999996,G,0,308.61111791888845
12253474,CANDIDATE,6.422943288,1.66,1034.0,1.0,6102.0,1.016,269.8,F,0,40.69785272561479
12691412,FALSE POSITIVE,6.90522317,4.54,1343.0,0.008,6596.0,1.721,768.55,F,0,60.86696833000403
5024482,FALSE POSITIVE,1.5259105,2.63,2545.0,0.0,6640.0,2.099,3158.4199999999996,F,0,54.9835655498799
8175131,FALSE POSITIVE,4.27121961,2.17,802.0,0.0,4702.0,0.67,97.84,K,0,226.32879792383235
3764879,CANDIDATE,1.306984786,18.33,1754.0,0.087,6102.0,1.026,2230.29,F,0,231.14270589527737
7177766,FALSE POSITIVE,0.769358923,1.93,2928.0,0.0,5267.0,2.747,3158.4199999999996,G,0,58.23029883803661
5513897,FALSE POSITIVE,0.755109106,0.85,1733.0,0.0,5452.0,0.815,2130.82,G,0,140.37706492709148
10664416,FALSE POSITIVE,25.3239215,19.02,484.0,0.0,5128.0,0.668,12.94,K,0,54.482083274503914
9602613,CONFIRMED,4.61225043,0.51,1032.0,0.856,5495.0,0.961,268.27,G,1,6.309284467886104
5807769,CONFIRMED,7.99022379,1.97,1113.0,0.999,5689.0,1.542,361.73,G,1,20.762872775557142
11495766,FALSE POSITIVE,4.1749166,0.61,1116.0,0.0,5910.0,0.94,366.59,G,0,9.748697734464923
7282154,FALSE POSITIVE,0.56678694,0.63,1920.0,0.0,5341.0,0.808,3158.4199999999996,G,0,107.97708218188656
3228988,FALSE POSITIVE,0.73094701,15.83,1870.0,0.0,5767.0,0.837,2886.66,G,0,311.5136896175278
2970804,FALSE POSITIVE,0.686994057,35.3,2063.0,0.0,5780.0,1.0,3158.4199999999996,G,0,4071.5053813049212
7552701,FALSE POSITIVE,1.324247867,1.3,2140.0,0.0,6557.0,1.406,3158.4199999999996,F,0,62.90363162049933
7418173,FALSE POSITIVE,0.780632043,48.03,2714.0,0.0,5354.0,2.18,3158.4199999999996,G,0,943.4662676279611
3228804,FALSE POSITIVE,0.730947169,14.43,1777.0,0.0,5514.0,0.826,2349.48,G,0,339.2858068515209
11045383,FALSE POSITIVE,41.16676097,17.82,446.0,0.0,5193.0,0.805,9.35,K,0,117.9762479622647
11391667,FALSE POSITIVE,1.083736642,48.03,3641.0,0.0,5591.0,2.747,3158.4199999999996,G,0,4481.439320015166
11392017,FALSE POSITIVE,2.45570369,48.03,1891.0,0.002,5148.0,2.314,3017.14,K,0,111.49553633647064
3446451,FALSE POSITIVE,0.64234875,2.78,3749.0,0.0,7089.0,2.584,3158.4199999999996,F,0,161.438782281432
6603756,FALSE POSITIVE,5.204286663,16.0,934.0,0.921,5332.0,0.86,180.12,G,0,933.211468639655
8460600,FALSE POSITIVE,6.352090869,18.9,772.0,0.0,5089.0,0.693,83.66,K,0,764.582890918968
12121470,FALSE POSITIVE,1.877350712,1.46,1650.0,0.0,6382.0,1.059,1755.2,F,0,98.86272118131544
3327993,FALSE POSITIVE,2.11552348,21.43,1398.0,0.0,5900.0,0.951,900.64,G,0,169.7924903201736
5467124,FALSE POSITIVE,2.84573962,3.63,1829.0,0.0,5557.0,2.372,2645.94,G,0,74.39190799894756
7906739,FALSE POSITIVE,7.01476115,1.02,928.0,0.0,5912.0,0.87,175.85,G,0,17.40615216813191
2860114,FALSE POSITIVE,0.941603153,2.29,1608.0,0.0,5237.0,0.837,1575.78,G,0,490.75876448344906
8501062,FALSE POSITIVE,24.40213373,2.39,878.0,0.0,5706.8232800782525,1.0,141.3,G,0,17.24849165475006
7199644,FALSE POSITIVE,1.13357304,0.59,1836.0,0.0,6147.0,0.954,2688.01,F,0,29.19970644326545
11966253,FALSE POSITIVE,0.643468999,0.88,2001.0,0.0,5670.0,0.843,3158.4199999999996,G,0,167.84025363745613
10275805,FALSE POSITIVE,112.645961,35.36,377.0,0.0,5895.0,0.991,4.76,G,0,17.381004899057146
5709889,FALSE POSITIVE,0.526887517,0.58,1238.0,1.0,3945.0,0.519,550.37,K,0,227.56280255544561
3119256,FALSE POSITIVE,4.14244748,1.82,1907.0,0.0,6785.0,2.124,3128.33,F,0,16.8740823721922
9943435,FALSE POSITIVE,0.777663575,0.95,1816.0,0.0,5769.0,0.812,2553.18,G,0,172.69678601058305
2442359,FALSE POSITIVE,0.552834211,18.09,3107.0,0.0,5132.0,2.648,3158.4199999999996,K,0,263.5509834611158
7707742,FALSE POSITIVE,0.758354475,48.03,3123.0,0.0,7131.0,1.83,3158.4199999999996,F,0,6404.261015272574
6041734,CONFIRMED,76.5369531,3.73,503.0,0.998,5596.0,1.466,15.15,G,1,8.52137397144439
2010191,FALSE POSITIVE,3.43525124,25.43,1579.0,0.0,5854.0,1.742,1468.73,G,0,44.30534751804645
5471675,FALSE POSITIVE,0.962828092,40.82,3553.0,0.0,6552.0,2.747,3158.4199999999996,F,0,65.4322412520552
7601665,CANDIDATE,3.11141514,0.7,1530.0,0.999,6450.0,1.273,1296.58,F,0,9.127679439137781
8845574,FALSE POSITIVE,1.878156188,2.51,1141.0,0.0,5075.0,0.67,400.37,K,0,419.29420195803226
2021440,FALSE POSITIVE,7.81153999,23.56,718.0,0.0,5150.0,0.71,62.96,K,0,116.85275901659949
3122985,FALSE POSITIVE,0.993488979,17.9,1914.0,0.349,5811.0,0.998,3158.4199999999996,G,0,4888.529317042378
3248019,FALSE POSITIVE,1.334104585,44.9,1880.0,0.0,6319.0,1.083,2954.64,F,0,3640.419240445081
3328026,FALSE POSITIVE,2.115498574,25.84,1432.0,0.0,5917.0,1.0,995.26,G,0,209.97414295586285
7116024,FALSE POSITIVE,3.40076682,0.69,1540.0,0.0,6134.0,1.496,1328.5,F,0,6.204483023037729
2014991,FALSE POSITIVE,6.49676881,3.74,1761.0,0.0,6418.0,2.747,2273.36,F,0,20.779560416588073
12885212,FALSE POSITIVE,2.057499811,1.27,1037.0,0.001,4620.0,0.736,273.84,K,0,158.25031830343144
5894073,FALSE POSITIVE,10.5856758,1.49,912.0,0.0,6246.0,1.092,163.41,F,0,16.881302939581804
10518424,FALSE POSITIVE,2.69633621,15.78,1334.0,0.0,6106.0,0.923,749.66,F,0,88.49044830355187
4245933,FALSE POSITIVE,11.2580745,2.14,497.0,0.0,4257.0,0.586,14.44,K,0,63.358969599996875
7199724,FALSE POSITIVE,0.566795586,0.66,2296.0,0.0,6108.0,0.997,3158.4199999999996,F,0,69.51359709424413
12935144,FALSE POSITIVE,1.099291188,1.37,1414.0,0.0,4878.0,0.843,947.02,K,0,257.074743329972
6185496,FALSE POSITIVE,0.47462889,1.43,1840.0,0.0,4904.0,0.786,2691.55,K,0,698.0190354615793
6606438,CONFIRMED,103.4269873,3.16,416.0,1.0,6208.0,1.024,7.08,F,1,9.186190420921214
9149789,CANDIDATE,0.352515897,1.0,2194.0,0.989,5465.0,0.766,3158.4199999999996,G,0,477.14160249629816
12170648,FALSE POSITIVE,0.299697755,2.03,2246.0,0.0,5180.0,0.782,3158.4199999999996,K,0,1157.4994947826685
7051984,CANDIDATE,0.339069751,2.09,3653.0,0.0,5653.0,2.183,3158.4199999999996,G,0,156.89987043403352
7282168,FALSE POSITIVE,0.56681727,0.42,1832.0,0.0,5481.0,0.708,2676.11,G,0,63.3361083017107
9851943,FALSE POSITIVE,1.081935491,0.99,1364.0,0.0,4938.0,0.718,819.14,K,0,187.53428618231732
5773121,CONFIRMED,0.524175803,1.27,1891.0,1.0,5278.0,0.815,3049.23,G,1,451.75683166740913
2708420,FALSE POSITIVE,1.89129881,0.86,1414.0,0.0,5806.0,0.893,944.68,G,0,43.35644878875591
4814502,CONFIRMED,4.94330596,1.41,1058.0,1.0,5661.0,1.008,296.74,G,1,25.529473801779407
8142787,CONFIRMED,154.608014,2.25,291.0,0.997,5431.0,0.879,1.7,G,1,4.390458052193853
7613620,CANDIDATE,0.619023176,0.79,1885.0,0.8,5395.0,0.891,2985.06,G,0,125.84343045663286
3345675,CANDIDATE,120.00336404,15.08,240.0,0.0,4315.0,0.668,0.78,K,0,40.47136543923173
3654950,FALSE POSITIVE,4.067371428,48.03,978.0,0.0,5385.0,0.75,215.71,G,0,1194.063558239658
3836453,FALSE POSITIVE,1.540395781,0.94,1211.0,0.0,4955.0,0.735,510.22,K,0,112.56847242689248
3952651,FALSE POSITIVE,32.9045733,28.34,568.0,0.001,5780.0,1.0,24.63,G,0,20.127901187522767
3966262,FALSE POSITIVE,2.46353343,21.49,1171.0,0.0,5541.0,0.777,445.83,G,0,336.9144456870634
4144231,FALSE POSITIVE,22.91339043,24.11,510.0,0.0,5451.0,0.6,15.94,G,0,211.95902958303495
9964670,FALSE POSITIVE,1.541350116,1.5,1273.0,0.0,5150.0,0.784,619.14,K,0,245.2395442645816
6209798,FALSE POSITIVE,1.205412526,12.6,1988.0,0.0,6292.0,1.122,3158.4199999999996,F,0,90.59139310785626
6525249,FALSE POSITIVE,1.710316235,23.38,1647.0,0.0,6147.0,1.096,1740.08,F,0,239.37093715303473
11075429,CONFIRMED,23.9210408,3.01,1020.0,0.991,7121.0,1.972,255.65,F,1,6.617605033306076
11705004,CONFIRMED,9.03326435,1.96,729.0,0.993,5311.0,0.788,66.89,G,1,67.60568232457408
6137681,FALSE POSITIVE,154.608014,28.27,220.0,0.0,5385.0,0.75,0.55,G,0,20.134790684265564
11244682,CONFIRMED,3.490785878,1.32,1010.0,1.0,5496.0,0.725,245.65,G,1,96.48257205422325
9655419,FALSE POSITIVE,1.92149487,48.03,2382.0,0.0,6831.0,2.247,3158.4199999999996,F,0,523.550708204597
5895158,CONFIRMED,1.093665854,1.29,1681.0,1.0,5845.0,0.874,1880.33,G,1,199.6953632603766
4947556,CANDIDATE,141.608555,2.98,290.0,0.0,5083.0,0.844,1.68,K,0,8.919658844057832
7287028,CANDIDATE,3.6092231,0.68,1192.0,0.465,6032.0,0.929,477.0,F,0,14.51835992072643
5471690,FALSE POSITIVE,12.4247333,1.47,1284.0,0.0,6632.0,2.193,642.95,F,0,3.259627311275969
8376848,CANDIDATE,11.4927112,25.01,858.0,0.964,6198.0,1.005,127.97,F,0,25.363901948567193
5350447,FALSE POSITIVE,70.7511986,27.74,441.0,0.0,5771.0,0.936,8.97,G,0,12.128416436467269
4173026,CONFIRMED,116.583183,2.91,371.0,0.991,5738.0,0.981,4.47,G,1,7.025026928626575
8934103,CONFIRMED,154.608014,3.06,346.0,0.997,5497.0,1.241,3.39,G,1,4.103926980137007
7618364,FALSE POSITIVE,1.302061421,48.03,3345.0,0.0,7757.0,2.747,3158.4199999999996,A,0,803.4183204633937
4150390,FALSE POSITIVE,55.25178622,27.32,444.0,0.0,5793.0,0.832,9.15,G,0,87.90123057129283
4851464,FALSE POSITIVE,5.548250634,21.49,1088.0,0.001,6124.0,1.028,331.99,F,0,875.3569945520957
4913000,FALSE POSITIVE,4.442520831,3.98,1392.0,0.0,6496.0,1.33,889.36,F,0,119.63928143930856
4945877,FALSE POSITIVE,1.339670241,1.27,3448.0,1.0,8867.0,2.245,3158.4199999999996,A,0,21.348537218122768
5110423,FALSE POSITIVE,2.685223546,28.98,1111.0,0.0,5552.0,0.719,360.92,G,0,1808.676230042264
2581191,FALSE POSITIVE,1.99042642,1.17,1539.0,0.0,6198.0,1.005,1327.48,F,0,67.22177652766487
7379385,FALSE POSITIVE,67.230028,2.44,482.0,0.0,6157.0,1.016,12.79,F,0,5.638849354636592
6199702,FALSE POSITIVE,0.805259637,1.93,2115.0,0.0,6257.0,1.022,3158.4199999999996,F,0,424.45937222605386
6307083,FALSE POSITIVE,75.3787816,1.6,360.0,0.0,5061.0,0.841,3.97,K,0,5.143357212343162
6780158,FALSE POSITIVE,2.464160779,36.93,1709.0,0.0,5238.0,1.883,2018.62,G,0,47.35892275964189
7199756,FALSE POSITIVE,0.566781152,0.54,1090.0,0.0,3725.0,0.46,337.1,K,0,235.3642133816052
4947556,CONFIRMED,13.0267964,2.08,643.0,0.91,5083.0,0.844,40.51,K,1,27.37434354927049
7362696,FALSE POSITIVE,4.93129874,21.42,944.0,0.0,5457.0,0.779,187.36,G,0,137.1038413300428
3865595,FALSE POSITIVE,5.59187448,48.03,3749.0,0.0,3915.0,2.747,3158.4199999999996,K,0,42.27562704519075
9593528,FALSE POSITIVE,1.88665445,43.81,1794.0,1.0,6296.0,1.249,2453.86,F,0,1112.0213349084672
5195945,FALSE POSITIVE,14.53682228,48.03,1596.0,0.0,4946.0,2.747,1534.06,K,0,71.01276882364141
7300182,CANDIDATE,154.608014,2.22,338.0,0.923,6174.0,0.939,3.08,F,0,3.5528559341044246
5288577,FALSE POSITIVE,1.72853003,2.43,2492.0,0.0,6701.0,2.237,3158.4199999999996,F,0,57.33195158894636
11969988,FALSE POSITIVE,2.19068738,1.68,2017.0,0.495,6208.0,1.975,3158.4199999999996,F,0,30.264473427513877
8483258,FALSE POSITIVE,154.608014,5.68,279.0,0.0,6194.0,1.129,1.44,F,0,13.414569829478568
4832225,FALSE POSITIVE,0.947730124,2.82,3749.0,0.0,9464.0,2.184,3158.4199999999996,A,0,160.91078687713002
9009953,CONFIRMED,154.608014,3.41,329.0,0.982,5814.0,1.248,2.77,G,1,3.0017848880718434
7664272,FALSE POSITIVE,154.608014,1.72,234.0,0.146,5327.0,0.896,0.71,G,0,2.496636429208644
5302006,FALSE POSITIVE,6.14631207,4.79,1260.0,0.0,6726.0,1.31,594.72,F,0,144.98124889385906
5306720,FALSE POSITIVE,27.36432337,39.49,659.0,0.0,6167.0,1.107,44.5,F,0,83.4115270872126
5389540,FALSE POSITIVE,10.26231992,1.98,509.0,0.001,4316.0,0.54,15.89,K,0,79.30955245449023
5444384,FALSE POSITIVE,1.519529227,11.12,1653.0,0.0,6033.0,1.046,1766.31,F,0,3196.1872886042224
5450814,FALSE POSITIVE,6.487525901,21.23,593.0,0.0,4481.0,0.485,29.11,K,0,748.6212886258194
7116519,FALSE POSITIVE,0.56676437,0.92,2267.0,0.0,6039.0,1.005,3158.4199999999996,F,0,134.9767276302143
9635510,FALSE POSITIVE,2.35197616,21.19,1444.0,0.0,6147.0,1.003,1025.78,F,0,113.94673320158144
8076630,FALSE POSITIVE,0.861643331,1.88,1613.0,0.0,5506.0,0.688,1599.85,G,0,269.8332263886576
4077901,FALSE POSITIVE,12.1097626,1.09,681.0,0.0,5437.0,0.739,50.68,G,0,9.405634425897004
10271691,FALSE POSITIVE,63.909601,0.76,351.0,0.0,5227.0,0.643,3.57,G,0,2.23753548390953
10544677,FALSE POSITIVE,19.7352868,48.03,743.0,0.002,6329.0,1.045,72.08,F,0,16.184208683503904
7199883,FALSE POSITIVE,0.566799125,0.56,2299.0,0.0,6063.0,1.004,3158.4199999999996,F,0,54.16380979769509
9904006,CANDIDATE,20.1890396,1.39,794.0,1.0,6178.0,1.267,93.89,F,0,5.5525177136212065
8552587,FALSE POSITIVE,1.061935973,24.17,1961.0,0.0,6274.0,1.062,3158.4199999999996,F,0,318.19244153244256
6019872,FALSE POSITIVE,1.485898163,14.96,1272.0,0.0,5088.0,0.727,620.65,K,0,151.15436952054432
7679812,CONFIRMED,38.5763483,2.05,619.0,0.974,6167.0,1.221,34.77,F,1,7.312770970600139
4864734,FALSE POSITIVE,1.845610523,48.03,2502.0,0.0,5974.0,2.747,3158.4199999999996,G,0,202.69715378080343
7366501,CANDIDATE,7.3812344,1.0,944.0,0.802,6072.0,0.923,187.24,F,0,14.157523570854218
8282846,CONFIRMED,133.303247,2.67,301.0,1.0,5064.0,0.864,1.94,K,1,7.632972361130858
5938970,CONFIRMED,125.4132302,3.14,266.0,1.0,4641.0,0.747,1.18,K,1,10.724546348539869
8381693,FALSE POSITIVE,21.5702917,29.53,888.0,0.0,6070.0,1.628,146.81,F,0,6.893740801845531
4929299,FALSE POSITIVE,0.868723418,1.87,1998.0,0.0,5761.0,1.046,3158.4199999999996,G,0,226.8846400546785
7375348,CONFIRMED,25.30893566,1.77,710.0,1.0,5949.0,1.292,60.2,G,1,6.072953918916399
10223615,FALSE POSITIVE,27.25471993,2.39,878.0,0.0,5706.8232800782525,1.0,141.3,G,0,15.443196667623948
3342463,FALSE POSITIVE,34.10787519,2.39,878.0,0.0,5706.8232800782525,1.0,141.3,G,0,12.340258595862418
6680177,FALSE POSITIVE,16.61474421,2.39,878.0,0.0,5706.8232800782525,1.0,141.3,G,0,25.33292084910165
5565497,FALSE POSITIVE,1.412526202,36.77,3001.0,0.0,8468.0,1.91,3158.4199999999996,A,0,106.40510582188833
5730389,FALSE POSITIVE,2.759573341,6.42,1198.0,0.0,5640.0,0.863,487.37,G,0,138.42719609023794
5802478,FALSE POSITIVE,3.79188234,1.95,1201.0,0.0,6171.0,0.91,492.81,F,0,109.97176668725433
5942093,FALSE POSITIVE,14.38724729,29.24,725.0,1.0,5830.0,0.859,65.41,G,0,133.0414332511275
5992270,FALSE POSITIVE,58.4302648,3.45,300.0,0.025,4338.0,0.609,1.91,K,0,31.653116862136827
7117126,FALSE POSITIVE,0.566717263,0.43,2096.0,0.0,5544.0,0.957,3158.4199999999996,G,0,32.644144104712055
4761060,FALSE POSITIVE,13.37935853,6.65,1395.0,0.0,6739.0,2.702,896.56,F,0,26.42129659709478
5479802,FALSE POSITIVE,13.26255423,3.55,766.0,0.0,5973.0,0.935,81.56,G,0,69.09679569317773
5607631,FALSE POSITIVE,20.5696575,28.96,650.0,0.0,6098.0,0.838,42.09,F,0,19.519041578597015
4951249,FALSE POSITIVE,4.52342256,1.7,1195.0,0.0,6211.0,1.058,482.25,F,0,48.41466767588478
9156585,FALSE POSITIVE,22.32423657,4.56,611.0,0.0,5648.0,0.912,32.87,G,0,58.20131837099592
3121340,FALSE POSITIVE,0.723947772,48.03,3192.0,0.0,5160.0,2.747,3158.4199999999996,K,0,335.2451784325679
8636434,CONFIRMED,154.608014,3.28,330.0,0.988,6325.0,1.349,2.81,F,1,3.795404809999047
5952366,FALSE POSITIVE,0.905679492,35.74,1882.0,0.0,5780.0,1.0,2950.42,G,0,2538.4255912907433
5952366,FALSE POSITIVE,22.735911,5.07,643.0,0.0,5780.0,1.0,40.32,G,0,101.64536622262463
6045250,FALSE POSITIVE,0.909310626,48.03,2130.0,0.0,6370.0,1.106,3158.4199999999996,F,0,5341.079122064499
5598595,FALSE POSITIVE,0.648774274,1.08,1659.0,0.0,5026.0,0.729,1795.83,K,0,356.05604176592243
6681233,FALSE POSITIVE,32.63286247,2.39,878.0,0.0,5706.8232800782525,1.0,141.3,G,0,12.898041058670266
7296438,CANDIDATE,154.608014,2.39,878.0,0.0,5706.8232800782525,1.0,141.3,G,0,2.7223685830412387
7351237,FALSE POSITIVE,25.64384513,2.39,878.0,0.0,5706.8232800782525,1.0,141.3,G,0,16.413295192911658
7436215,FALSE POSITIVE,25.58546721,2.39,878.0,0.0,5706.8232800782525,1.0,141.3,G,0,16.450745125947613
9763754,FALSE POSITIVE,17.47702,0.93,676.0,0.0,6116.0,0.782,49.24,F,0,7.913248368428944
10216045,FALSE POSITIVE,16.88954693,2.39,878.0,0.0,5706.8232800782525,1.0,141.3,G,0,24.92073954052478
8846163,FALSE POSITIVE,26.77891391,2.39,878.0,0.0,5706.8232800782525,1.0,141.3,G,0,15.71759039274644
12366681,FALSE POSITIVE,13.33386985,2.39,878.0,0.0,5706.8232800782525,1.0,141.3,G,0,31.566229814370057
1996399,FALSE POSITIVE,94.10628163,2.39,878.0,0.0,5706.8232800782525,1.0,141.3,G,0,4.472602601119264
2697169,FALSE POSITIVE,14.71266408,2.39,878.0,0.0,5706.8232800782525,1.0,141.3,G,0,28.60800720463401
8435247,FALSE POSITIVE,0.696125302,28.44,1645.0,0.974,5245.0,0.674,1739.43,G,0,6976.761203832812
8332986,FALSE POSITIVE,154.608014,40.73,238.0,0.0,5328.0,0.857,0.76,G,0,31.4129900148643
9425139,CANDIDATE,154.608014,7.82,284.0,0.995,5716.0,1.155,1.53,G,0,26.148709212447425
6364327,FALSE POSITIVE,5.24372504,20.41,1017.0,0.0,5772.0,0.867,253.25,G,0,44.7010471014323
6762829,FALSE POSITIVE,18.795269797,30.77,899.0,0.0,5623.0,1.841,154.05,G,0,258.40012154415575
7369865,FALSE POSITIVE,42.2625935,12.62,855.0,0.0,5432.0,2.747,126.27,G,0,16.378549981794183
7593110,FALSE POSITIVE,3.549386251,24.15,1142.0,0.004,5759.0,0.892,402.76,G,0,1368.3210720252491
7810483,CONFIRMED,29.92208104,3.09,782.0,0.994,6127.0,1.637,88.52,F,1,11.539972755852146
7117147,FALSE POSITIVE,0.566812588,0.71,3089.0,0.0,6194.0,1.718,3158.4199999999996,F,0,30.16870189904816
6634133,FALSE POSITIVE,9.94221873,19.64,754.0,0.0,5213.0,0.917,76.56,G,0,48.932739583772964
7021534,FALSE POSITIVE,9.06557317,1.46,880.0,0.0,6075.0,0.916,141.9,F,0,26.848826371559692
9277210,FALSE POSITIVE,4.9432827,1.21,1739.0,0.0,6701.0,2.236,2161.95,F,0,5.482186968590731
9728465,FALSE POSITIVE,7.35390869,2.29,1483.0,0.0,6385.0,2.327,1141.53,F,0,12.632737761121156
7124026,FALSE POSITIVE,15.7455586,1.41,743.0,0.013,6089.0,0.95,71.98,F,0,10.231456634380693
7200485,FALSE POSITIVE,0.566796615,0.59,2077.0,0.0,5858.0,0.849,3158.4199999999996,G,0,84.33360174531035
9904006,CONFIRMED,8.48651582,1.34,1060.0,0.999,6178.0,1.267,298.03,F,1,13.05600582737145
4544572,FALSE POSITIVE,2.189092892,33.45,1446.0,0.0,6106.0,0.966,1034.43,F,0,854.9203219467581
5738634,FALSE POSITIVE,2.40435335,3.05,2454.0,0.0,6103.0,2.747,3158.4199999999996,F,0,29.363404509574266
10152836,FALSE POSITIVE,154.608014,5.24,299.0,0.0,5893.0,0.941,1.89,G,0,15.888568363603714
10651816,FALSE POSITIVE,3.1877519,19.66,1141.0,0.0,5532.0,0.896,400.3,G,0,141.88682626147914
7367164,CANDIDATE,3.76565247,0.87,1108.0,0.825,5815.0,0.877,356.3,G,0,24.53758033597827
6964043,FALSE POSITIVE,10.72396374,39.84,783.0,0.0,5582.0,0.905,88.64,G,0,452.88291883016007
3644523,FALSE POSITIVE,119.67747,36.8,379.0,0.0,6075.0,0.969,4.9,F,0,27.190581485387348
11909686,FALSE POSITIVE,154.608014,48.03,343.0,0.0,5813.0,1.164,3.28,G,0,31.4129900148643
6678383,FALSE POSITIVE,103.62650922,2.39,878.0,0.0,5706.8232800782525,1.0,141.3,G,0,4.061702002394248
12644769,FALSE POSITIVE,41.077590334,23.2,346.0,0.0,4451.0,0.62,3.37,K,0,118.23234908645797
6233890,FALSE POSITIVE,2.99540439,48.03,2195.0,0.0,6106.0,2.747,3158.4199999999996,F,0,74.51414598480974
7671950,CANDIDATE,10.5994606,1.28,896.0,0.939,6194.0,1.069,152.67,F,0,12.151561750227177
7918172,FALSE POSITIVE,63.934965,44.59,525.0,0.0,5209.0,1.595,18.0,G,0,17.50998064986819
8009496,FALSE POSITIVE,38.4769457,4.79,814.0,0.0,6079.0,2.163,103.72,F,0,6.741699354790523
8081187,CONFIRMED,37.3228722,35.34,1654.0,0.999,4907.0,2.747,1769.88,K,1,8.238915760615015
8111919,FALSE POSITIVE,1.664980224,3.68,1921.0,0.0,5792.0,1.567,3158.4199999999996,G,0,138.620265077695
8127586,FALSE POSITIVE,16.6094904,1.82,766.0,0.0,6047.0,1.05,81.28,F,0,16.4303656179602
7117485,FALSE POSITIVE,0.566789505,3.37,2038.0,0.0,5894.0,0.784,3158.4199999999996,G,0,96.33205893605951
2860793,FALSE POSITIVE,2.62982665,17.88,1968.0,0.0,6712.0,1.846,3158.4199999999996,F,0,48.064004522883664
3851130,FALSE POSITIVE,2.69787749,1.5,1512.0,0.0,5609.0,1.348,1235.14,G,0,43.29329275807849
7257363,FALSE POSITIVE,5.23340265,1.15,851.0,0.0,5266.0,0.741,124.02,G,0,46.260533765732696
11922722,FALSE POSITIVE,3.51289168,1.12,1161.0,0.0,5523.0,0.981,429.42,G,0,37.29121531011739
12061969,CONFIRMED,14.092583189,1.82,597.0,0.0,5081.0,0.77,30.1,K,1,37.63681880650561
7203326,FALSE POSITIVE,9.087508013,1.37,987.0,0.0,6078.0,1.119,224.7,F,0,15.471788283307893
8030339,FALSE POSITIVE,0.65244373,2.17,1969.0,0.0,5638.0,0.883,3158.4199999999996,G,0,936.0194173373388
9899414,FALSE POSITIVE,1.332564704,30.04,1692.0,0.0,6046.0,0.972,1945.27,F,0,787.5790172512329
5471059,FALSE POSITIVE,2.636899795,48.03,1179.0,0.0,5524.0,0.847,456.22,G,0,161.6291983518471
7458309,FALSE POSITIVE,0.660629055,17.38,2032.0,0.0,6024.0,0.849,3158.4199999999996,F,0,350.57495314068495
7777372,FALSE POSITIVE,0.885123683,1.14,1961.0,0.0,5979.0,0.998,3158.4199999999996,G,0,128.00470959717842
7377200,FALSE POSITIVE,154.608014,4.11,313.0,0.0,6061.0,1.653,2.26,F,0,3.1026852204440063
6312314,FALSE POSITIVE,1.221204888,1.1,1772.0,0.0,5874.0,0.997,2334.4,G,0,91.3851566568574
6387969,FALSE POSITIVE,135.90795753,2.39,878.0,0.0,5706.8232800782525,1.0,141.3,G,0,3.096948903136091
6468337,FALSE POSITIVE,0.959853772,1.3,2468.0,0.0,6061.0,1.653,3158.4199999999996,F,0,58.13385499723805
9084778,CANDIDATE,0.592243731,6.77,1551.0,0.0,4920.0,0.591,1361.22,K,0,6741.143537743922
10357040,FALSE POSITIVE,46.882525,1.91,513.0,0.0,6045.0,0.955,16.4,F,0,7.3268238005525514
10514429,FALSE POSITIVE,20.7191626,1.85,790.0,0.0,5837.0,1.366,92.2,G,0,8.899973592562086
7747103,CANDIDATE,154.608014,3.93,326.0,0.181,6098.0,1.618,2.66,F,0,3.571613047173609
8127607,FALSE POSITIVE,16.60973843,6.64,579.0,0.0,5238.0,0.752,26.59,G,0,40.20532910944823
8129042,FALSE POSITIVE,54.323118,5.06,706.0,0.0,6988.0,1.67,58.78,F,0,9.903702508386944
8180020,FALSE POSITIVE,5.803127153,19.04,886.0,0.002,5533.0,0.795,145.32,G,0,836.9108365115293
8223328,FALSE POSITIVE,35.51619219,48.03,504.0,0.0,5514.0,0.871,15.2,G,0,136.74607835260733
8444552,FALSE POSITIVE,0.589049151,39.51,1959.0,0.0,5592.0,0.771,3158.4199999999996,G,0,8244.982599083654
6342333,CONFIRMED,80.2321467,3.24,380.0,0.968,5436.0,0.888,4.91,G,1,11.07660752644426
10674871,CANDIDATE,41.88970036,32.16,515.0,0.89,5952.0,0.907,16.66,G,0,31.13891932360435
6032517,FALSE POSITIVE,1.791406261,4.51,1579.0,0.0,6092.0,1.028,1466.9,F,0,192.8652408567193
4768846,FALSE POSITIVE,1.25483232,2.89,2748.0,0.0,6168.0,2.572,3158.4199999999996,F,0,93.71770086380943
8260234,FALSE POSITIVE,5.71483873,1.26,842.0,0.0,5193.0,0.755,118.73,K,0,50.080153355438604
7210749,FALSE POSITIVE,17.5859472,2.24,700.0,0.131,5780.0,1.0,56.81,G,0,28.971996458626922
9282769,FALSE POSITIVE,1.332567005,27.36,2007.0,0.0,6388.0,1.223,3158.4199999999996,F,0,301.14808373181955
10404582,CONFIRMED,10.32736351,1.25,838.0,0.854,5757.0,1.017,116.56,G,1,12.287744096266445
7777416,FALSE POSITIVE,2.54557259,1.97,1234.0,0.0,5718.0,0.863,549.8,G,0,207.8117913738221
7597005,FALSE POSITIVE,0.704541784,1.72,2121.0,0.0,6063.0,1.012,3158.4199999999996,F,0,390.6084866075168
5479717,FALSE POSITIVE,0.697996932,28.06,1604.0,0.0,5176.0,0.695,1560.69,K,0,6958.053506172144
3764714,FALSE POSITIVE,6.63449721,48.03,1719.0,0.0,6487.0,2.747,2067.13,F,0,138.5334820270427
11392618,FALSE POSITIVE,110.9215892,3.71,443.0,0.188,5725.0,1.384,9.12,G,0,4.489657997074568
4474645,FALSE POSITIVE,3.88673217,21.04,1050.0,0.0,5798.0,0.767,287.4,G,0,195.97439871963186
4570949,CONFIRMED,1.544928892,13.43,1997.0,1.0,6309.0,1.412,3158.4199999999996,F,1,3143.639830382562
4927315,FALSE POSITIVE,11.76921923,3.12,868.0,0.0,6215.0,1.052,134.04,F,0,44.12357267305318
4928119,FALSE POSITIVE,44.638983058,48.03,551.0,0.0,6197.0,1.035,21.86,F,0,108.79952156816896
11518201,CANDIDATE,1.236866732,1.75,1569.0,0.981,5621.0,0.879,1439.3,G,0,151.35017795918856
10861608,FALSE POSITIVE,154.608014,2.39,878.0,0.0,5706.8232800782525,1.0,141.3,G,0,2.7223685830412387
10934313,FALSE POSITIVE,1.926888595,1.31,1619.0,0.0,6268.0,1.1,1622.18,F,0,67.46627715651614
11497958,CONFIRMED,34.1420506,1.06,248.0,0.984,3526.0,0.383,0.89,M,1,23.080043118441164
7516809,FALSE POSITIVE,0.241842544,1.16,2689.0,0.0,5834.0,0.797,3158.4199999999996,G,0,840.6295957588009
6115516,FALSE POSITIVE,0.865759153,1.53,2100.0,0.0,6249.0,1.076,3158.4199999999996,F,0,221.3086622718039
9758032,CANDIDATE,1.332035996,0.85,1365.0,1.0,5376.0,0.73,823.09,G,0,102.69992733739907
5640511,FALSE POSITIVE,0.63624396,2.39,878.0,0.0,5706.8232800782525,1.0,141.3,G,0,661.5386965716734
7336093,FALSE POSITIVE,4.4040248,2.39,878.0,0.0,5706.8232800782525,1.0,141.3,G,0,95.57166889705071
10196493,FALSE POSITIVE,9.81101738,2.39,878.0,0.0,5706.8232800782525,1.0,141.3,G,0,42.90074960605156
11442793,CONFIRMED,8.71980135,1.53,987.0,0.999,5970.0,1.2,224.47,G,1,18.394914466715463
11442793,CONFIRMED,7.00821787,1.29,1062.0,0.916,5970.0,1.2,300.58,G,1,16.609072685692635
7812455,FALSE POSITIVE,0.903583394,33.18,2162.0,0.0,6455.0,1.101,3158.4199999999996,F,0,1136.6964098944031
9520443,FALSE POSITIVE,0.99014722,1.34,1433.0,0.0,5072.0,0.747,997.75,K,0,324.29520935280715
10601465,FALSE POSITIVE,138.61227705,2.39,878.0,0.0,5706.8232800782525,1.0,141.3,G,0,3.036527564208282
7461307,FALSE POSITIVE,0.77359329,0.82,1890.0,0.0,5747.0,0.907,3022.82,G,0,104.18911467031985
7269881,FALSE POSITIVE,0.306937807,0.82,2142.0,0.0,5088.0,0.741,3158.4199999999996,K,0,388.3522892310233
6974658,CANDIDATE,0.716531851,1.11,2034.0,0.999,5552.0,1.03,3158.4199999999996,G,0,110.1137372887001
10964265,FALSE POSITIVE,0.637487312,1.75,2334.0,0.133,6173.0,1.083,3158.4199999999996,F,0,331.45757730782884
8672910,FALSE POSITIVE,5.71489488,1.41,908.0,0.0,5552.0,0.833,160.68,G,0,51.18204378940387
3233043,FALSE POSITIVE,7.76967007,2.39,878.0,0.0,5706.8232800782525,1.0,141.3,G,0,54.17218443099219
7269493,FALSE POSITIVE,76.642481,1.36,542.0,0.0,5537.0,1.714,20.44,G,0,0.8415698338366682
9634821,CANDIDATE,5.47715718,2.17,892.0,1.0,5029.0,0.93,149.23,K,0,103.77646310307276
8753896,FALSE POSITIVE,73.45736853,2.39,878.0,0.0,5706.8232800782525,1.0,141.3,G,0,5.729854042186447
11074835,FALSE POSITIVE,9.49361221,2.39,878.0,0.0,5706.8232800782525,1.0,141.3,G,0,44.335074014993914
10812504,FALSE POSITIVE,4.4296786,2.39,878.0,0.0,5706.8232800782525,1.0,141.3,G,0,95.01818032576901
9827149,FALSE POSITIVE,5.9703813,1.69,981.0,0.0,5825.0,0.965,218.94,G,0,35.22388092700211
9602613,CANDIDATE,7.57299816,0.53,875.0,0.952,5495.0,0.961,138.36,G,0,3.987852546896697
7584650,FALSE POSITIVE,3.95383243,2.39,878.0,0.0,5706.8232800782525,1.0,141.3,G,0,106.45367689495126
9758089,CONFIRMED,32.376183,2.26,392.0,1.0,4580.0,0.675,5.61,K,1,23.023096947530846
10005758,CONFIRMED,154.608014,6.36,321.0,0.991,5791.0,1.336,2.51,G,1,10.530501995840913
9823564,FALSE POSITIVE,129.68366098,2.39,878.0,0.0,5706.8232800782525,1.0,141.3,G,0,3.2455900521262406
9532424,FALSE POSITIVE,4.30908594,1.62,1172.0,0.0,5754.0,1.097,445.13,G,0,37.316498728266254
9950316,FALSE POSITIVE,57.104588,0.98,425.0,0.0,5637.0,0.821,7.74,G,0,2.52694231854015
6028860,FALSE POSITIVE,0.422015793,6.69,2136.0,0.0,5614.0,0.777,3158.4199999999996,G,0,3061.2598424722937
6778019,FALSE POSITIVE,0.945825494,1.14,1989.0,0.0,6116.0,1.084,3158.4199999999996,F,0,110.69695272984468
4571536,FALSE POSITIVE,0.676715927,1.29,1735.0,0.0,5334.0,0.733,2135.8,G,0,390.85824560473213
10904004,CANDIDATE,4.64490141,0.76,832.0,0.908,4786.0,0.77,113.62,K,0,22.90683711196359
3336283,FALSE POSITIVE,0.576441813,0.82,2471.0,0.0,6459.0,1.038,3158.4199999999996,F,0,105.47465265154177
5695904,FALSE POSITIVE,0.423854275,0.58,1062.0,0.0,3553.0,0.368,301.79,M,0,555.1436280783059
1725415,FALSE POSITIVE,2.43731228,2.39,878.0,0.0,5706.8232800782525,1.0,141.3,G,0,172.6902225265939
11304987,FALSE POSITIVE,0.692693892,32.44,2050.0,0.0,5907.0,0.964,3158.4199999999996,G,0,2069.7454049443245
11709423,FALSE POSITIVE,0.768934934,4.09,1713.0,0.0,5390.0,0.777,2026.85,G,0,1101.2635303158172
8758136,FALSE POSITIVE,0.998212785,1.1,1888.0,0.256,6072.0,0.988,2998.77,F,0,119.01270128492693
12405333,CONFIRMED,0.764863517,1.04,1733.0,0.986,5231.0,0.86,2145.14,G,1,196.37490436087828
10617638,FALSE POSITIVE,0.710894157,1.16,2098.0,0.001,5862.0,1.049,3158.4199999999996,G,0,172.45886577177197
12833566,FALSE POSITIVE,0.537839241,1.49,3749.0,0.0,6456.0,2.747,3158.4199999999996,F,0,43.693353345335396
9153554,FALSE POSITIVE,0.373684977,2.25,2490.0,0.022,5970.0,0.908,3158.4199999999996,G,0,1222.4200278728358
8161830,FALSE POSITIVE,1.10118564,2.39,878.0,0.0,5706.8232800782525,1.0,141.3,G,0,382.22438134954245
6461850,FALSE POSITIVE,0.544962596,1.03,1719.0,0.0,5257.0,0.639,2074.18,G,0,454.8936052117603
7613246,FALSE POSITIVE,0.769127296,0.9,1917.0,0.0,6024.0,0.831,3158.4199999999996,F,0,149.00004277055328
11551715,FALSE POSITIVE,154.608014,2.39,878.0,0.0,5706.8232800782525,1.0,141.3,G,0,2.7223685830412387
2715695,CONFIRMED,4.09578199,1.64,851.0,1.0,4791.0,0.742,124.3,K,1,99.00429295066068
11442793,CONFIRMED,91.9401253,2.62,450.0,0.971,5970.0,1.2,9.71,G,1,5.25233132350321
6312171,FALSE POSITIVE,92.57337995,2.39,878.0,0.0,5706.8232800782525,1.0,141.3,G,0,4.546663416927557
10665043,FALSE POSITIVE,154.608014,2.39,878.0,0.0,5706.8232800782525,1.0,141.3,G,0,2.7223685830412387
12352520,CONFIRMED,4.5770016,1.33,567.0,1.0,3805.0,0.497,24.38,K,1,155.12338907637698
7455981,CONFIRMED,14.4540329,0.72,676.0,0.941,5559.0,0.79,49.51,G,1,5.514032004175112
7107561,FALSE POSITIVE,0.812587678,1.54,2717.0,0.0,6143.0,1.877,3158.4199999999996,F,0,77.40703151543482
9605552,CANDIDATE,9.3210841,0.61,394.0,0.0,3773.0,0.35,5.67,K,0,31.562852222307487
11237332,FALSE POSITIVE,19.3073774,1.21,1054.0,0.0,6131.0,2.142,292.25,F,0,1.6418594479848931
8669092,FALSE POSITIVE,1.000840564,48.03,3367.0,0.0,6287.0,2.747,3158.4199999999996,F,0,2712.120289321127
5474613,CONFIRMED,13.6164547,22.29,755.0,0.989,5823.0,0.972,76.81,G,1,27.62099300341373
9823519,CONFIRMED,1.766789509,1.4,730.0,0.999,3698.0,0.444,66.95,M,1,571.5451641840148
2715695,CANDIDATE,7.55842923,1.46,694.0,0.976,4791.0,0.742,54.85,K,0,47.77447654954097
10587105,CONFIRMED,35.8656484,2.44,633.0,1.0,6078.0,1.189,37.92,F,1,6.9955517659064546
8558011,CONFIRMED,0.638162933,0.91,1874.0,1.0,5244.0,0.888,2928.31,G,1,171.8996737781384
7885494,FALSE POSITIVE,1.72929014,0.86,1497.0,0.0,5910.0,0.94,1187.75,G,0,48.863980685161366
5281714,FALSE POSITIVE,40.301684,2.38,623.0,0.0,6429.0,1.177,35.6,F,0,9.299859529442989
5283728,CANDIDATE,43.681309,1.33,473.0,0.999,5726.0,0.829,11.86,G,0,5.906416403409523
5289857,FALSE POSITIVE,26.524553,2.19,695.0,1.0,4995.0,1.703,55.06,K,0,6.578810206528268
5303185,FALSE POSITIVE,26.1537851,1.47,631.0,0.0,6091.0,0.967,37.53,F,0,8.740608639473756
5308777,FALSE POSITIVE,0.944598153,37.61,3749.0,0.0,4877.0,2.747,3158.4199999999996,K,0,212.6830328451849
5364090,FALSE POSITIVE,154.608014,0.9,152.0,0.0,4206.0,0.535,0.13,K,0,1.816852779701316
5370944,FALSE POSITIVE,35.40103336,2.39,878.0,0.0,5706.8232800782525,1.0,141.3,G,0,11.889483443033596
5374838,CANDIDATE,154.608014,7.57,347.0,0.953,6313.0,1.246,3.41,F,0,23.862281809014117
6364143,FALSE POSITIVE,5.2433865,0.75,1038.0,0.0,6011.0,0.902,274.95,F,0,12.47285509088449
6364307,FALSE POSITIVE,5.2435703,12.68,890.0,0.0,5558.0,0.722,148.79,G,0,43.57717870207633
6366559,CANDIDATE,55.7583803,1.59,537.0,0.325,5413.0,1.403,19.6,G,0,2.379911311735144
6367663,CANDIDATE,3.781123,1.16,1421.0,0.0,6318.0,1.216,962.72,F,0,23.90824101728508
6368905,CANDIDATE,154.608014,2.0,235.0,0.193,5150.0,0.696,0.72,K,0,5.578624145576309
6369548,FALSE POSITIVE,154.608014,20.5,464.0,0.0,5048.0,2.747,10.97,K,0,3.509520534944586
6372194,CANDIDATE,154.608014,7.22,225.0,0.996,5330.0,0.713,0.61,G,0,31.4129900148643
6387557,CANDIDATE,103.722152,1.95,414.0,0.765,5784.0,1.143,6.92,G,0,2.862455071313985
3098843,FALSE POSITIVE,29.9756697,1.84,591.0,0.0,5893.0,0.986,28.85,G,0,8.606980347131326
3958301,FALSE POSITIVE,154.608014,4.02,271.0,0.0,6289.0,1.02,1.28,F,0,7.004811535836687
5353137,FALSE POSITIVE,31.5073649,0.74,253.0,0.0,3554.0,0.37,0.97,M,0,10.489610954421645
4932689,FALSE POSITIVE,18.1118457,31.25,803.0,0.0,6434.0,1.138,98.09,F,0,18.148343655555767
5294945,CANDIDATE,32.5474295,1.42,618.0,0.854,6068.0,1.061,34.42,F,0,4.826802067425939
7742408,CONFIRMED,33.4969115,2.97,630.0,0.998,4928.0,1.688,37.3,K,1,4.881047018319882
3968809,CANDIDATE,154.608014,2.61,279.0,0.0,6362.0,1.144,1.43,F,0,3.2520953279950935
3970397,FALSE POSITIVE,34.33339948,2.39,878.0,0.0,5706.8232800782525,1.0,141.3,G,0,12.259199682372962
3973549,FALSE POSITIVE,1.389947459,3.39,1665.0,0.0,5999.0,0.95,1816.13,G,0,873.270419065531
3974928,CANDIDATE,127.671711,5.52,519.0,0.0,4985.0,2.633,17.13,K,0,3.5254481707384655
4058169,FALSE POSITIVE,154.608014,48.03,360.0,0.0,6401.0,1.41,3.98,F,0,31.4129900148643
4063943,CANDIDATE,115.23145073,2.39,878.0,0.0,5706.8232800782525,1.0,141.3,G,0,3.652648624429932
4068391,FALSE POSITIVE,154.608014,2.87,290.0,0.0,5978.0,1.032,1.66,G,0,4.999740828441144
4071638,CANDIDATE,154.608014,48.03,1351.0,0.0,3860.0,2.747,787.87,K,0,2.414493209905665
5390913,CANDIDATE,1.680254289,30.88,1996.0,0.0,6423.0,1.246,3158.4199999999996,F,0,2890.4553505948525
5391911,FALSE POSITIVE,0.782068488,21.02,3749.0,0.558,4475.0,2.747,3158.4199999999996,K,0,147.94100743770156
5394585,CANDIDATE,151.13008,4.41,578.0,0.0,6768.0,2.302,26.4,F,0,2.3688202904411884
5397106,FALSE POSITIVE,154.608014,2.39,878.0,0.0,5706.8232800782525,1.0,141.3,G,0,2.7223685830412387
5425643,CANDIDATE,154.608014,2.39,878.0,0.0,5706.8232800782525,1.0,141.3,G,0,2.7223685830412387
5425908,FALSE POSITIVE,154.608014,2.39,878.0,0.0,5706.8232800782525,1.0,141.3,G,0,2.7223685830412387
5428199,CANDIDATE,154.608014,0.95,101.0,0.0,3697.0,0.423,0.03,M,0,3.248861342983165
5436415,FALSE POSITIVE,154.608014,8.0,452.0,0.0,5079.0,2.747,9.87,K,0,3.0392991142102117
6425377,CANDIDATE,154.608014,23.91,562.0,0.0,5094.0,2.747,23.6,K,0,5.220298606254654
6428602,FALSE POSITIVE,59.742966,16.91,1037.0,0.0,5059.0,2.747,273.48,K,0,4.768762233866996
6442735,CANDIDATE,18.7821603,0.83,681.0,0.0,5919.0,0.94,50.97,G,0,4.110283309636112
6443093,CANDIDATE,154.608014,27.61,245.0,0.957,5731.0,0.958,0.86,G,0,16.815428468022365
6447372,FALSE POSITIVE,154.608014,1.34,166.0,0.0,4694.0,0.574,0.18,K,0,3.633058762400247
6461675,FALSE POSITIVE,154.608014,10.76,530.0,0.0,4994.0,2.747,18.68,K,0,2.9151140897521652
6509282,CANDIDATE,3.98916186,28.1,3293.0,1.0,4998.0,2.747,3158.4199999999996,K,0,79.71599327383522
8231667,CONFIRMED,42.8774169,2.67,451.0,1.0,5256.0,0.832,9.8,G,1,24.926874734377947
6697817,CANDIDATE,154.608014,1.67,321.0,0.975,5993.0,0.986,2.51,G,0,1.8601881788611554
3439096,FALSE POSITIVE,2.97601892,48.03,2799.0,0.0,5140.0,2.747,3158.4199999999996,K,0,102.85552888890909
3324644,FALSE POSITIVE,2.882424694,48.03,2912.0,0.0,4705.0,2.747,3158.4199999999996,K,0,1684.9356065085112
5437945,CONFIRMED,154.608014,5.94,389.0,0.902,6340.0,1.393,5.4,F,1,11.61906135085598
1161949,FALSE POSITIVE,154.608014,3.32,341.0,0.0,6513.0,1.81,3.21,F,0,2.1383108898869887
4077767,FALSE POSITIVE,154.608014,48.03,251.0,0.0,4936.0,0.719,0.93,K,0,13.226998698786726
4135912,CANDIDATE,29.6094263,2.87,789.0,0.974,6079.0,1.783,91.56,F,0,7.59555412257346
4144238,FALSE POSITIVE,22.9138322,30.24,785.0,0.0,6154.0,1.334,89.68,F,0,14.851291439587307
4147171,FALSE POSITIVE,154.608014,2.37,237.0,0.0,6148.0,1.015,0.74,F,0,3.52827764801377
4149060,FALSE POSITIVE,65.5327181,1.79,437.0,0.0,5755.0,0.923,8.61,G,0,5.697917175207174
4150972,CANDIDATE,154.608014,1.37,400.0,0.0,6033.0,1.358,6.04,F,0,0.6584393484286009
4160006,FALSE POSITIVE,1.018360336,48.03,2302.0,0.0,6160.0,1.463,3158.4199999999996,F,0,4769.13704148823
5436455,CANDIDATE,154.608014,1.16,344.0,0.0,6437.0,1.042,3.29,F,0,0.7761564028627909
5439000,CANDIDATE,154.608014,1.66,274.0,0.0,6283.0,0.999,1.34,F,0,1.777398162555791
5440435,FALSE POSITIVE,78.04064906,2.39,878.0,0.0,5706.8232800782525,1.0,141.3,G,0,5.39334314962449
5440472,FALSE POSITIVE,154.608014,2.39,293.0,0.0,6495.0,1.168,1.73,F,0,2.6719184168551577
5440651,FALSE POSITIVE,0.502807253,26.81,1825.0,0.0,5109.0,0.715,2623.68,K,0,9265.37947136574
5443320,CANDIDATE,21.3684341,1.72,551.0,0.991,5204.0,0.786,21.86,G,0,23.06205488403102
5446961,FALSE POSITIVE,149.526152,1.69,202.0,0.0,3978.0,0.628,0.39,K,0,5.035908367387131
5467126,FALSE POSITIVE,2.845736321,48.03,3058.0,0.0,4878.0,2.747,3158.4199999999996,K,0,1098.8368728769512
6511182,CANDIDATE,29.5632952,1.9,527.0,0.994,5595.0,0.828,18.23,G,0,18.022348198857074
6517064,CANDIDATE,154.608014,2.04,324.0,0.0,6060.0,0.925,2.6,F,0,3.069698573322338
6517200,CANDIDATE,154.608014,2.06,225.0,0.0,5750.0,0.882,0.61,G,0,3.581961799211779
6517255,CANDIDATE,154.608014,12.74,359.0,0.0,4954.0,2.747,3.92,K,0,7.735692148532482
6522124,FALSE POSITIVE,43.60012467,2.39,878.0,0.0,5706.8232800782525,1.0,141.3,G,0,9.653642121110934
6525196,FALSE POSITIVE,1.710299164,48.03,1638.0,0.0,6082.0,1.006,1700.05,F,0,2839.6786376491496
6525398,FALSE POSITIVE,154.608014,2.49,196.0,0.0,4514.0,0.664,0.35,K,0,9.7148909758326
6526377,FALSE POSITIVE,1.39508873,2.39,878.0,0.0,5706.8232800782525,1.0,3158.4199999999996,G,0,301.7012401784652
1164301,CANDIDATE,95.688682,28.41,1046.0,0.0,5040.0,2.747,283.07,K,0,4.7424626456867705
1297263,FALSE POSITIVE,153.521361,3.09,493.0,0.0,6233.0,1.921,13.99,F,0,1.6623093902873878
1429589,CANDIDATE,38.168652,1.4,696.0,0.0,6164.0,1.465,55.36,F,0,2.3736756540419606
1572948,FALSE POSITIVE,3.0031801,4.7,1827.0,0.0,6606.0,1.768,2630.88,F,0,124.76774203451868
1725193,FALSE POSITIVE,2.96384168,43.7,1406.0,0.0,6095.0,1.158,925.63,F,0,1638.650280402292
1865864,CANDIDATE,69.089357,1.47,332.0,0.523,4848.0,0.698,2.87,K,0,6.876601847662296
1870398,FALSE POSITIVE,43.142257,37.88,706.0,0.0,6198.0,1.769,58.68,F,0,6.564329724335006
1873513,CONFIRMED,3.290304098,4.91,540.0,0.998,3386.0,0.427,20.06,M,1,1476.0641738105994
4164511,CANDIDATE,40.9882124,1.44,657.0,0.0,6705.0,1.174,43.98,F,0,3.5571202417210075
4179201,FALSE POSITIVE,154.608014,2.83,287.0,0.0,6036.0,0.998,1.61,F,0,5.135568198942132
4241238,CANDIDATE,138.333748,6.28,488.0,0.0,4948.0,2.547,13.45,K,0,4.363360414408781
4242806,FALSE POSITIVE,154.608014,1.27,164.0,0.0,4256.0,0.624,0.17,K,0,2.7876950802821905
4245861,FALSE POSITIVE,11.2582311,1.24,667.0,0.0,5242.0,0.722,46.86,G,0,26.68269973601803
4246343,FALSE POSITIVE,139.54219147,2.39,878.0,0.0,5706.8232800782525,1.0,141.3,G,0,3.0162920301455114
4253860,FALSE POSITIVE,154.608014,48.03,1101.0,0.0,6513.0,2.747,347.12,F,0,14.47531691339105
4274816,FALSE POSITIVE,14.3641542,0.98,795.0,0.0,5925.0,1.033,94.33,G,0,6.209902703495066
5470851,FALSE POSITIVE,12.4276185,1.14,768.0,0.0,5869.0,0.942,82.45,G,0,11.82849312601606
5471108,FALSE POSITIVE,12.427076,0.82,870.0,0.0,5841.0,1.193,135.77,G,0,3.8222989865033417
5524229,CANDIDATE,22.4932751,6.04,1183.0,0.0,5186.0,2.747,463.56,K,0,6.757575289691806
5525484,FALSE POSITIVE,154.608014,19.71,565.0,0.0,4970.0,2.747,24.01,K,0,4.457724940441962
5529385,CANDIDATE,154.608014,1.26,292.0,0.0,5790.0,0.856,1.72,G,0,1.346631358966942
5547424,FALSE POSITIVE,154.608014,2.39,878.0,0.0,5706.8232800782525,1.0,141.3,G,0,2.7223685830412387
5551240,CONFIRMED,4.13960513,1.24,1352.0,1.0,6535.0,1.181,789.48,F,1,25.775405298137702
6527229,FALSE POSITIVE,154.608014,48.03,303.0,0.0,5896.0,0.916,2.0,G,0,31.4129900148643
6543192,CANDIDATE,8.0906952,0.8,811.0,0.962,5374.0,0.902,102.43,G,0,10.184538900934001
6543674,FALSE POSITIVE,1.195515364,48.03,2640.0,0.0,6047.0,2.264,3158.4199999999996,F,0,4062.432107731574
6548429,FALSE POSITIVE,154.608014,2.04,293.0,0.0,5838.0,0.897,1.75,G,0,3.3568764423815702
6594945,CANDIDATE,154.608014,2.46,468.0,0.0,6392.0,1.899,11.36,F,0,1.0769170089721223
6599305,FALSE POSITIVE,42.02646,1.5,561.0,0.0,6158.0,1.016,23.47,F,0,4.520961318179071
6600515,FALSE POSITIVE,154.608014,2.7,271.0,0.0,6173.0,1.041,1.28,F,0,4.355531014065027
6608090,FALSE POSITIVE,154.608014,1.36,202.0,0.0,5324.0,0.755,0.39,G,0,2.1525404239394734
2010607,FALSE POSITIVE,18.622214,20.83,1101.0,0.0,6235.0,2.471,347.32,F,0,260.8014278001531
2015013,FALSE POSITIVE,27.8923345,2.1,807.0,0.0,5873.0,1.78,100.41,G,0,5.004959337483924
2019199,CANDIDATE,154.608014,2.71,218.0,0.0,5822.0,0.969,0.53,G,0,3.92605780448095
2158460,CANDIDATE,19.12788374,2.39,878.0,0.0,5706.8232800782525,1.0,141.3,G,0,22.004525211527657
2163226,FALSE POSITIVE,154.608014,2.08,254.0,0.0,6276.0,0.956,0.99,F,0,3.001138091069458
2165352,FALSE POSITIVE,0.7906069,17.97,1503.0,0.0,4994.0,0.72,1201.17,K,0,871.7353719022691
2305255,FALSE POSITIVE,24.5714867,3.04,637.0,0.0,5977.0,0.956,39.0,G,0,20.60925357031815
2305543,FALSE POSITIVE,0.681137796,45.75,2025.0,0.0,5872.0,0.864,3158.4199999999996,G,0,7130.275296013671
4276114,FALSE POSITIVE,3.722404453,48.03,1082.0,0.0,5747.0,0.799,323.4,G,0,1304.7211987095698
4281023,FALSE POSITIVE,154.608014,10.13,522.0,0.0,5024.0,2.747,17.57,K,0,3.674453770552929
4281700,FALSE POSITIVE,154.608014,2.39,878.0,0.0,5706.8232800782525,1.0,141.3,G,0,2.7223685830412387
4346339,CANDIDATE,154.608014,7.15,358.0,0.0,5015.0,2.747,3.9,K,0,3.2734396290738204
4365461,FALSE POSITIVE,1.714414962,48.03,2042.0,0.0,6351.0,1.613,3158.4199999999996,F,0,2832.8614178298335
4366923,FALSE POSITIVE,154.608014,43.47,304.0,0.0,6582.0,1.777,2.03,F,0,31.4129900148643
4449752,FALSE POSITIVE,154.608014,1.11,235.0,0.0,5392.0,0.775,0.72,G,0,1.377030818079068
4455763,FALSE POSITIVE,0.766298172,15.64,2163.0,0.0,6267.0,0.996,3158.4199999999996,F,0,6337.872354992384
5563057,FALSE POSITIVE,1.049468616,0.84,2808.0,0.935,7479.0,1.667,3158.4199999999996,F,0,20.962989902310714
5565261,FALSE POSITIVE,2.362348096,48.03,2104.0,0.0,5088.0,2.747,3158.4199999999996,K,0,306.77104751288954
5602409,FALSE POSITIVE,136.830243,17.22,764.0,0.0,5096.0,2.747,80.57,K,0,3.3932556854408276
5603270,FALSE POSITIVE,103.284757,1.96,583.0,0.0,6185.0,2.101,27.31,F,0,0.7590665096883561
5612111,FALSE POSITIVE,36.1904638,1.69,592.0,0.0,6210.0,1.033,29.08,F,0,7.275397227708366
5616628,FALSE POSITIVE,154.608014,2.82,257.0,0.0,6137.0,1.016,1.03,F,0,4.876849397987869
5623137,FALSE POSITIVE,154.608014,1.53,266.0,0.0,5953.0,1.068,1.18,G,0,1.269015718680663
6611779,FALSE POSITIVE,154.608014,2.36,361.0,0.0,6028.0,1.267,4.01,F,0,1.7922744936106612
6612411,FALSE POSITIVE,8.46184728,4.92,1511.0,0.0,7663.0,1.913,1233.13,A,0,48.594590092862084
6612973,FALSE POSITIVE,154.608014,1.69,274.0,0.0,6295.0,1.435,1.33,F,0,0.8660611861943974
6615600,FALSE POSITIVE,2.19509634,1.32,1324.0,0.0,5799.0,0.878,725.21,G,0,103.73121026660723
6634112,CANDIDATE,9.942228056,22.15,740.0,0.0,5268.0,0.843,70.93,G,0,488.4921139048955
6635813,FALSE POSITIVE,141.00582791,2.39,878.0,0.0,5706.8232800782525,1.0,141.3,G,0,2.9849830055864675
6675757,CANDIDATE,22.2903562,1.13,632.0,0.982,5597.0,1.0,37.67,G,0,5.850063535548166
6677415,FALSE POSITIVE,73.9239955,1.64,325.0,0.0,5040.0,0.658,2.64,K,0,8.576376259316232
2309910,FALSE POSITIVE,1.8437362,25.26,1628.0,0.0,6032.0,1.114,1655.74,F,0,185.00477454421085
2310993,CANDIDATE,55.180772,2.37,531.0,0.997,6306.0,1.076,18.79,F,0,8.600822039967111
2437209,FALSE POSITIVE,154.608014,48.03,507.0,0.0,4818.0,2.747,15.57,K,0,31.4129900148643
2437653,CANDIDATE,84.6405853,1.72,271.0,0.0,4386.0,0.63,1.27,K,0,9.2626958712678
2438406,FALSE POSITIVE,154.608014,3.69,272.0,0.0,5398.0,0.99,1.29,G,0,9.3720885645682
2452289,FALSE POSITIVE,6.0353643,1.88,1852.0,0.0,7377.0,2.552,2779.94,F,0,7.8205718252997585
2555080,CANDIDATE,15.2024426,48.03,2955.0,0.0,3984.0,2.747,3158.4199999999996,K,0,54.85960525843393
2569488,FALSE POSITIVE,1.52327807,22.88,3461.0,0.0,4477.0,2.747,3158.4199999999996,K,0,606.7178528999633
4459503,FALSE POSITIVE,154.608014,2.39,878.0,0.0,5706.8232800782525,1.0,141.3,G,0,2.7223685830412387
4464689,FALSE POSITIVE,154.608014,3.11,350.0,0.0,6749.0,1.905,3.53,F,0,1.47210997742976
4469825,FALSE POSITIVE,154.608014,1.81,334.0,0.0,6553.0,1.086,2.95,F,0,1.7178928383363106
4470888,FALSE POSITIVE,154.608014,17.45,240.0,0.0,6397.0,0.913,0.78,F,0,31.4129900148643
4471313,CANDIDATE,110.089267,2.4,322.0,0.0,5465.0,0.75,2.54,G,0,9.247041312392424
4478142,CANDIDATE,154.608014,2.3,279.0,0.898,5557.0,0.912,1.43,G,0,4.145968785292074
4484179,CANDIDATE,154.608014,1.57,290.0,0.0,6440.0,1.053,1.68,F,0,1.413251450212665
5623839,FALSE POSITIVE,80.292171,1.33,459.0,0.0,6188.0,1.049,10.49,F,0,1.9752859839846653
5650420,FALSE POSITIVE,1.049406508,27.45,3749.0,0.0,4745.0,2.747,3158.4199999999996,K,0,426.4315082749611
5650930,CANDIDATE,154.608014,2.09,290.0,0.0,6478.0,1.209,1.67,F,0,1.898995999004295
5653152,FALSE POSITIVE,3.58957045,2.49,862.0,0.0,4608.0,0.746,131.02,K,0,340.2078374029405
5653163,FALSE POSITIVE,2.40435325,24.16,1359.0,0.0,5780.0,1.0,806.18,G,0,145.40292696175155
5685113,FALSE POSITIVE,37.078668,0.8,419.0,0.0,5120.0,0.65,7.27,K,0,3.9753315841874364
5697395,CANDIDATE,50.55398,0.94,367.0,0.0,4895.0,0.687,4.29,K,0,3.95023299847015
5698524,FALSE POSITIVE,154.608014,1.42,353.0,0.0,6425.0,1.138,3.66,F,0,0.9397960444663627
6784887,FALSE POSITIVE,44.714450094,48.03,533.0,0.0,6185.0,0.941,19.09,F,0,108.61589463339268
6805414,CANDIDATE,154.608014,10.99,325.0,0.999,6108.0,0.997,2.63,F,0,31.4129900148643
6864891,FALSE POSITIVE,40.8801539,0.92,265.0,0.0,3746.0,0.469,1.17,K,0,9.681959636653911
6869373,CANDIDATE,31.5034587,1.17,484.0,0.884,5269.0,0.823,13.02,G,0,6.684980274880104
6875342,CANDIDATE,22.2381062,1.09,702.0,0.894,6192.0,1.055,57.27,F,0,4.68565079521025
6879183,CANDIDATE,20.5477769,1.67,690.0,0.98,5922.0,1.057,53.65,G,0,12.351701171137401
7891264,FALSE POSITIVE,25.166806,2.72,483.0,0.006,5013.0,0.704,12.84,K,0,53.642087120630244
6880123,FALSE POSITIVE,154.608014,2.96,307.0,0.0,6002.0,1.302,2.11,F,0,2.9882021510217447
6891512,FALSE POSITIVE,1.752562808,48.03,2018.0,0.0,5853.0,1.795,3158.4199999999996,G,0,2771.1988282704674
2569516,FALSE POSITIVE,45.5827119,2.42,957.0,0.0,7266.0,2.715,198.31,F,0,1.6782678522468515
2570432,FALSE POSITIVE,1.89140138,25.67,1377.0,0.061,5504.0,0.952,849.6,G,0,294.80786357467923
2574543,FALSE POSITIVE,6.70258007,48.03,2635.0,0.0,4799.0,2.747,3158.4199999999996,K,0,128.15960287364385
2578811,FALSE POSITIVE,6.2095391,30.47,3749.0,0.0,3861.0,2.747,3158.4199999999996,K,0,7.713938060233811
2582800,FALSE POSITIVE,154.608014,4.48,430.0,0.0,7937.0,2.711,8.08,A,0,1.7275947933720954
2707916,FALSE POSITIVE,1.89124738,1.2,989.0,0.0,4615.0,0.589,225.34,K,0,216.788139053496
2708270,FALSE POSITIVE,1.89125883,23.6,3749.0,0.0,4449.0,2.747,3158.4199999999996,K,0,145.14142413812286
4540508,FALSE POSITIVE,154.608014,1.68,132.0,0.0,3734.0,0.513,0.07,K,0,7.101831086194536
4565943,FALSE POSITIVE,154.608014,2.6,701.0,0.0,8892.0,2.747,57.03,A,0,0.22055777781350974
4566848,CANDIDATE,154.608014,8.86,329.0,0.986,6032.0,0.973,2.77,F,0,27.605296061819928
4570555,FALSE POSITIVE,4.750256809,12.35,2090.0,0.001,5161.0,2.747,3158.4199999999996,K,0,83.17445053737515
4586482,FALSE POSITIVE,154.608014,48.03,229.0,0.0,5689.0,1.207,0.64,G,0,31.4129900148643
4647949,FALSE POSITIVE,45.41810604,2.39,878.0,0.0,5706.8232800782525,1.0,141.3,G,0,9.267229232969575
4678873,FALSE POSITIVE,1.878877205,48.03,2523.0,0.0,7542.0,1.999,3158.4199999999996,A,0,2584.894844152415
4732015,FALSE POSITIVE,0.938857507,48.03,3749.0,0.0,4217.0,2.747,3158.4199999999996,K,0,5172.989472618659
5709014,FALSE POSITIVE,154.608014,2.39,878.0,0.0,5706.8232800782525,1.0,141.3,G,0,2.7223685830412387
5732636,FALSE POSITIVE,32.245486,1.18,683.0,0.0,6197.0,1.208,51.39,F,0,2.902731873850498
5734702,CANDIDATE,154.608014,5.46,442.0,0.0,6626.0,2.704,9.04,F,0,2.2353304402448377
5779606,FALSE POSITIVE,142.20400109,2.39,878.0,0.0,5706.8232800782525,1.0,141.3,G,0,2.959832330833048
5780194,FALSE POSITIVE,149.237142,2.22,299.0,0.0,5492.0,0.812,1.89,G,0,5.172974968925631
5781991,FALSE POSITIVE,154.608014,1.99,224.0,0.0,5796.0,0.906,0.59,G,0,3.1499014016181595
5784803,FALSE POSITIVE,154.608014,1.42,249.0,0.0,5523.0,0.981,0.9,G,0,1.3990219161601805
5791713,FALSE POSITIVE,154.608014,2.67,239.0,0.0,6163.0,1.022,0.77,F,0,4.327071945960059
6681473,FALSE POSITIVE,154.608014,13.52,370.0,0.0,5327.0,2.747,4.43,G,0,6.02685446822957
6688318,FALSE POSITIVE,154.608014,22.6,615.0,0.0,5188.0,2.747,33.84,K,0,3.678981349569628
6690523,FALSE POSITIVE,148.666527,6.81,559.0,0.0,5155.0,2.747,23.08,K,0,2.148432511643996
6692742,FALSE POSITIVE,154.608014,2.58,337.0,0.0,5766.0,1.04,3.06,G,0,3.725550733741396
6695801,FALSE POSITIVE,1.10656965,1.09,1988.0,0.0,6237.0,1.165,3158.4199999999996,F,0,78.07913401564917
6699562,FALSE POSITIVE,46.270524872,35.98,572.0,0.0,6357.0,1.072,25.29,F,0,104.96314907676718
6707260,FALSE POSITIVE,13.4256161,1.66,987.0,0.0,6686.0,1.332,224.45,F,0,10.599141144814949
6718474,FALSE POSITIVE,154.608014,1.62,291.0,0.0,6782.0,1.417,1.7,F,0,0.8130238319987734
2710101,FALSE POSITIVE,28.88008607,2.39,878.0,0.0,5706.8232800782525,1.0,141.3,G,0,14.574056288468672
2711123,FALSE POSITIVE,2.858879267,48.03,3638.0,0.0,4893.0,2.747,3158.4199999999996,K,0,225.4379915372621
2833632,FALSE POSITIVE,154.608014,1.88,300.0,0.0,5962.0,0.989,1.92,G,0,2.3394647576289285
2836076,FALSE POSITIVE,154.608014,2.39,878.0,0.0,5706.8232800782525,1.0,141.3,G,0,2.7223685830412387
2850321,FALSE POSITIVE,25.2218929,2.39,878.0,0.0,5706.8232800782525,1.0,101.29,G,0,16.687883089060296
2861126,FALSE POSITIVE,105.52127462,2.39,878.0,0.0,5706.8232800782525,1.0,141.3,G,0,3.9887691038203648
2861298,CANDIDATE,154.608014,2.74,308.0,0.0,5765.0,2.005,2.12,G,0,1.2075700034540253
2987433,FALSE POSITIVE,154.608014,48.03,293.0,0.0,6461.0,1.197,1.74,F,0,31.4129900148643
4732137,FALSE POSITIVE,154.608014,18.07,440.0,0.0,4888.0,2.747,8.83,K,0,4.834807592832801
4736439,FALSE POSITIVE,154.608014,8.98,575.0,0.0,5269.0,2.747,25.77,G,0,3.605246491297663
4737848,CANDIDATE,56.001782,1.54,584.0,0.0,6116.0,1.332,27.51,F,0,2.2356431443556564
4740375,FALSE POSITIVE,154.608014,2.39,878.0,0.0,5706.8232800782525,1.0,141.3,G,0,2.7223685830412387
4741777,FALSE POSITIVE,101.928291,1.7,391.0,0.0,5489.0,1.11,5.55,G,0,2.3889343931019114
4750406,FALSE POSITIVE,154.608014,1.67,168.0,0.0,4847.0,0.527,0.19,K,0,6.702110538720199
4750962,CANDIDATE,69.932459,8.25,812.0,0.0,5207.0,2.747,102.62,G,0,3.7807908341961776
4760478,CONFIRMED,154.608014,11.67,350.0,0.988,5548.0,1.793,3.56,G,1,28.309657997417908
5793275,CANDIDATE,154.608014,1.83,227.0,0.0,6014.0,0.958,0.63,F,0,2.180999492044442
5794687,FALSE POSITIVE,154.608014,1.96,184.0,0.0,4869.0,0.657,0.27,K,0,5.9893402420912025
5817712,FALSE POSITIVE,4.20601251,0.82,1004.0,0.0,5514.0,0.79,239.82,G,0,25.368445706311036
5857656,CANDIDATE,154.608014,2.91,310.0,0.0,6218.0,1.185,2.2,F,0,3.847795367192285
5858519,FALSE POSITIVE,4.18236124,48.03,1303.0,0.0,6188.0,1.166,680.56,F,0,1161.2339827441592
5859725,CANDIDATE,18.9828305,0.72,707.0,0.973,5962.0,1.035,59.15,G,0,2.586547880728325
5869272,FALSE POSITIVE,154.608014,2.66,338.0,0.0,6163.0,1.013,3.07,F,0,4.430559466341764
5905728,FALSE POSITIVE,7.87173698,0.54,862.0,0.0,5428.0,0.94,130.96,G,0,4.40817574166458
6719052,CANDIDATE,154.608014,3.13,422.0,0.0,7610.0,1.862,7.53,A,0,1.7612282374961497
6721603,CANDIDATE,154.608014,1.92,404.0,0.633,6163.0,1.568,6.28,F,0,0.9572595635307753
6756369,CANDIDATE,30.928898,8.1,1051.0,0.0,5029.0,2.747,288.95,K,0,6.573140756583051
6762188,FALSE POSITIVE,7.155547398,48.03,2049.0,1.0,4992.0,2.747,3158.4199999999996,K,0,358.99419808441047
6765563,CANDIDATE,154.608014,6.84,428.0,0.0,5203.0,2.747,7.93,G,0,3.3555828483767987
6766583,FALSE POSITIVE,63.024229,1.5,424.0,0.0,5691.0,0.887,7.66,G,0,4.674392764090776
6767337,FALSE POSITIVE,154.608014,1.8,275.0,0.0,6035.0,1.283,1.35,F,0,1.2625477486568064
6776555,CANDIDATE,5.43361347,2.09,548.0,1.0,3694.0,0.566,21.27,M,0,261.5202586355485
2992634,CANDIDATE,47.82278681,2.39,878.0,0.0,5706.8232800782525,1.0,141.3,G,0,8.801243676413847
3001955,CANDIDATE,154.608014,2.04,198.0,0.0,4823.0,0.792,0.36,K,0,3.785056057960877
3003673,FALSE POSITIVE,57.1143966,1.82,523.0,0.0,6136.0,1.106,17.64,F,0,4.706344039359071
3101178,CANDIDATE,59.4037839,1.65,570.0,0.858,6373.0,1.209,24.93,F,0,2.078992143125078
3117115,FALSE POSITIVE,154.608014,3.61,230.0,0.0,5957.0,0.937,0.66,G,0,8.848182992635815
3120397,FALSE POSITIVE,20.5311708,1.39,568.0,0.0,5398.0,0.805,24.52,G,0,13.861849515177186
3222680,FALSE POSITIVE,2.31164074,39.73,3749.0,0.0,4883.0,2.747,3158.4199999999996,K,0,211.40828310544484
3239171,CANDIDATE,43.581043,1.94,558.0,0.609,6225.0,1.031,22.89,F,0,8.001185285996941
4761427,CANDIDATE,154.608014,2.82,248.0,0.0,5750.0,0.882,0.89,G,0,6.506777843999729
4769799,FALSE POSITIVE,21.92866538,48.03,983.0,0.0,5001.0,2.747,220.41,K,0,221.47722699209703
4770798,CANDIDATE,154.608014,1.55,234.0,0.0,5696.0,1.261,0.71,G,0,0.9941269926667579
4813750,CANDIDATE,49.1782244,1.79,468.0,0.627,5674.0,0.839,11.32,G,0,9.130057164080938
4814168,FALSE POSITIVE,154.608014,2.01,296.0,0.0,6432.0,1.476,1.82,F,0,1.149358273239316
4815612,FALSE POSITIVE,1.928420823,48.03,1882.0,0.0,6615.0,1.326,2960.96,F,0,2518.4855619037257
4819158,FALSE POSITIVE,154.608014,2.23,219.0,0.0,5382.0,0.724,0.54,G,0,5.827640991494787
4833409,CANDIDATE,154.608014,2.38,354.0,0.0,6484.0,1.32,3.72,F,0,2.0594016555959382
5942112,FALSE POSITIVE,125.95781975,2.39,878.0,0.0,5706.8232800782525,1.0,141.3,G,0,3.3415948357585
5946568,CANDIDATE,3.5645249,0.6,1029.0,0.992,5435.0,0.824,265.37,G,0,15.121229760521521
5949765,FALSE POSITIVE,154.608014,1.33,314.0,0.0,6395.0,1.394,2.29,F,0,0.5834108961518645
5954894,CANDIDATE,48.2455501,0.64,449.0,0.0,5441.0,0.827,9.61,G,0,1.254001661803002
5956038,FALSE POSITIVE,154.608014,48.03,506.0,0.0,5208.0,2.747,15.52,G,0,11.034356860699342
5963591,FALSE POSITIVE,146.931518,2.89,395.0,0.0,6237.0,1.135,5.78,F,0,1.7491141689559075
5965629,CANDIDATE,154.608014,2.56,243.0,0.0,5897.0,0.891,0.83,G,0,5.200247899180699
6934045,CANDIDATE,154.608014,3.24,413.0,0.502,6537.0,1.859,6.9,F,0,1.7683430045223916
6939913,CANDIDATE,154.608014,2.99,238.0,0.0,6039.0,0.951,0.75,F,0,6.370950473498741
6947062,FALSE POSITIVE,154.608014,3.07,236.0,0.0,5504.0,0.819,0.73,G,0,9.346216684472772
6948815,FALSE POSITIVE,1.541530919,48.03,2689.0,0.0,7631.0,1.937,3158.4199999999996,A,0,3150.5693075235686
6952570,FALSE POSITIVE,122.713036,1.79,393.0,0.0,6244.0,1.009,5.66,F,0,2.3689414708963765
7009548,CANDIDATE,15.18575582,2.26,922.0,0.929,6311.0,1.339,170.46,F,0,16.903998921273317
7011044,FALSE POSITIVE,25.50236699,2.39,878.0,0.0,5706.8232800782525,1.0,141.3,G,0,16.504350367361724
7013635,FALSE POSITIVE,154.608014,2.86,375.0,0.0,5195.0,2.409,4.67,K,0,0.9546723755212326
3240049,FALSE POSITIVE,2.945414866,38.32,3531.0,0.0,4403.0,2.747,3158.4199999999996,K,0,328.8840601648542
3242039,CANDIDATE,59.14382117,2.39,878.0,0.0,5706.8232800782525,1.0,141.3,G,0,7.116550667062691
3245638,FALSE POSITIVE,154.608014,48.03,305.0,0.0,6106.0,0.966,2.05,F,0,31.4129900148643
3329985,FALSE POSITIVE,146.355097,0.82,135.0,0.0,3401.0,0.29,0.08,M,0,5.602811359552446
3340165,CANDIDATE,26.092284,1.35,717.0,0.87,6346.0,1.214,62.57,F,0,4.691041995403699
3341760,FALSE POSITIVE,0.523493764,1.82,3565.0,0.0,6122.0,2.455,3158.4199999999996,F,0,103.15309123720526
3341982,FALSE POSITIVE,154.608014,2.98,198.0,0.0,5524.0,0.78,0.36,G,0,9.643743305570176
3355104,CANDIDATE,47.0628978,4.1,483.0,0.0,5838.0,0.897,12.9,G,0,34.9957201317935
4840327,FALSE POSITIVE,26.737139497,29.28,655.0,0.0,5794.0,1.155,43.59,G,0,181.6462079103465
4843751,FALSE POSITIVE,154.608014,3.04,279.0,0.0,6063.0,1.001,1.43,F,0,5.950532421948063
4856592,FALSE POSITIVE,154.608014,7.1,410.0,0.0,5071.0,2.747,6.7,K,0,2.4707645491132175
4863260,FALSE POSITIVE,0.987069622,2.43,2232.0,0.0,6602.0,1.223,3158.4199999999996,F,0,389.8407887584651
4902673,FALSE POSITIVE,154.608014,1.39,232.0,0.0,5576.0,0.758,0.68,G,0,2.179705898039671
4912650,CANDIDATE,100.345648,1.57,325.0,0.923,5180.0,0.8,2.62,K,0,3.7101758513732457
4914221,CANDIDATE,111.187116,1.51,440.0,0.0,5806.0,1.281,8.86,G,0,0.9965183376102676
4914399,FALSE POSITIVE,1.23708565,36.31,2174.0,0.0,6556.0,1.324,3158.4199999999996,F,0,649.752909186199
5967194,FALSE POSITIVE,154.608014,14.02,441.0,0.0,4949.0,2.747,8.95,K,0,3.3801611344674543
5980354,FALSE POSITIVE,1.573020098,31.6,2113.0,0.0,6770.0,1.449,3158.4199999999996,F,0,185.75732145540584
5981058,CANDIDATE,27.765596,1.2,605.0,0.113,5897.0,0.999,31.66,G,0,5.315931269762767
5986270,FALSE POSITIVE,1.534679933,18.39,3570.0,1.0,4965.0,2.747,3158.4199999999996,K,0,297.5213203625045
5989391,FALSE POSITIVE,71.59889,4.49,645.0,0.0,6637.0,1.662,40.96,F,0,9.134219818212266
6021840,CANDIDATE,154.608014,2.77,271.0,0.0,6140.0,1.048,1.27,F,0,4.524345031687685
6023571,CANDIDATE,154.608014,8.41,363.0,0.0,4842.0,2.747,4.12,K,0,5.312143780593417
6025174,CANDIDATE,154.608014,2.49,376.0,0.831,6123.0,1.252,4.72,F,0,2.5496737834042675
3356156,CANDIDATE,154.608014,2.77,320.0,0.0,7089.0,1.729,2.48,F,0,1.6105245359402909
3425363,CANDIDATE,25.5338535,1.18,410.0,0.0,4445.0,0.635,6.66,K,0,14.412239030039082
3428127,CANDIDATE,154.608014,2.75,253.0,0.0,5544.0,0.966,0.96,G,0,5.316671359610117
3428359,FALSE POSITIVE,77.66967809,2.39,878.0,0.0,5706.8232800782525,1.0,141.3,G,0,5.419103186088664
3439031,FALSE POSITIVE,2.976012511,48.03,1476.0,0.0,6572.0,1.08,1119.89,F,0,1631.9487845056308
3441795,CANDIDATE,154.608014,2.32,216.0,0.0,5310.0,0.796,0.52,G,0,5.730621441136939
3449540,FALSE POSITIVE,1.606003121,48.03,3359.0,0.0,5297.0,2.747,3158.4199999999996,G,0,3024.0912589110712
3449870,FALSE POSITIVE,61.438007,14.79,1020.0,0.0,5080.0,2.747,255.93,K,0,4.117972121068315
4915582,CANDIDATE,154.608014,1.64,331.0,0.0,6499.0,1.497,2.84,F,0,0.7632204628150776
4917357,FALSE POSITIVE,147.863607,2.03,305.0,0.0,5485.0,0.867,2.05,G,0,3.787274038296658
4917658,FALSE POSITIVE,154.608014,2.39,878.0,0.0,5706.8232800782525,1.0,141.3,G,0,2.7223685830412387
4918303,CANDIDATE,21.1579573,1.63,682.0,0.999,6063.0,1.012,51.22,F,0,10.20419868226126
4927738,FALSE POSITIVE,19.545185,0.76,790.0,0.0,6273.0,1.16,92.09,F,0,2.056772550374939
4937140,FALSE POSITIVE,154.608014,1.89,306.0,0.0,5651.0,1.02,2.07,G,0,2.270904275376049
4940376,CANDIDATE,154.608014,16.68,698.0,0.0,5106.0,2.747,56.11,K,0,3.445487631708406
4945035,FALSE POSITIVE,1.174683069,3.06,1901.0,0.0,5974.0,1.143,3076.92,G,0,303.4009848319351
6033602,FALSE POSITIVE,33.2948005,1.46,600.0,0.0,6217.0,0.989,30.67,F,0,6.478489036148452
6034379,CANDIDATE,154.608014,4.42,289.0,0.0,5780.0,1.0,1.65,G,0,10.588066929053237
6034834,CANDIDATE,154.608014,1.89,259.0,0.0,5735.0,0.972,1.06,G,0,2.42872274395815
6036286,CANDIDATE,154.608014,1.03,94.0,0.0,3434.0,0.36,0.02,M,0,4.902721278083296
6038152,CANDIDATE,154.608014,2.06,298.0,0.0,6446.0,1.155,1.86,F,0,1.9585013232237756
6043490,CANDIDATE,154.608014,4.42,375.0,0.0,5458.0,2.453,4.7,G,0,2.1557744089514017
6045404,CANDIDATE,78.876125,2.03,427.0,0.0,6046.0,0.927,7.86,F,0,5.987870220551529
6047853,FALSE POSITIVE,154.608014,1.82,261.0,0.0,6300.0,1.064,1.09,F,0,1.8614817728659268
3459529,FALSE POSITIVE,154.608014,2.45,202.0,0.0,4691.0,0.604,0.4,K,0,9.624339395498605
3532510,FALSE POSITIVE,106.779168,1.94,555.0,0.0,7158.0,1.494,22.43,F,0,1.5265149846456942
3540873,CANDIDATE,154.608014,1.48,211.0,0.0,5776.0,0.726,0.47,G,0,2.6997306879577407
3542117,FALSE POSITIVE,12.5748872,1.03,349.0,1.0,3552.0,0.387,3.49,M,0,58.13173417571492
3542928,FALSE POSITIVE,154.608014,2.38,235.0,0.0,5858.0,1.04,0.72,G,0,3.3517020663624852
3545749,FALSE POSITIVE,154.608014,2.48,216.0,0.0,4949.0,0.73,0.52,K,0,6.972471685717404
3546821,FALSE POSITIVE,154.608014,1.93,255.0,0.0,6014.0,1.258,1.0,F,0,1.4818119324655448
3548645,CANDIDATE,154.608014,2.09,300.0,0.0,5941.0,0.911,1.92,G,0,3.4344920826678496
4946581,FALSE POSITIVE,28.615014,1.69,783.0,0.0,5562.0,1.987,88.66,G,0,2.463741586846681
4953262,CANDIDATE,105.5904748,8.16,670.0,0.233,4869.0,2.747,47.59,K,0,2.769189176901021
4996558,FALSE POSITIVE,3.017155419,38.71,1486.0,0.0,5893.0,1.302,1155.07,G,0,457.98104774396444
5006817,FALSE POSITIVE,94.818136,2.39,878.0,0.0,5706.8232800782525,1.0,112.85,G,0,4.439024196805557
5008775,FALSE POSITIVE,52.6727624,1.64,521.0,0.0,6184.0,1.038,17.45,F,0,4.708315810677892
5015027,FALSE POSITIVE,34.4886903,0.71,524.0,0.0,5629.0,0.886,17.87,G,0,1.7368012377089308
5016163,FALSE POSITIVE,2.6228301,48.03,1403.0,0.0,6233.0,0.988,917.98,F,0,1851.7020984317667
5024476,FALSE POSITIVE,154.608014,29.97,782.0,0.0,5221.0,2.747,88.22,G,0,4.158904725339787
6058896,FALSE POSITIVE,0.56493398,30.51,2206.0,0.0,5808.0,0.898,3158.4199999999996,G,0,3658.8346128515764
6062298,FALSE POSITIVE,154.608014,48.03,291.0,0.0,5780.0,1.0,1.68,G,0,31.4129900148643
6065010,FALSE POSITIVE,154.608014,1.54,376.0,0.0,6365.0,1.033,4.73,F,0,1.2567265756353356
6067545,CANDIDATE,154.608014,2.06,238.0,0.0,5912.0,1.115,0.76,G,0,2.2411516132663083
6115356,CANDIDATE,154.608014,1.84,224.0,0.0,5772.0,0.745,0.6,G,0,3.9001859243855237
6116605,FALSE POSITIVE,154.608014,5.06,243.0,0.0,5780.0,1.0,0.83,G,0,13.479249529717134
6118840,FALSE POSITIVE,154.608014,1.97,228.0,0.0,5473.0,0.816,0.63,G,0,3.880782014313954
6129632,FALSE POSITIVE,154.608014,11.33,554.0,0.0,5189.0,2.747,22.32,K,0,2.0399977455243685
3553900,CANDIDATE,12.5747207,1.45,693.0,0.969,5654.0,0.774,54.46,G,0,25.710312595650734
3554819,FALSE POSITIVE,43.22793081,2.39,878.0,0.0,5706.8232800782525,1.0,141.3,G,0,9.736760287000191
3555178,FALSE POSITIVE,154.608014,0.77,201.0,0.0,5618.0,0.811,0.39,G,0,0.5808237081423218
3632330,FALSE POSITIVE,63.12379762,2.39,878.0,0.0,5706.8232800782525,1.0,141.3,G,0,6.6678497788390825
3641216,FALSE POSITIVE,154.608014,2.39,878.0,0.0,5706.8232800782525,1.0,141.3,G,0,2.7223685830412387
3644399,FALSE POSITIVE,119.669671,2.21,413.0,0.0,6382.0,1.059,6.88,F,0,3.525538229314594
3644649,FALSE POSITIVE,154.608014,1.27,173.0,0.0,5216.0,0.735,0.21,G,0,1.8317291107561862
5027859,CANDIDATE,33.3726538,1.95,491.0,0.984,5504.0,0.796,13.7,G,0,18.530141585563687
5032842,FALSE POSITIVE,18.40783671,2.39,878.0,0.0,5706.8232800782525,1.0,141.3,G,0,22.865261498726102
5036052,CANDIDATE,143.163697,20.03,741.0,0.0,5145.0,2.747,71.41,K,0,2.7262497978101248
5037742,FALSE POSITIVE,154.608014,2.1,246.0,0.0,5377.0,0.814,0.86,G,0,4.363292578093656
5039053,FALSE POSITIVE,154.608014,2.04,303.0,0.0,5858.0,1.498,1.98,G,0,1.0749766179649651
5080565,FALSE POSITIVE,49.312677,2.84,342.0,0.0,4541.0,0.666,3.22,K,0,34.73751790031598
5091808,FALSE POSITIVE,154.608014,1.05,265.0,0.0,5786.0,0.827,1.16,G,0,1.0387559858313684
6139220,FALSE POSITIVE,154.608014,37.15,367.0,0.0,6033.0,1.65,4.27,F,0,31.4129900148643
6143819,FALSE POSITIVE,28.1117095,1.19,599.0,0.0,5780.0,1.0,30.39,G,0,4.2473404187674895
6145939,FALSE POSITIVE,17.745456135,48.03,1106.0,0.0,6337.0,2.216,353.47,F,0,273.68696318946434
6149980,FALSE POSITIVE,154.608014,2.6,250.0,0.0,6446.0,1.125,0.92,F,0,3.349761675355328
6184894,CONFIRMED,7.20281185,3.06,794.0,1.0,5388.0,0.717,93.79,G,1,254.42841464753795
6195792,FALSE POSITIVE,36.4772788,1.65,427.0,0.0,4910.0,0.755,7.89,K,0,12.692832777866094
6197658,CANDIDATE,154.608014,3.22,315.0,0.0,6343.0,1.137,2.32,F,0,5.057952558655853
6198670,CANDIDATE,154.608014,1.35,301.0,0.0,5692.0,0.82,1.94,G,0,1.761875034498535
3646449,CANDIDATE,65.752109,2.0,458.0,0.979,5816.0,1.03,10.36,G,0,5.8173038981913106
3646515,FALSE POSITIVE,154.608014,2.39,878.0,0.0,5706.8232800782525,1.0,141.3,G,0,2.7223685830412387
3647097,CANDIDATE,59.9655175,1.92,481.0,0.0,5729.0,1.105,12.67,G,0,5.1713053255981665
3730176,FALSE POSITIVE,154.608014,1.39,286.0,0.0,6224.0,1.177,1.59,F,0,0.9009882243232231
3748239,CANDIDATE,112.951287,15.19,783.0,0.0,5215.0,2.747,88.86,G,0,4.918934655432479
3751118,CANDIDATE,103.363691,2.0,385.0,0.0,5762.0,1.022,5.19,G,0,3.4741406438359483
3755522,FALSE POSITIVE,154.608014,1.4,291.0,0.0,5870.0,0.985,1.69,G,0,1.32011268186913
5094412,CANDIDATE,154.608014,11.67,260.0,0.0,5324.0,0.966,1.08,G,0,11.396563182035312
5105886,FALSE POSITIVE,154.608014,15.36,519.0,0.0,5075.0,2.747,17.15,K,0,3.3200090132455875
5110453,CANDIDATE,154.608014,13.73,463.0,0.0,5110.0,2.747,10.83,K,0,3.114974363489334
5113146,FALSE POSITIVE,18.78970984,44.01,752.0,0.0,6477.0,0.884,75.6,F,0,258.4765832658542
5130563,FALSE POSITIVE,0.915782856,32.86,2307.0,0.0,6318.0,1.333,3158.4199999999996,F,0,328.6805360330965
5131276,FALSE POSITIVE,0.66882716,48.03,3749.0,0.928,3711.0,2.747,3158.4199999999996,K,0,101.96954322249714
5166811,CANDIDATE,154.608014,1.9,206.0,0.0,5228.0,0.751,0.43,G,0,4.332246321979143
5174677,FALSE POSITIVE,43.5428781,17.47,688.0,0.0,6669.0,1.427,53.04,F,0,111.53833214346021
6203955,CANDIDATE,19.4534296,1.25,744.0,0.954,6372.0,1.015,72.59,F,0,7.659317820236695
6205384,FALSE POSITIVE,3.72273683,0.52,1104.0,0.0,5898.0,0.819,350.89,G,0,10.153820086175685
6205405,FALSE POSITIVE,3.7229369,0.46,591.0,0.0,3724.0,0.48,28.81,K,0,17.513055351542487
6206470,FALSE POSITIVE,1.80455062,0.65,1577.0,0.0,6006.0,1.019,1457.85,F,0,21.999937025872956
6263468,FALSE POSITIVE,10.1955065,1.02,661.0,0.0,5182.0,0.666,45.18,K,0,21.715448859750126
6266866,CANDIDATE,154.608014,1.2,361.0,0.0,5807.0,1.496,4.02,G,0,0.41912445754590705
6277594,FALSE POSITIVE,3.66115536,0.81,1466.0,0.0,6356.0,1.308,1093.71,F,0,9.368627284912597
9002278,CONFIRMED,154.608014,1.43,207.0,0.0,4926.0,0.662,0.44,K,1,3.052235054257925
6026438,CONFIRMED,16.9348104,1.31,508.0,0.992,4650.0,0.706,15.77,K,1,20.44900366879809
3229150,CANDIDATE,44.7055876,48.03,509.0,0.997,5942.0,0.938,15.83,G,0,10.553490633461665
11360805,CANDIDATE,57.3888262,1.88,406.0,0.852,5242.0,0.856,6.41,G,0,6.0011682204435814
3757521,CANDIDATE,126.51457638,2.39,878.0,0.0,5706.8232800782525,1.0,141.3,G,0,3.3268893754643893
3758499,CANDIDATE,14.5168151,1.82,1030.0,0.975,5934.0,1.885,265.78,G,0,5.924164453951059
3763724,FALSE POSITIVE,154.608014,2.39,878.0,0.0,5706.8232800782525,1.0,141.3,G,0,2.7223685830412387
3834728,CANDIDATE,154.608014,1.76,200.0,0.0,5171.0,0.677,0.38,K,0,4.340007886007772
3836450,FALSE POSITIVE,1.540399732,0.58,1312.0,0.0,5160.0,0.784,700.19,K,0,37.39289147058875
3836509,FALSE POSITIVE,1.540389045,32.54,3749.0,0.0,4964.0,2.747,3158.4199999999996,K,0,315.3099547004374
3836522,FALSE POSITIVE,1.540393027,2.17,1502.0,0.0,5466.0,0.946,1200.85,G,0,341.60113086515554
3846515,FALSE POSITIVE,0.888045184,2.04,2870.0,0.136,6316.0,2.087,3158.4199999999996,F,0,102.02183586190137
5179609,FALSE POSITIVE,43.9311596,48.03,902.0,0.946,4888.0,2.747,156.74,K,0,110.55251088796663
5181086,FALSE POSITIVE,154.608014,1.04,145.0,0.0,4302.0,0.604,0.11,K,0,1.9856667973239732
5181299,CANDIDATE,154.608014,6.93,338.0,0.0,5172.0,2.747,3.09,K,0,3.0405927082149833
5184144,CANDIDATE,154.608014,2.0,217.0,0.0,5228.0,0.755,0.53,G,0,4.734554057463024
5192660,FALSE POSITIVE,110.75214125,2.39,878.0,0.0,5706.8232800782525,1.0,141.3,G,0,3.8003779904345643
5193813,FALSE POSITIVE,121.1825045,2.39,878.0,0.0,5706.8232800782525,1.0,141.3,G,0,3.4732736523034973
5199426,FALSE POSITIVE,78.60436061,34.8,438.0,0.0,5938.0,0.985,8.68,G,0,61.786648505377364
5211631,FALSE POSITIVE,154.608014,2.61,401.0,0.0,6897.0,1.635,6.09,F,0,1.6053501599212057
6281127,FALSE POSITIVE,154.608014,1.77,231.0,0.0,6214.0,0.965,0.67,F,0,2.1124390097915624
6285906,FALSE POSITIVE,116.170346,1.68,320.0,0.0,5510.0,0.762,2.49,G,0,3.7462228097349386
6287131,FALSE POSITIVE,154.608014,2.29,199.0,0.0,5396.0,0.766,0.37,G,0,5.232587749299982
6289459,FALSE POSITIVE,39.5931053,1.22,546.0,0.0,6046.0,0.972,21.06,F,0,3.955234094760433
6289897,FALSE POSITIVE,1.55935718,1.39,2389.0,0.0,6475.0,1.9,3158.4199999999996,F,0,31.87210771043489
6290467,FALSE POSITIVE,100.629443,1.75,412.0,0.0,6351.0,0.921,6.84,F,0,3.5347507587814038
6309307,CANDIDATE,154.608014,32.58,599.0,0.0,5053.0,2.747,30.43,K,0,4.819931261777931
6342980,FALSE POSITIVE,154.608014,2.8,362.0,0.0,5880.0,1.65,4.08,G,0,1.832375907758572
8753896,CONFIRMED,14.5123622,2.08,636.0,0.94,5094.0,0.87,38.6,K,1,24.517028661260948
4150611,FALSE POSITIVE,1.434200327,44.76,2410.0,0.0,6911.0,1.501,3158.4199999999996,F,0,2159.6006789921753
4150611,FALSE POSITIVE,8.653098686,48.03,1324.0,0.0,6911.0,1.501,725.95,F,0,561.2671455900231
4909707,FALSE POSITIVE,2.302365255,48.03,1568.0,0.0,5948.0,1.229,1429.81,G,0,2109.4394077798047
7919516,FALSE POSITIVE,0.575445783,1.3,3478.0,0.0,6215.0,2.396,3158.4199999999996,F,0,50.91704703655809
6850665,FALSE POSITIVE,154.608014,48.03,602.0,0.0,5022.0,2.747,31.0,K,0,31.4129900148643
4948730,FALSE POSITIVE,23.0295222,20.81,645.0,0.0,5877.0,0.959,40.87,G,0,23.804228122457534
3848665,FALSE POSITIVE,154.608014,27.1,181.0,0.0,4596.0,0.696,0.25,K,0,23.659834347267406
3848919,FALSE POSITIVE,0.52363021,48.03,1940.0,0.0,5407.0,0.745,3158.4199999999996,G,0,9275.056914687944
3848948,FALSE POSITIVE,0.523632451,1.08,3749.0,0.791,8277.0,2.747,3158.4199999999996,A,0,15.468865584115603
3852865,FALSE POSITIVE,154.608014,1.8,224.0,0.0,5755.0,0.936,0.59,G,0,2.410612427891351
3854101,FALSE POSITIVE,154.608014,48.03,265.0,0.0,5455.0,1.006,1.16,G,0,31.4129900148643
3858926,FALSE POSITIVE,25.95247,1.56,946.0,0.0,7351.0,1.679,189.06,F,0,3.1133838127931557
3859890,FALSE POSITIVE,4.34573349,0.86,1151.0,0.001,5967.0,0.976,415.52,G,0,16.91314024873624
3863877,CANDIDATE,154.608014,3.01,269.0,0.0,5825.0,0.965,1.25,G,0,6.409758293641881
5213005,FALSE POSITIVE,154.608014,2.39,878.0,0.0,5706.8232800782525,1.0,141.3,G,0,2.7223685830412387
5213811,FALSE POSITIVE,154.608014,2.2,312.0,0.0,6171.0,1.127,2.25,F,0,2.445539466020177
5255259,CANDIDATE,154.608014,3.33,264.0,0.0,5184.0,0.808,1.14,K,0,11.506518672440874
5260419,FALSE POSITIVE,19.93826636,2.39,878.0,0.0,5706.8232800782525,1.0,141.3,G,0,21.110160351975555
5262539,FALSE POSITIVE,154.608014,1.86,241.0,0.0,5931.0,0.997,0.79,G,0,2.170650740006272
5263802,FALSE POSITIVE,3.350209754,48.03,1656.0,0.0,6657.0,1.501,1777.46,F,0,1449.6704256207593
5265982,FALSE POSITIVE,154.608014,6.99,323.0,0.0,5058.0,2.747,2.57,K,0,2.5464397983923392
5271637,FALSE POSITIVE,154.608014,1.31,267.0,0.0,5831.0,1.305,1.2,G,0,0.6655541154548431
6346894,CANDIDATE,52.69092296,2.39,878.0,0.0,5706.8232800782525,1.0,141.3,G,0,7.988093135501226
6347434,FALSE POSITIVE,154.608014,1.4,125.0,0.0,3803.0,0.492,0.06,K,0,5.361947149777113
6347890,CANDIDATE,37.71508287,2.39,878.0,0.0,5706.8232800782525,1.0,141.3,G,0,11.159991387286588
6350031,CANDIDATE,5.1779065,2.93,1636.0,0.059,5921.0,2.589,1692.64,G,0,25.010107849572023
6359881,CANDIDATE,154.608014,2.0,225.0,0.0,5818.0,0.925,0.6,G,0,3.0735793553366517
6359929,CANDIDATE,154.608014,2.88,242.0,0.0,5696.0,0.924,0.8,G,0,6.416226263665737
6363560,FALSE POSITIVE,154.608014,2.39,878.0,0.0,5706.8232800782525,1.0,141.3,G,0,2.7223685830412387
6364064,FALSE POSITIVE,5.24331899,0.83,875.0,0.0,5430.0,0.735,138.45,G,0,20.368777906453484
11177676,CONFIRMED,47.0320478,1.98,492.0,0.958,5370.0,1.055,13.83,G,1,7.820199570387407
4936990,FALSE POSITIVE,10.31453308,29.6,885.0,0.0,6335.0,0.837,144.83,F,0,194.2986642687659
7130418,FALSE POSITIVE,15.52861675,1.96,685.0,0.001,5750.0,0.882,51.98,G,0,32.19861807717033
12208887,FALSE POSITIVE,53.501860974,48.03,409.0,0.0,5436.0,0.748,6.63,G,0,90.77628163925331
10711551,FALSE POSITIVE,10.692230094,48.03,836.0,0.0,6022.0,0.941,115.48,F,0,454.2270375125356
7919867,FALSE POSITIVE,1.60375114,0.82,1688.0,0.0,5818.0,1.116,1918.63,G,0,31.80044504909908
11081512,FALSE POSITIVE,15.7397651,1.18,536.0,0.134,4733.0,0.723,19.54,K,0,18.278544703313266
3865815,CANDIDATE,117.26808432,2.39,878.0,0.0,5706.8232800782525,1.0,141.3,G,0,3.5892118681793437
3867593,FALSE POSITIVE,73.3377984,48.03,601.0,0.0,7276.0,1.321,30.85,F,0,66.22369509254317
3941219,FALSE POSITIVE,154.608014,3.09,443.0,0.0,6677.0,2.108,9.13,F,0,1.2696625156830488
3953106,FALSE POSITIVE,6.58729511,48.03,1152.0,0.0,5619.0,1.406,416.15,G,0,737.2828936458563
3953212,FALSE POSITIVE,154.608014,2.64,265.0,0.0,6067.0,1.116,1.17,F,0,2.708139048988754
3955444,CANDIDATE,62.312419,6.15,838.0,0.0,4999.0,2.747,116.69,K,0,1.9739243311995318
3962728,FALSE POSITIVE,25.9493253,1.04,409.0,0.0,4835.0,0.526,6.62,K,0,13.661241512125171
3965326,FALSE POSITIVE,154.608014,1.08,354.0,0.0,6098.0,1.245,3.71,F,0,0.4805701727725446
9265521,FALSE POSITIVE,154.608014,1.44,267.0,0.0,6085.0,1.033,1.21,F,0,1.249611808609093
9268456,FALSE POSITIVE,84.644104,34.61,1254.0,0.175,5229.0,2.747,584.49,G,0,6.048856043180515
9271739,FALSE POSITIVE,154.608014,2.92,194.0,0.0,5398.0,0.854,0.33,G,0,7.826243728866474
9274092,CANDIDATE,154.608014,2.32,187.0,0.0,5126.0,0.669,0.29,K,0,7.819775758842617
9274431,FALSE POSITIVE,117.844963,2.52,308.0,0.0,5317.0,0.769,2.13,G,0,8.850611629450807
9282853,CANDIDATE,83.499618,1.72,343.0,0.643,5141.0,0.773,3.29,K,0,6.000027449227373
9292100,CANDIDATE,91.507044,1.43,302.0,0.0,5040.0,0.626,1.97,K,0,5.890256929291695
9300066,CANDIDATE,154.608014,2.02,232.0,0.0,4788.0,0.672,0.68,K,0,6.209251222902327
10186761,CANDIDATE,75.636309,1.32,447.0,0.0,6072.0,0.994,9.45,F,0,2.3084151290354478
10189542,FALSE POSITIVE,24.614775,1.28,574.0,0.0,5654.0,0.849,25.69,G,0,9.319605805862535
10191056,FALSE POSITIVE,1.21374744,48.03,2441.0,0.0,6791.0,1.619,3158.4199999999996,F,0,4001.4090575548403
10191449,CANDIDATE,154.608014,2.19,209.0,0.0,5609.0,0.854,0.45,G,0,4.37752211214614
10199984,CANDIDATE,154.608014,4.6,458.0,0.0,5357.0,2.522,10.45,G,0,1.9455653831760624
10201891,FALSE POSITIVE,154.608014,2.09,249.0,0.0,5966.0,0.904,0.91,G,0,3.4616575567680474
10208477,FALSE POSITIVE,154.608014,2.93,356.0,0.0,6446.0,1.874,3.8,F,0,1.5587807757494383
10222603,FALSE POSITIVE,112.48226,1.37,386.0,0.0,6089.0,0.95,5.23,F,0,1.7398299074005092
7581535,FALSE POSITIVE,154.608014,2.39,878.0,0.0,5706.8232800782525,1.0,141.3,G,0,2.7223685830412387
7592339,FALSE POSITIVE,154.608014,1.09,301.0,0.0,6225.0,0.861,1.93,F,0,0.9973609776786861
7598326,FALSE POSITIVE,154.608014,2.39,878.0,0.0,5706.8232800782525,1.0,141.3,G,0,2.7223685830412387
7599004,FALSE POSITIVE,2.41172358,48.03,1706.0,0.0,6363.0,1.332,1997.33,F,0,1395.1433024509383
7618231,FALSE POSITIVE,92.9314146,2.39,878.0,0.0,5706.8232800782525,1.0,141.3,G,0,4.52914659495563
7619667,FALSE POSITIVE,103.22293786,2.39,878.0,0.0,5706.8232800782525,1.0,141.3,G,0,4.0775820638903095
7625138,CANDIDATE,5.71966537,0.82,1479.0,0.0,6356.0,1.865,1131.75,F,0,3.3393561973364188
8507073,FALSE POSITIVE,154.608014,48.03,329.0,0.0,6130.0,1.024,2.77,F,0,31.4129900148643
8507586,CANDIDATE,154.608014,2.02,309.0,0.0,5919.0,0.923,2.14,G,0,3.1046256114511634
8509781,FALSE POSITIVE,70.335879746,29.56,455.0,0.0,6081.0,0.966,10.1,F,0,69.05010668152195
8510197,FALSE POSITIVE,154.608014,2.2,289.0,0.0,6609.0,1.391,1.65,F,0,1.5846526558448646
8516349,FALSE POSITIVE,154.608014,2.54,150.0,0.0,4386.0,0.709,0.12,K,0,8.796439232444962
8525101,CANDIDATE,24.6777128,6.04,1176.0,0.0,4995.0,2.747,451.88,K,0,5.320590326344993
8525286,CANDIDATE,113.05980069,2.39,878.0,0.0,5706.8232800782525,1.0,141.3,G,0,3.7228086148326995
8542879,FALSE POSITIVE,136.355967,1.42,380.0,0.0,6077.0,1.058,4.93,F,0,1.2108014312274284
9304976,CANDIDATE,54.6957124,3.28,405.0,0.088,5299.0,0.757,6.34,G,0,20.038133738614583
9306677,FALSE POSITIVE,154.608014,4.68,498.0,0.0,7872.0,2.747,14.53,A,0,1.1732897623275855
9330740,CANDIDATE,154.608014,2.39,878.0,0.0,5706.8232800782525,1.0,141.3,G,0,2.7223685830412387
9334027,CANDIDATE,154.608014,2.0,293.0,0.0,6054.0,1.028,1.74,F,0,2.400263675853181
9357578,FALSE POSITIVE,154.608014,39.78,878.0,0.0,5033.0,2.747,140.73,K,0,5.678877680946086
9362842,FALSE POSITIVE,154.608014,4.7,386.0,0.0,6195.0,2.439,5.25,F,0,2.347873118659942
9363944,CANDIDATE,154.608014,10.03,452.0,0.0,4961.0,2.747,9.86,K,0,3.0561158362722387
9368524,FALSE POSITIVE,154.608014,9.57,466.0,0.0,6065.0,2.344,11.15,F,0,10.730362269578084
10227881,FALSE POSITIVE,5.14108479,25.74,1038.0,0.0,5893.0,0.941,274.55,G,0,118.88541523159746
10266852,FALSE POSITIVE,154.608014,2.39,878.0,0.0,5706.8232800782525,1.0,141.3,G,0,2.7223685830412387
10272858,CANDIDATE,154.608014,6.69,354.0,0.0,5208.0,2.747,3.73,G,0,2.24244520727108
10292000,FALSE POSITIVE,154.608014,2.39,878.0,0.0,5706.8232800782525,1.0,141.3,G,0,2.7223685830412387
10319341,FALSE POSITIVE,40.1043796,1.5,591.0,0.0,6174.0,1.089,28.85,F,0,4.670312865281177
10319834,CANDIDATE,70.31252504,2.39,878.0,0.0,5706.8232800782525,1.0,141.3,G,0,5.9861312015256845
10320341,FALSE POSITIVE,30.114681501,48.03,639.0,0.0,6273.0,1.044,39.44,F,0,161.27349710933274
10339000,CANDIDATE,69.775633,1.19,480.0,0.0,6224.0,0.983,12.52,F,0,2.0193295845843493
7625143,CANDIDATE,58.5029431,1.54,611.0,0.0,6525.0,1.412,33.01,F,0,1.9998993862583982
7631138,CANDIDATE,154.608014,3.24,283.0,0.0,5324.0,1.534,1.51,G,0,2.9991977000623007
7658229,FALSE POSITIVE,36.1826854,48.03,635.0,0.0,5696.0,1.321,38.4,G,0,134.22718480701823
7662502,CANDIDATE,24.1527864,0.97,701.0,0.492,6223.0,1.095,57.15,F,0,3.2335813643431215
7672215,CANDIDATE,11.1734401,1.4,1279.0,0.903,7372.0,1.752,632.06,F,0,5.486224426083422
7674050,FALSE POSITIVE,154.608014,48.03,217.0,0.0,5763.0,0.842,0.52,G,0,31.4129900148643
7690782,CANDIDATE,154.608014,2.0,236.0,0.0,5574.0,0.953,0.74,G,0,2.5005172112229577
7700561,FALSE POSITIVE,1.507099289,26.56,1448.0,0.0,5762.0,0.801,1037.46,G,0,850.6407038720328
8546464,FALSE POSITIVE,154.608014,48.03,159.0,0.0,3960.0,0.537,0.15,K,0,31.4129900148643
8547213,CANDIDATE,154.608014,1.85,226.0,0.0,5701.0,0.815,0.62,G,0,3.232044620921138
8547366,FALSE POSITIVE,128.66825288,2.39,878.0,0.0,5706.8232800782525,1.0,141.3,G,0,3.2712031956518777
8547525,FALSE POSITIVE,154.608014,2.18,187.0,0.0,5255.0,0.727,0.29,G,0,5.517178430349671
8547537,CANDIDATE,154.608014,2.34,209.0,0.0,5302.0,0.771,0.45,G,0,6.216365989928569
8548403,FALSE POSITIVE,154.608014,2.03,192.0,0.0,5649.0,0.845,0.32,G,0,3.784409260958491
8548454,CANDIDATE,154.608014,2.04,250.0,0.0,5823.0,0.901,0.93,G,0,3.349114878352942
8552607,FALSE POSITIVE,1.061934307,18.7,1696.0,0.0,5853.0,0.868,1958.71,G,0,249.35629092544235
9390655,FALSE POSITIVE,9.5497037,1.45,456.0,0.0,3705.0,0.569,10.25,K,0,74.00229600840915
9391817,CANDIDATE,140.884533,1.52,392.0,0.965,5960.0,1.213,5.6,G,0,1.1214857772925293
9394762,FALSE POSITIVE,77.138911,3.39,406.0,0.0,5778.0,0.911,6.46,G,0,7.820955626402348
9394953,CANDIDATE,100.494129,1.33,523.0,0.0,6018.0,1.75,17.64,F,0,0.5731678116240999
9397862,CANDIDATE,154.608014,1.26,332.0,0.0,6164.0,0.927,2.89,F,0,1.1901064843896125
9402670,FALSE POSITIVE,0.536551592,12.88,2377.0,0.0,6140.0,1.027,3158.4199999999996,F,0,285.5270626053794
9402859,FALSE POSITIVE,68.54443156,2.39,878.0,0.0,5706.8232800782525,1.0,141.3,G,0,6.140542571012022
9407689,FALSE POSITIVE,130.110715,1.32,343.0,0.0,5960.0,0.828,3.26,G,0,1.9360434688257613
10356840,FALSE POSITIVE,154.608014,1.58,283.0,0.0,6068.0,0.829,1.51,F,0,2.3394647576289285
10387792,CANDIDATE,154.608014,1.57,203.0,0.0,5074.0,0.761,0.4,K,0,2.900237758697295
10394802,CANDIDATE,154.608014,3.71,241.0,0.803,4899.0,0.713,0.8,K,0,12.011020334301687
10399137,FALSE POSITIVE,154.608014,2.37,311.0,0.0,6205.0,1.358,2.2,F,0,1.8297887197490292
10416390,FALSE POSITIVE,154.608014,8.71,231.0,0.0,4889.0,0.724,0.67,K,0,31.4129900148643
10419108,FALSE POSITIVE,154.608014,1.22,189.0,0.0,5227.0,0.744,0.3,G,0,1.5012158425371145
10453009,CANDIDATE,30.9771151,4.3,950.0,0.0,5197.0,2.747,192.79,K,0,4.035236967563839
10459749,CANDIDATE,19.11280242,2.39,878.0,0.0,5706.8232800782525,1.0,141.3,G,0,22.021888300355272
7701809,FALSE POSITIVE,30.2111162,4.44,1033.0,0.0,5132.0,2.747,269.29,K,0,3.0650969460042656
7731281,CONFIRMED,76.377855,6.28,240.0,0.0,3869.0,0.584,0.78,K,1,63.58780303531698
7743464,FALSE POSITIVE,55.249007325,48.03,496.0,0.0,6063.0,1.012,14.25,F,0,87.90565179625152
7747091,CANDIDATE,14.2673439,1.21,657.0,0.997,5475.0,0.837,44.12,G,0,15.244603447177019
7747197,FALSE POSITIVE,22.52907,1.39,532.0,0.0,5284.0,0.769,18.89,G,0,14.519019204964964
7750342,FALSE POSITIVE,66.247851,16.67,925.0,0.0,5214.0,2.747,172.74,G,0,10.05315629030744
7751133,FALSE POSITIVE,154.608014,1.74,266.0,0.0,5892.0,1.054,1.18,G,0,1.7482922974484363
7757620,CANDIDATE,154.608014,2.39,878.0,0.0,5706.8232800782525,1.0,141.3,G,0,2.7223685830412387
8560475,FALSE POSITIVE,7.41505161,48.03,2815.0,1.0,4989.0,2.747,3158.4199999999996,K,0,126.36459586287357
8561192,FALSE POSITIVE,2.742590902,48.03,1960.0,0.0,7072.0,1.705,3158.4199999999996,F,0,1770.8437654548889
8570210,CANDIDATE,154.608014,1.08,206.0,0.0,5829.0,0.802,0.43,G,0,1.173936559329971
8571421,CANDIDATE,154.608014,3.01,258.0,0.0,6343.0,1.137,1.04,F,0,4.455784549434805
8574794,CANDIDATE,154.608014,2.22,210.0,0.0,5751.0,0.943,0.46,G,0,3.436432473675006
8575061,FALSE POSITIVE,154.608014,2.91,274.0,0.0,5385.0,0.878,1.34,G,0,7.354081917124943
8612291,FALSE POSITIVE,37.0488669,2.39,878.0,0.0,5706.8232800782525,1.0,141.3,G,0,11.360671330004966
8613769,CANDIDATE,154.608014,3.63,206.0,0.0,5693.0,0.856,0.42,G,0,11.51298664246473
9412267,FALSE POSITIVE,154.608014,2.39,878.0,0.0,5706.8232800782525,1.0,141.3,G,0,2.7223685830412387
9417931,CANDIDATE,154.608014,1.73,356.0,0.0,6098.0,1.131,3.81,F,0,1.4688759924178316
9418508,FALSE POSITIVE,11.0153889,48.03,1047.0,0.0,5515.0,1.678,284.63,G,0,312.8350738483686
9449320,FALSE POSITIVE,28.34230575,2.39,878.0,0.0,5706.8232800782525,1.0,141.3,G,0,14.850591328477217
9451521,FALSE POSITIVE,154.608014,1.96,274.0,0.0,5695.0,0.872,1.34,G,0,3.0962172504201497
9455322,FALSE POSITIVE,154.608014,2.47,480.0,0.0,7037.0,1.683,12.58,F,0,1.327874245897758
9455526,FALSE POSITIVE,60.0546149,5.24,694.0,0.0,5242.0,2.747,54.88,G,0,5.430057299393323
9456887,CANDIDATE,20.5142642,1.14,598.0,0.884,5221.0,0.936,30.28,G,0,7.467974405828311
10470779,CANDIDATE,154.608014,2.41,230.0,0.0,5613.0,1.044,0.67,G,0,3.5483283550877256
10480952,FALSE POSITIVE,2.037453129,48.03,2220.0,0.0,6456.0,2.056,3158.4199999999996,F,0,2383.7112770214794
10487228,CANDIDATE,154.608014,2.03,212.0,0.0,5108.0,0.759,0.48,K,0,4.8897853380355825
10519727,CANDIDATE,154.608014,2.82,393.0,0.0,5620.0,1.621,5.65,G,0,1.9669096842547893
10525077,CANDIDATE,11.006795,1.34,874.0,0.989,6091.0,1.047,138.34,F,0,13.300874596101771
10535708,CANDIDATE,154.608014,1.96,314.0,0.0,5849.0,0.919,2.29,G,0,2.9733258199668744
10547378,FALSE POSITIVE,35.164087,48.03,756.0,0.0,5485.0,2.087,77.33,G,0,43.4790188068867
10548411,FALSE POSITIVE,107.11003503,2.39,878.0,0.0,5706.8232800782525,1.0,141.3,G,0,3.9296037937258803
7762153,CANDIDATE,154.608014,2.63,266.0,0.0,5857.0,1.1,1.18,G,0,3.767592538896464
7762717,FALSE POSITIVE,154.608014,2.39,878.0,0.0,5706.8232800782525,1.0,141.3,G,0,2.7223685830412387
7767781,CANDIDATE,39.42516213,2.39,878.0,0.0,5706.8232800782525,1.0,141.3,G,0,10.675923122703466
7770901,CANDIDATE,124.887214,1.78,435.0,0.99,6103.0,1.234,8.48,F,0,1.4132751812367277
7800285,FALSE POSITIVE,0.533000886,40.94,2429.0,0.0,5934.0,1.064,3158.4199999999996,G,0,8252.33149800055
7804128,FALSE POSITIVE,154.608014,2.39,878.0,0.0,5706.8232800782525,1.0,141.3,G,0,2.7223685830412387
7809049,FALSE POSITIVE,114.32859485,2.39,878.0,0.0,5706.8232800782525,1.0,141.3,G,0,3.6814936853918656
7811057,FALSE POSITIVE,99.97889,1.84,463.0,0.0,5229.0,1.725,10.84,G,0,1.179248939451118
8622875,FALSE POSITIVE,154.608014,5.56,259.0,0.0,5768.0,1.009,1.06,G,0,7.284227840867292
8644545,CANDIDATE,154.608014,2.1,265.0,0.907,5505.0,0.992,1.17,G,0,3.0017848880718434
8644911,CANDIDATE,120.938669,2.32,333.0,0.994,5456.0,0.843,2.91,G,0,6.466914234023859
8652997,CANDIDATE,154.608014,0.96,312.0,0.0,6113.0,1.277,2.25,F,0,0.33956842625247097
8655076,FALSE POSITIVE,42.070868,1.82,469.0,0.0,5197.0,0.938,11.43,K,0,9.179748799097752
8656535,CANDIDATE,154.608014,1.86,210.0,0.0,5594.0,1.006,0.46,G,0,2.2353304402448377
8671707,FALSE POSITIVE,154.608014,2.88,307.0,0.0,5938.0,1.504,2.09,G,0,2.3698642167410546
8676061,FALSE POSITIVE,154.608014,2.18,260.0,0.0,6225.0,1.031,1.09,F,0,2.870485096587555
9457533,FALSE POSITIVE,37.3683802,10.58,1075.0,0.0,5101.0,2.747,315.59,K,0,5.528738438601093
9463329,FALSE POSITIVE,154.608014,1.24,221.0,0.0,6120.0,0.955,0.56,F,0,1.0866189640079071
9466486,CANDIDATE,154.608014,2.97,300.0,0.0,5553.0,1.844,1.92,G,0,1.695901740255198
9472328,CANDIDATE,77.51257,48.03,702.0,0.0,5261.0,2.747,57.44,G,0,19.480711322047508
9472341,CANDIDATE,46.969389,7.45,638.0,0.0,5401.0,1.717,39.27,G,0,39.9196165826215
9474485,FALSE POSITIVE,0.512581525,42.41,1541.0,0.041,4612.0,0.604,1339.86,K,0,9474.980589673029
9475697,CANDIDATE,154.608014,24.34,675.0,0.0,5048.0,2.747,48.97,K,0,4.631066537081319
9481235,CANDIDATE,14.0019064,17.96,1646.0,0.0,4883.0,2.747,1736.43,K,0,26.86062806418989
10551346,FALSE POSITIVE,1.42796645,39.76,1637.0,0.0,6099.0,0.919,1700.47,F,0,3401.1303276768163
10552151,CANDIDATE,154.608014,11.07,372.0,0.0,5277.0,2.747,4.52,G,0,5.369708713805742
10552263,CANDIDATE,154.608014,1.26,272.0,0.0,5914.0,0.973,1.28,G,0,1.0866189640079071
10554421,CANDIDATE,154.608014,2.39,878.0,0.0,5706.8232800782525,1.0,141.3,G,0,2.7223685830412387
10556891,FALSE POSITIVE,70.61977122,2.39,878.0,0.0,5706.8232800782525,1.0,141.3,G,0,5.960087277665921
10579570,FALSE POSITIVE,154.608014,2.39,878.0,0.0,5706.8232800782525,1.0,141.3,G,0,2.7223685830412387
10581308,CANDIDATE,154.608014,2.25,278.0,0.0,5458.0,1.441,1.41,G,0,1.5367896776683259
10591578,FALSE POSITIVE,44.51439331,2.39,878.0,0.0,5706.8232800782525,1.0,141.3,G,0,9.455368672978102
7812990,CANDIDATE,43.08410127,2.39,878.0,0.0,5706.8232800782525,1.0,141.3,G,0,9.769264939804557
7819520,FALSE POSITIVE,154.608014,2.39,878.0,0.0,5706.8232800782525,1.0,141.3,G,0,2.7223685830412387
7829836,CANDIDATE,154.608014,2.55,302.0,0.562,5878.0,1.035,1.98,G,0,3.972627188652718
7830953,CANDIDATE,154.608014,2.96,218.0,0.0,5897.0,0.992,0.53,G,0,5.857393653604528
7836096,CANDIDATE,15.9961296,1.71,560.0,0.995,4949.0,0.777,23.32,K,0,31.30132178974094
7837526,FALSE POSITIVE,28.297207229,48.03,713.0,0.0,6327.0,1.151,60.99,F,0,171.63177838351052
7881464,CANDIDATE,154.608014,2.39,878.0,0.0,5706.8232800782525,1.0,141.3,G,0,2.7223685830412387
7884986,FALSE POSITIVE,154.608014,21.53,529.0,0.0,5079.0,2.747,18.57,K,0,5.300501434550475
8677186,FALSE POSITIVE,154.608014,1.18,189.0,0.0,5228.0,0.854,0.3,G,0,1.2929472077689323
8678345,FALSE POSITIVE,154.608014,3.69,241.0,0.0,5574.0,0.884,0.8,G,0,5.32960729965783
8682751,FALSE POSITIVE,44.36123319,2.39,878.0,0.0,5706.8232800782525,1.0,141.3,G,0,9.488013964744336
8715564,FALSE POSITIVE,154.608014,0.73,197.0,0.0,5260.0,0.717,0.36,G,0,0.512263225889442
8715589,CANDIDATE,7.62210397,3.8,1422.0,0.654,5222.0,2.747,965.88,G,0,19.167935858004306
8718273,FALSE POSITIVE,3.479508244,48.03,3167.0,0.0,4630.0,2.747,3158.4199999999996,K,0,862.3057597790822
8737343,FALSE POSITIVE,154.608014,1.85,315.0,0.0,6031.0,1.566,2.31,F,0,0.8828779082564245
8741367,CANDIDATE,0.9886684,3.18,3183.0,1.0,6456.0,2.747,3158.4199999999996,F,0,128.05102297190848
9489348,FALSE POSITIVE,3.34465934,1.17,1559.0,0.0,5966.0,1.551,1396.11,G,0,17.221484804488338
9517242,FALSE POSITIVE,154.608014,1.3,208.0,0.0,5709.0,0.837,0.45,G,0,1.447531691339105
9532603,CANDIDATE,14.5555096,2.03,594.0,0.886,5176.0,0.738,29.45,K,0,49.80931756590645
9534832,CANDIDATE,114.12716,2.76,295.0,0.0,4816.0,0.823,1.79,K,0,8.534340116760989
9536727,CANDIDATE,17.0497376,45.89,1971.0,0.0,5039.0,2.747,3158.4199999999996,K,0,28.070813242310546
9543302,FALSE POSITIVE,13.0366377,2.23,1047.0,0.0,6084.0,1.677,283.97,F,0,11.85888597640479
9575728,CANDIDATE,2.64181261,0.59,834.0,0.994,4147.0,0.683,114.08,K,0,26.49695884372359
10802364,CANDIDATE,154.608014,1.97,196.0,0.0,5591.0,0.86,0.35,G,0,3.1757732817135857
10809888,CANDIDATE,72.782432,11.19,924.0,0.0,5099.0,2.747,172.28,K,0,3.3771886050743674
10813078,CANDIDATE,10.552241908,1.75,485.0,1.0,4031.0,0.585,13.12,K,0,90.4073284442751
10817600,FALSE POSITIVE,2.74703312,48.03,2917.0,0.001,8237.0,2.747,3158.4199999999996,A,0,55.405229333383495
10850327,CANDIDATE,154.608014,5.97,334.0,0.94,6261.0,1.679,2.96,F,0,5.067654513691639
10855545,CANDIDATE,37.537859,1.77,583.0,0.089,6095.0,1.082,27.38,F,0,7.166098631251186
10858504,CANDIDATE,154.608014,2.44,249.0,0.0,6287.0,0.962,0.91,F,0,3.848442164194671
7885558,FALSE POSITIVE,0.864651455,0.69,1720.0,0.0,5587.0,0.851,2062.08,G,0,78.29744529834858
7888863,CANDIDATE,74.624063,1.75,448.0,0.716,6187.0,0.937,9.49,F,0,4.648634583190678
7900450,FALSE POSITIVE,25.4805211,1.25,659.0,1.0,6250.0,0.986,44.67,F,0,6.24006076547626
7900695,FALSE POSITIVE,154.608014,1.47,198.0,0.0,5492.0,0.812,0.36,G,0,2.0399977455243685
7900727,FALSE POSITIVE,154.608014,2.4,253.0,0.0,5911.0,0.914,0.97,G,0,4.45643134643719
7902719,FALSE POSITIVE,154.608014,2.87,267.0,0.0,6409.0,0.887,1.21,F,0,6.189847312830757
7916058,FALSE POSITIVE,7.1091096,1.08,855.0,0.0,5665.0,0.82,126.12,G,0,22.04214153626215
7917068,CANDIDATE,154.608014,7.35,377.0,0.0,5751.0,2.611,4.77,G,0,3.103332017446392
8742270,FALSE POSITIVE,154.608014,48.03,280.0,0.0,5544.0,1.362,1.45,G,0,31.4129900148643
8745553,CONFIRMED,62.134919,6.71,925.0,0.814,5889.0,2.747,172.96,G,1,2.373866456637692
8747222,FALSE POSITIVE,1.667482003,15.15,3257.0,0.0,4678.0,2.747,3158.4199999999996,K,0,327.1399625414728
8747910,CANDIDATE,154.608014,2.28,196.0,0.0,5596.0,0.821,0.35,G,0,4.689278267296028
8766285,FALSE POSITIVE,5.29730786,1.49,1044.0,0.0,5780.0,1.0,281.21,G,0,36.018295527192564
8807988,CANDIDATE,21.9578446,0.78,533.0,0.0,5192.0,0.802,19.05,K,0,4.3993389041472675
8812360,FALSE POSITIVE,77.395279,6.16,646.0,0.0,5158.0,2.747,41.24,K,0,5.6463392295542985
8814872,CANDIDATE,154.608014,2.55,158.0,0.0,4236.0,0.612,0.15,K,0,11.681153863085001
9579072,FALSE POSITIVE,154.608014,2.42,217.0,0.0,6029.0,0.956,0.53,F,0,4.081289085053508
9579606,CANDIDATE,107.904526,1.26,337.0,0.0,5565.0,0.802,3.05,G,0,2.3113024934653805
9591728,FALSE POSITIVE,11.03571773,48.03,991.0,0.0,6201.0,1.23,227.54,F,0,440.0891830349488
9594184,FALSE POSITIVE,42.093314,2.19,407.0,0.507,4885.0,0.763,6.47,K,0,21.048473398887054
9594992,FALSE POSITIVE,154.608014,2.39,878.0,0.0,5706.8232800782525,1.0,141.3,G,0,2.7223685830412387
9596820,CANDIDATE,154.608014,2.33,363.0,0.0,6886.0,1.287,4.12,F,0,2.0231810234623415
9598315,FALSE POSITIVE,154.608014,1.7,332.0,0.0,6407.0,1.344,2.88,F,0,1.0212924667669556
9602595,FALSE POSITIVE,3.55650976,48.03,2353.0,0.0,8105.0,2.433,3158.4199999999996,A,0,1365.5803941896113
10601163,CANDIDATE,3.1318392,1.5,1443.0,0.0,6070.0,1.159,1025.14,F,0,51.05626112605015
10616317,FALSE POSITIVE,38.27772448,2.39,878.0,0.0,5706.8232800782525,1.0,141.3,G,0,10.99595145003771
10616656,FALSE POSITIVE,25.285232337,48.03,740.0,0.0,6486.0,1.136,70.73,F,0,192.07654235761828
10618044,CANDIDATE,154.608014,3.52,379.0,0.0,5210.0,1.849,4.85,G,0,2.073631189648423
10656842,CANDIDATE,82.508054,14.04,878.0,0.0,4986.0,2.747,140.61,K,0,4.265038174333865
10658177,CANDIDATE,113.083522,1.59,450.0,0.95,5903.0,1.4,9.65,G,0,1.155782891162516
10661679,FALSE POSITIVE,1.23138339,0.82,1648.0,0.0,5791.0,0.958,1746.21,G,0,59.03928913642404
10663976,CANDIDATE,154.608014,1.24,212.0,0.0,5513.0,0.729,0.48,G,0,1.853073411834913
7935997,FALSE POSITIVE,154.608014,2.39,878.0,0.0,5706.8232800782525,1.0,141.3,G,0,2.7223685830412387
7938499,FALSE POSITIVE,7.2269859,0.79,603.0,0.0,4347.0,0.609,31.23,K,0,22.18075449683664
7941635,FALSE POSITIVE,0.762724045,41.02,1860.0,0.768,5313.0,0.976,2827.5,G,0,6367.571642506694
7948619,FALSE POSITIVE,154.608014,2.39,878.0,0.0,5706.8232800782525,1.0,141.3,G,0,2.7223685830412387
7950158,CANDIDATE,154.608014,4.4,319.0,0.0,5283.0,2.504,2.43,G,0,2.069103610631723
7967210,FALSE POSITIVE,154.608014,2.51,277.0,0.0,6043.0,1.065,1.4,F,0,3.3795143374650682
7970194,FALSE POSITIVE,154.608014,2.54,281.0,0.0,5508.0,0.835,1.46,G,0,3.5754938291879226
7978202,CONFIRMED,154.608014,2.62,182.0,0.0,5037.0,0.756,0.26,K,1,8.1949180202263
8823893,FALSE POSITIVE,1.50650036,0.81,1809.0,0.0,6201.0,1.126,2520.53,F,0,30.136069798217637
8836224,FALSE POSITIVE,154.608014,2.39,878.0,0.0,5706.8232800782525,1.0,141.3,G,0,2.7223685830412387
8841297,CANDIDATE,154.608014,2.94,305.0,0.0,6043.0,1.634,2.03,F,0,1.9248678790997213
8868481,CANDIDATE,154.608014,3.0,376.0,0.0,5779.0,2.46,4.71,G,0,0.9676083155689459
8888745,CANDIDATE,34.0269868,1.57,455.0,0.0,4999.0,0.801,10.15,K,0,10.629798110716049
8890417,CANDIDATE,154.608014,2.41,405.0,0.0,6007.0,1.518,6.39,F,0,1.5490788207136534
8891684,CONFIRMED,154.608014,4.27,282.0,0.968,5636.0,1.354,1.49,G,1,5.915605383819237
8904714,FALSE POSITIVE,5.2362026,48.03,1378.0,0.0,6176.0,1.631,853.62,F,0,385.6802637850567
9645188,FALSE POSITIVE,48.55059299,2.39,878.0,0.0,5706.8232800782525,1.0,141.3,G,0,8.66930708934272
9659022,CANDIDATE,154.608014,2.56,241.0,0.0,6141.0,1.007,0.79,F,0,3.94546171455252
9662475,FALSE POSITIVE,154.608014,2.47,290.0,0.0,5780.0,1.0,1.67,G,0,3.320655810247973
9674789,CANDIDATE,96.16705,1.15,313.0,0.0,5147.0,0.716,2.26,K,0,2.814893458830233
9705620,FALSE POSITIVE,95.254421,2.2,413.0,0.0,6063.0,1.012,6.89,F,0,4.885862463013659
9715631,CONFIRMED,154.608014,3.2,248.0,0.904,5977.0,1.022,0.89,G,1,6.445978925775478
9723746,CANDIDATE,154.608014,2.88,347.0,0.0,6208.0,1.168,3.43,F,0,3.8419741941708145
9724993,FALSE POSITIVE,7.863361238,22.7,1057.0,0.973,5615.0,1.4,294.86,G,0,617.6366382012068
10677763,FALSE POSITIVE,120.16983803,2.39,878.0,0.0,5706.8232800782525,1.0,141.3,G,0,3.502542791935225
10678912,CANDIDATE,113.71363032,2.39,878.0,0.0,5706.8232800782525,1.0,141.3,G,0,3.7014032426504277
10685764,CANDIDATE,17.634272,1.69,842.0,0.0,4885.0,1.979,118.84,K,0,4.349484912107514
10724569,FALSE POSITIVE,0.745086745,1.29,1654.0,0.0,5325.0,0.75,1775.23,G,0,362.373913925955
10734441,FALSE POSITIVE,154.608014,2.39,878.0,0.0,5706.8232800782525,1.0,141.3,G,0,2.7223685830412387
10737437,CANDIDATE,154.608014,2.05,363.0,0.0,5991.0,1.2,4.12,G,0,1.8595413818587696
10747162,CANDIDATE,30.561533,1.53,379.0,0.0,4294.0,0.664,4.86,K,0,19.16461454993112
10777591,CONFIRMED,6.10968225,0.79,1093.0,0.999,6024.0,1.009,337.78,F,1,9.86958036974836
7979297,CANDIDATE,154.608014,2.09,267.0,0.0,5955.0,0.883,1.2,G,0,3.4202625486153644
7982917,FALSE POSITIVE,11.8045536,0.94,660.0,0.0,4971.0,0.857,44.76,K,0,10.919514991231859
8005002,CANDIDATE,154.608014,3.54,328.0,0.0,5166.0,2.747,2.74,K,0,0.7800371848771047
8007174,CANDIDATE,56.648588,2.19,377.0,0.99,5023.0,0.782,4.77,K,0,11.454830965954526
8009811,CANDIDATE,53.554546,3.1,769.0,0.944,6039.0,2.622,82.79,F,0,2.382617527931242
8016211,FALSE POSITIVE,3.1748772,8.8,1410.0,0.0,5116.0,1.619,933.1,K,0,548.3676659998063
8016650,CANDIDATE,119.079642,17.89,795.0,0.0,4849.0,2.747,94.61,K,0,3.548045601279184
8025718,FALSE POSITIVE,154.608014,2.06,291.0,0.0,6231.0,1.152,1.68,F,0,2.05616767058401
8915379,CANDIDATE,20.5858591,1.31,586.0,0.0,5523.0,0.753,27.85,G,0,12.639744532206576
8935352,FALSE POSITIVE,10.90962154,48.03,1127.0,0.0,5323.0,2.064,381.27,G,0,445.17584612747254
8937555,CANDIDATE,113.573945,3.45,496.0,0.0,5155.0,2.233,14.32,K,0,2.1976871543909127
8939211,FALSE POSITIVE,27.0779813,2.03,597.0,0.0,5906.0,0.85,29.98,G,0,12.833305265632928
8939650,FALSE POSITIVE,1.827660875,42.1,1664.0,0.0,6352.0,1.072,1811.72,F,0,2657.3310543729835
8946267,CANDIDATE,154.608014,2.27,199.0,0.0,5583.0,0.824,0.37,G,0,4.851624314894829
8949512,FALSE POSITIVE,154.608014,2.0,247.0,0.0,5926.0,0.913,0.88,G,0,3.11109358147502
8955741,FALSE POSITIVE,154.608014,3.2,322.0,0.0,5962.0,2.028,2.53,G,0,1.5652487457732949
9758615,FALSE POSITIVE,94.20561159,2.39,878.0,0.0,5706.8232800782525,1.0,141.3,G,0,4.467886709677482
9771920,FALSE POSITIVE,154.608014,2.39,878.0,0.0,5706.8232800782525,1.0,141.3,G,0,2.7223685830412387
9775475,FALSE POSITIVE,78.4286313,48.03,425.0,0.0,5780.0,1.0,7.74,G,0,61.925089339153104
9776907,CANDIDATE,154.608014,3.4,215.0,0.0,4965.0,0.781,0.5,K,0,12.851856437403045
9780149,FALSE POSITIVE,2.53021,41.44,1543.0,0.133,5780.0,1.296,1338.82,G,0,145.40295074321895
9786017,FALSE POSITIVE,2.249000963,48.03,2126.0,0.0,6025.0,2.293,3158.4199999999996,F,0,2159.492183374401
9832379,CANDIDATE,154.608014,1.93,260.0,0.0,5335.0,0.742,1.08,G,0,4.526932219697227
9837659,FALSE POSITIVE,121.62387378,2.39,878.0,0.0,5706.8232800782525,1.0,141.3,G,0,3.460669249536873
10865043,CANDIDATE,154.608014,2.39,878.0,0.0,5706.8232800782525,1.0,141.3,G,0,2.7223685830412387
10878117,CANDIDATE,154.608014,2.39,878.0,0.0,5706.8232800782525,1.0,141.3,G,0,2.7223685830412387
10879247,FALSE POSITIVE,154.608014,2.39,193.0,0.0,5183.0,0.739,0.32,K,0,7.03715138595597
10879899,CANDIDATE,154.608014,2.32,413.0,0.0,6362.0,1.378,6.87,F,0,1.551666008723196
10905641,FALSE POSITIVE,154.608014,4.24,387.0,0.0,6126.0,2.717,5.32,F,0,1.547785226708882
10920086,FALSE POSITIVE,3.21318517,8.24,1710.0,0.0,6712.0,1.513,2017.35,F,0,636.7824733860576
10933306,CANDIDATE,57.7749373,1.85,524.0,0.995,6277.0,1.097,17.82,F,0,4.908702860677964
10958972,FALSE POSITIVE,154.608014,2.39,878.0,0.0,5706.8232800782525,1.0,141.3,G,0,2.7223685830412387
8029848,FALSE POSITIVE,1.20608769,44.46,1941.0,0.0,5657.0,1.355,3158.4199999999996,G,0,1376.8484777421118
8035322,FALSE POSITIVE,154.608014,2.85,307.0,0.0,5636.0,2.357,2.1,G,0,0.9585531575355466
8036863,FALSE POSITIVE,154.608014,1.12,227.0,0.0,5806.0,0.901,0.63,G,0,0.9288004954258063
8037038,CONFIRMED,4.09513876,1.75,1122.0,1.0,5858.0,0.963,374.3,G,1,44.3696808945248
8040308,CANDIDATE,154.608014,2.39,878.0,0.0,5706.8232800782525,1.0,141.3,G,0,2.7223685830412387
8040457,CANDIDATE,81.704814,1.65,442.0,0.0,6099.0,0.95,9.04,F,0,3.6350367311282294
8043968,FALSE POSITIVE,0.779615874,0.83,1847.0,0.0,5764.0,0.863,2735.51,G,0,104.53866156142429
8044083,CANDIDATE,154.608014,2.44,223.0,0.0,6089.0,0.95,0.59,F,0,4.120096905196648
8959240,CANDIDATE,154.608014,4.03,345.0,0.0,5066.0,2.27,3.34,K,0,2.114379400798719
8971044,CANDIDATE,154.608014,2.3,242.0,0.0,6168.0,0.96,0.8,F,0,3.706146823669826
8975776,FALSE POSITIVE,154.608014,2.35,323.0,0.0,5911.0,1.091,2.58,G,0,2.9662110529406323
8979500,FALSE POSITIVE,113.556471,6.76,651.0,0.0,4842.0,2.747,42.48,K,0,2.454285498181781
9003126,FALSE POSITIVE,154.608014,1.04,196.0,0.0,4285.0,0.632,0.35,K,0,1.6493323560834305
9008125,FALSE POSITIVE,154.608014,3.55,345.0,0.0,5220.0,1.887,3.35,G,0,2.2806062304118337
9011877,CANDIDATE,7.77710639,0.73,773.0,0.996,5073.0,0.851,84.44,K,0,9.952287665695673
9838414,FALSE POSITIVE,1.33261458,3.65,1208.0,0.0,4611.0,0.76,505.52,K,0,1002.0151512975342
9838582,CANDIDATE,154.608014,5.2,296.0,0.0,5780.0,1.0,1.8,G,0,14.669356014106746
9839030,CANDIDATE,27.285315,2.19,678.0,0.44,6304.0,1.094,49.97,F,0,14.53162626123246
9845362,FALSE POSITIVE,105.895315,2.69,323.0,0.0,5271.0,0.781,2.58,G,0,11.586914869652166
9845931,FALSE POSITIVE,61.224558,2.76,525.0,0.13,6343.0,1.14,17.89,F,0,8.888590098110631
9847239,FALSE POSITIVE,28.507877538,27.79,613.0,0.0,6131.0,0.945,33.32,F,0,170.36343703687479
9848760,FALSE POSITIVE,154.608014,30.17,189.0,0.0,5134.0,0.746,0.3,K,0,26.415189577430315
9850843,FALSE POSITIVE,8.48039,1.23,969.0,0.0,6193.0,1.067,208.42,F,0,15.765784356615674
7018210,CANDIDATE,154.608014,3.66,370.0,0.0,7202.0,1.755,4.43,F,0,2.7191345980293105
7019580,FALSE POSITIVE,72.0153825,6.94,783.0,0.0,5099.0,2.747,88.86,K,0,2.4675283783988786
7022603,FALSE POSITIVE,21.12752693,20.93,2349.0,0.0,4024.0,2.747,3158.4199999999996,K,0,2.451777729197764
7024045,FALSE POSITIVE,23.9341825,1.03,432.0,0.0,4415.0,0.715,8.27,K,0,9.530302528611537
7035812,FALSE POSITIVE,87.775799,2.44,409.0,0.0,5604.0,1.025,6.61,G,0,5.126697849825326
7038988,FALSE POSITIVE,65.67350728,2.39,878.0,0.0,5706.8232800782525,1.0,141.3,G,0,6.408977035526464
7041972,FALSE POSITIVE,154.608014,2.39,878.0,0.0,5706.8232800782525,1.0,141.3,G,0,2.7223685830412387
7047299,FALSE POSITIVE,35.882272887,35.21,512.0,0.0,5840.0,0.812,16.3,G,0,135.3509577081323
8075618,FALSE POSITIVE,8.780603773,48.03,775.0,0.0,5487.0,0.832,85.17,G,0,553.116861386475
8076215,CANDIDATE,97.5137491,5.27,630.0,0.0,5437.0,2.747,37.25,G,0,2.869338965862815
8094942,CANDIDATE,154.608014,2.64,223.0,0.0,5957.0,0.971,0.58,G,0,4.651117244155274
8099517,CANDIDATE,154.608014,8.98,486.0,0.0,5248.0,2.747,13.14,G,0,2.7036114699720546
8105398,CONFIRMED,154.608014,2.41,369.0,0.999,6072.0,1.286,4.4,F,1,2.2547343503164075
8105719,CANDIDATE,148.179343,2.52,367.0,1.0,5635.0,1.183,4.29,G,0,3.148886953831345
8106139,FALSE POSITIVE,154.608014,4.89,215.0,0.0,5926.0,0.887,0.51,G,0,12.123563012716794
8108437,FALSE POSITIVE,154.608014,38.47,252.0,0.0,5911.0,0.914,0.96,G,0,31.4129900148643
9012244,CANDIDATE,154.608014,2.13,274.0,0.0,6074.0,1.034,1.33,F,0,2.47335173712276
9016592,FALSE POSITIVE,46.50446209,2.39,878.0,0.0,5706.8232800782525,1.0,141.3,G,0,9.050744403524828
9018021,CANDIDATE,17.168095,4.81,603.0,0.992,5053.0,1.907,31.34,K,0,8.33522880669055
9024568,FALSE POSITIVE,124.091252,1.3,305.0,0.0,5275.0,0.792,2.04,G,0,2.2676860412368147
9026007,CANDIDATE,154.608014,2.49,240.0,0.313,5812.0,0.963,0.79,G,0,4.405334383248723
9026248,CANDIDATE,154.608014,6.81,393.0,0.0,5138.0,2.747,5.65,K,0,2.8006310203299036
9044060,CANDIDATE,154.608014,2.49,321.0,0.0,6282.0,1.725,2.49,F,0,1.2521989966186358
9047416,CANDIDATE,9.011888,7.04,1105.0,0.999,5627.0,1.735,351.97,G,0,109.58857899698708
9851638,CANDIDATE,154.608014,2.23,186.0,0.0,4828.0,0.63,0.28,K,0,8.563592311586126
9875101,FALSE POSITIVE,154.608014,2.84,255.0,0.0,5122.0,0.824,1.0,K,0,8.013814859558314
9881660,CANDIDATE,65.3558881,2.61,337.0,0.0,4703.0,0.764,3.05,K,0,17.718372952535855
9896438,FALSE POSITIVE,18.0766788,19.47,694.0,0.0,5780.0,1.0,54.73,G,0,268.67214125639055
9899514,FALSE POSITIVE,1.33255577,0.97,1420.0,0.0,5122.0,0.881,961.41,K,0,94.93036077581954
9899607,FALSE POSITIVE,1.33259275,0.97,1703.0,0.0,6091.0,0.967,1983.27,F,0,59.357969642263164
9908486,FALSE POSITIVE,36.6092739,48.03,1623.0,0.013,4770.0,2.747,1640.55,K,0,30.10166230038231
9910043,CANDIDATE,39.399926,1.52,499.0,0.992,5913.0,0.795,14.66,G,0,8.664990893637718
7101726,CANDIDATE,154.608014,2.39,878.0,0.0,5706.8232800782525,1.0,141.3,G,0,2.7223685830412387
7107567,FALSE POSITIVE,0.812592362,25.84,2912.0,0.568,7117.0,1.64,3158.4199999999996,F,0,5976.79750280498
7109680,FALSE POSITIVE,81.871309,1.12,480.0,0.0,6343.0,1.115,12.59,F,0,1.1994433849836212
7115671,FALSE POSITIVE,0.566805859,1.25,2858.0,0.0,6413.0,1.494,3158.4199999999996,F,0,107.79705084170628
7123580,FALSE POSITIVE,154.608014,2.39,878.0,0.0,5706.8232800782525,1.0,141.3,G,0,2.7223685830412387
7123614,FALSE POSITIVE,154.608014,1.94,244.0,0.0,6210.0,1.033,0.83,F,0,2.250853568302093
7125794,CANDIDATE,126.586058,1.54,460.0,0.0,6611.0,1.249,10.54,F,0,0.9866805394951157
7130612,CANDIDATE,2.7200197,1.53,713.0,0.0,3939.0,0.527,61.08,K,0,319.4829802151801
8125917,CANDIDATE,18.347081,5.65,855.0,0.0,5465.0,1.702,126.14,G,0,61.40486325862953
8129333,CANDIDATE,57.140035,5.78,588.0,0.0,5936.0,1.46,28.34,G,0,27.423854395608963
8155368,FALSE POSITIVE,0.718643659,48.03,2002.0,0.0,5853.0,0.934,3158.4199999999996,G,0,6758.1477122586
8158429,CANDIDATE,31.707574649,2.96,547.0,1.0,5861.0,0.865,21.1,G,0,24.830029061362787
8179747,FALSE POSITIVE,17.946328114,48.03,845.0,0.0,5228.0,1.722,120.63,G,0,270.6236044024666
8192427,FALSE POSITIVE,154.608014,5.18,525.0,0.0,6060.0,2.747,17.9,F,0,1.963675699242861
8197176,CANDIDATE,9.3589254,17.37,1528.0,0.275,5188.0,2.747,1288.85,K,0,163.15975763627733
8197406,CANDIDATE,4.15472242,23.47,2292.0,1.0,6996.0,2.747,3158.4199999999996,F,0,539.867594812748
9049550,FALSE POSITIVE,23.81490574,48.03,847.0,0.0,5421.0,1.89,121.57,G,0,203.93530224403062
9049697,FALSE POSITIVE,1.3274511,0.66,1009.0,0.0,4137.0,0.61,243.87,K,0,93.11077447598635
9073549,CANDIDATE,87.565484,2.12,437.0,0.0,6064.0,1.069,8.6,F,0,4.522329825756459
9079671,CANDIDATE,154.608014,2.7,258.0,0.0,5468.0,1.423,1.04,G,0,2.3433455396432428
9079767,CANDIDATE,154.608014,48.03,248.0,0.0,6225.0,1.031,0.9,F,0,5.847044901566357
9087071,FALSE POSITIVE,154.608014,1.43,354.0,0.0,6302.0,1.135,3.72,F,0,1.0005949626906143
9087853,CANDIDATE,154.608014,2.58,223.0,0.0,5438.0,0.82,0.58,G,0,6.584393484286009
9097470,CANDIDATE,154.608014,2.41,251.0,0.0,5754.0,0.946,0.94,G,0,4.281796155793063
9911112,FALSE POSITIVE,1.166835206,48.03,3457.0,0.0,8982.0,2.123,3158.4199999999996,A,0,4162.28442116444
9933600,FALSE POSITIVE,154.608014,2.39,878.0,0.0,5706.8232800782525,1.0,141.3,G,0,2.7223685830412387
9934274,FALSE POSITIVE,4.99471597,2.2,1861.0,0.0,6409.0,2.747,2836.06,F,0,10.611213994616795
9935983,CANDIDATE,154.608014,2.22,377.0,0.56,5725.0,1.289,4.77,G,0,1.6402771980500312
9941136,CANDIDATE,154.608014,1.32,254.0,0.0,5916.0,0.96,0.99,G,0,1.2011020334301687
9941387,FALSE POSITIVE,27.659607786,48.03,499.0,0.0,5310.0,0.768,14.66,G,0,175.58817310700388
9941550,FALSE POSITIVE,154.608014,23.42,530.0,0.0,5068.0,2.747,18.64,K,0,6.698876553708271
9942658,CANDIDATE,21.7997515,1.01,674.0,0.0,6122.0,0.964,48.75,F,0,5.022993037328889
7132462,CANDIDATE,54.595746,2.0,649.0,0.0,6014.0,1.699,41.81,F,0,2.4873732836254314
7138841,FALSE POSITIVE,22.0495604,1.9,912.0,0.648,6821.0,1.548,163.51,F,0,6.099894853232539
7174911,FALSE POSITIVE,150.70039392,2.39,878.0,0.0,5706.8232800782525,1.0,141.3,G,0,2.792958857316834
7176424,FALSE POSITIVE,44.48477463,2.39,878.0,0.0,5706.8232800782525,1.0,141.3,G,0,9.461664209851927
7184556,FALSE POSITIVE,93.6452481,2.39,878.0,0.0,5706.8232800782525,1.0,141.3,G,0,4.494622082164145
7186436,CANDIDATE,154.608014,2.2,207.0,0.0,5779.0,0.901,0.43,G,0,3.655696657483745
7189825,FALSE POSITIVE,154.608014,1.26,191.0,0.0,5503.0,0.764,0.31,G,0,1.7903341026035042
7191523,CANDIDATE,154.608014,2.39,878.0,0.0,5706.8232800782525,1.0,141.3,G,0,2.7223685830412387
8223445,CANDIDATE,48.8130123,2.95,553.0,0.0,6202.0,1.11,22.17,F,0,14.381411163186913
8223655,FALSE POSITIVE,154.608014,19.25,237.0,0.0,5387.0,0.799,0.74,G,0,31.4129900148643
8229361,FALSE POSITIVE,154.608014,2.03,284.0,0.0,6295.0,1.08,1.53,F,0,2.2502067712997076
8234889,FALSE POSITIVE,116.301793,2.18,336.0,0.0,5593.0,0.842,3.01,G,0,5.580309497034151
8241258,FALSE POSITIVE,154.608014,1.79,235.0,0.0,6072.0,0.923,0.72,F,0,2.4080252398818085
8241736,FALSE POSITIVE,154.608014,1.86,214.0,0.0,5255.0,0.783,0.5,G,0,3.7637117568821497
8242350,FALSE POSITIVE,6.993576155,48.03,1605.0,0.0,6565.0,2.467,1569.11,F,0,418.09797093715923
8244947,FALSE POSITIVE,154.608014,2.39,878.0,0.0,5706.8232800782525,1.0,141.3,G,0,2.7223685830412387
9101279,FALSE POSITIVE,1.811461128,48.03,3438.0,0.0,8572.0,2.747,3158.4199999999996,A,0,2681.0953461431386
9108058,FALSE POSITIVE,2.17491508,48.03,2009.0,0.0,6792.0,1.636,3158.4199999999996,F,0,2233.052703832464
9114614,CANDIDATE,154.608014,1.71,152.0,0.0,4351.0,0.592,0.12,K,0,5.303735419562404
9116075,FALSE POSITIVE,24.5002702,0.73,409.0,0.0,4519.0,0.597,6.61,K,0,6.2652370258349235
9116510,CANDIDATE,154.608014,3.01,301.0,0.0,6026.0,1.176,1.94,F,0,4.074821115029652
9117123,FALSE POSITIVE,2.16402661,2.39,878.0,0.0,5706.8232800782525,1.0,141.3,G,0,194.49853252959767
9118858,FALSE POSITIVE,154.608014,2.39,878.0,0.0,5706.8232800782525,1.0,141.3,G,0,2.7223685830412387
9137257,FALSE POSITIVE,114.734287,1.1,296.0,0.0,5083.0,0.71,1.82,K,0,2.117065494118598
9953491,CANDIDATE,154.608014,2.12,203.0,0.0,5271.0,0.698,0.41,G,0,5.731915035141711
9954225,FALSE POSITIVE,1.340649911,48.03,2004.0,0.0,6332.0,1.222,3158.4199999999996,F,0,3622.6459720400485
9957659,FALSE POSITIVE,30.69537638,19.39,662.0,0.0,6185.0,1.192,45.29,F,0,158.22252641164715
9957668,FALSE POSITIVE,30.69533113,48.03,737.0,0.0,6335.0,1.286,69.65,F,0,158.22275965784638
9962595,CANDIDATE,11.374442708,22.86,687.0,0.0,5297.0,0.808,52.84,G,0,426.9835564413306
9967398,FALSE POSITIVE,49.873958,1.5,366.0,0.0,4979.0,0.629,4.26,K,0,11.268405848198372
9968924,CANDIDATE,154.608014,2.86,342.0,0.0,6519.0,1.672,3.22,F,0,1.8446650508038995
9993683,CANDIDATE,29.9371143,1.19,501.0,0.989,5115.0,0.866,14.87,K,0,6.49027150890091
7192680,FALSE POSITIVE,114.25041494,2.39,878.0,0.0,5706.8232800782525,1.0,141.3,G,0,3.684012878386838
7198587,CANDIDATE,154.608014,14.58,411.0,0.0,5122.0,2.747,6.75,K,0,3.6919172896173413
7203858,FALSE POSITIVE,154.608014,4.63,498.0,0.0,7612.0,2.747,14.53,A,0,1.53614288066594
7204233,CANDIDATE,33.3037881,1.14,422.0,0.048,4899.0,0.713,7.53,K,0,8.179249735257594
7205717,CANDIDATE,154.608014,1.64,337.0,0.0,5834.0,1.207,3.06,G,0,1.2192123494969673
7206422,CANDIDATE,50.550788,5.0,790.0,0.0,5031.0,2.747,92.03,K,0,3.056332178244185
7207081,FALSE POSITIVE,154.608014,2.39,878.0,0.0,5706.8232800782525,1.0,141.3,G,0,2.7223685830412387
7213311,CANDIDATE,154.608014,5.94,423.0,0.176,5142.0,2.747,7.54,K,0,3.1195019425060333
8255058,FALSE POSITIVE,6.279888981,48.03,1931.0,0.0,5057.0,2.747,3158.4199999999996,K,0,241.18260761973173
8265239,FALSE POSITIVE,37.47695717,2.39,878.0,0.0,5706.8232800782525,1.0,141.3,G,0,11.230901113202622
8279146,CANDIDATE,93.359737,1.05,592.0,0.0,6809.0,1.673,29.01,F,0,0.4102410871187437
8288404,FALSE POSITIVE,154.608014,40.88,216.0,0.0,5310.0,1.03,0.51,G,0,31.4129900148643
8294683,CANDIDATE,122.58481,1.19,279.0,0.0,5003.0,0.669,1.43,K,0,2.601464243408298
8295087,CANDIDATE,84.934357,1.6,531.0,0.0,6290.0,1.395,18.83,F,0,1.527061657745875
8300828,FALSE POSITIVE,48.9200563,1.71,456.0,0.0,5375.0,0.899,10.22,G,0,6.825421417186717
8307489,CANDIDATE,154.608014,2.02,334.0,0.0,6760.0,1.515,2.96,F,0,1.1196056111295758
9141355,CONFIRMED,154.608014,3.24,200.0,0.954,5474.0,0.763,0.37,G,1,7.986002588455732
9142225,FALSE POSITIVE,154.608014,2.65,266.0,0.0,6003.0,1.442,1.19,F,0,2.1900546500778417
9142334,FALSE POSITIVE,154.608014,0.69,116.0,0.0,3754.0,0.473,0.04,K,0,1.3970815251530235
9147012,CANDIDATE,116.454312,3.33,306.0,0.789,5197.0,0.736,2.06,K,0,18.25007561763793
9147029,CANDIDATE,154.608014,6.57,293.0,0.0,6423.0,1.231,1.73,F,0,17.008820771735675
9153246,FALSE POSITIVE,154.608014,1.35,257.0,0.0,5578.0,0.794,1.03,G,0,1.8867068559589673
9157030,CANDIDATE,24.9093027,1.32,452.0,0.874,4810.0,0.685,9.9,K,0,13.352441214663147
9157523,CANDIDATE,154.608014,1.93,407.0,0.0,6065.0,1.569,6.48,F,0,0.9792506616118878
9994381,CANDIDATE,154.608014,2.31,204.0,0.0,4864.0,0.692,0.41,K,0,6.720220854786997
10002266,FALSE POSITIVE,12.71368909,1.09,700.0,0.0,5715.0,0.782,56.78,G,0,15.117563331887329
10004515,FALSE POSITIVE,25.26363805,2.39,878.0,0.0,5706.8232800782525,1.0,141.3,G,0,16.660308351749837
10004772,FALSE POSITIVE,1.391716834,36.19,3749.0,0.996,3749.0,2.747,3158.4199999999996,K,0,29.46001585836965
10006096,FALSE POSITIVE,70.516233809,48.03,390.0,0.0,5511.0,0.789,5.47,G,0,68.87350242151103
10007492,FALSE POSITIVE,2.645596805,48.03,2452.0,0.0,4980.0,2.747,3158.4199999999996,K,0,481.063477849188
10007916,CANDIDATE,154.608014,1.49,210.0,0.0,5354.0,0.788,0.46,G,0,2.401557269857952
10018364,FALSE POSITIVE,105.6327297,2.39,878.0,0.0,5706.8232800782525,1.0,141.3,G,0,3.984560478512371
7255910,FALSE POSITIVE,154.608014,1.66,322.0,0.0,6267.0,1.118,2.55,F,0,1.4119578562078936
7256460,FALSE POSITIVE,154.608014,2.39,878.0,0.0,5706.8232800782525,1.0,141.3,G,0,2.7223685830412387
7258902,FALSE POSITIVE,1.80774253,5.29,1822.0,0.0,5164.0,1.779,2606.24,K,0,327.8121691367188
7282470,CANDIDATE,154.608014,7.58,401.0,0.0,5227.0,2.747,6.12,G,0,2.0367637605124402
7289139,CANDIDATE,154.608014,3.24,270.0,0.0,6158.0,1.024,1.25,F,0,6.435630173737307
7345136,FALSE POSITIVE,28.7369766,1.95,550.0,0.0,5722.0,0.854,21.64,G,0,18.26914526561573
7352727,FALSE POSITIVE,2.45649061,14.14,3440.0,0.007,4870.0,2.747,3158.4199999999996,K,0,117.15900676697478
7375100,FALSE POSITIVE,98.51783198,2.39,878.0,0.0,5706.8232800782525,1.0,141.3,G,0,4.272323005295594
8308639,FALSE POSITIVE,154.608014,25.18,512.0,0.0,5047.0,2.747,16.21,K,0,3.638233138419332
8313697,FALSE POSITIVE,154.608014,2.39,878.0,0.0,5706.8232800782525,1.0,141.3,G,0,2.7223685830412387
8351919,FALSE POSITIVE,154.608014,1.44,216.0,0.0,5196.0,0.784,0.52,K,0,2.287720997438076
8352009,CANDIDATE,154.608014,1.61,230.0,0.0,6277.0,1.031,0.66,F,0,1.534849286661169
8352016,FALSE POSITIVE,40.0389613,0.95,517.0,0.0,5701.0,0.903,16.85,G,0,2.732338613389554
8364969,FALSE POSITIVE,22.571972634,46.14,617.0,0.0,5645.0,0.871,34.24,G,0,215.16506681761555
8378278,CANDIDATE,28.406342,1.41,613.0,0.0,6085.0,0.936,33.44,F,0,7.871481657159517
8380743,FALSE POSITIVE,1.018861199,48.03,2505.0,0.0,6225.0,1.672,3158.4199999999996,F,0,4766.792576620635
9159461,FALSE POSITIVE,80.519237,1.08,476.0,0.0,6251.0,1.119,12.11,F,0,1.1487937969407236
9164003,FALSE POSITIVE,149.356804,2.92,560.0,0.0,6569.0,2.203,23.18,F,0,1.1489265664790203
9166700,CANDIDATE,154.608014,2.61,346.0,0.928,6551.0,1.236,3.41,F,0,2.828443291432487
9173014,CANDIDATE,151.77884,4.35,616.0,0.0,6328.0,2.747,34.01,F,0,1.2498448400317197
9178502,FALSE POSITIVE,50.47759052,2.39,878.0,0.0,5706.8232800782525,1.0,141.3,G,0,8.338353627105734
9178894,CANDIDATE,113.993156,2.23,729.0,0.0,7892.0,2.496,66.64,A,0,0.6114402166389709
9180282,FALSE POSITIVE,2.79123954,2.22,1771.0,0.0,6407.0,1.668,2322.96,F,0,55.45923156419603
9181402,FALSE POSITIVE,154.608014,2.39,878.0,0.0,5706.8232800782525,1.0,141.3,G,0,2.7223685830412387
10023469,FALSE POSITIVE,44.637111,1.28,432.0,0.01,5222.0,0.78,8.22,G,0,6.3288146045114795
10027861,CANDIDATE,102.493119,2.7,317.0,0.0,5166.0,0.791,2.37,K,0,6.206270296057632
10064591,CANDIDATE,154.608014,2.39,878.0,0.0,5706.8232800782525,1.0,141.3,G,0,2.7223685830412387
10074700,FALSE POSITIVE,154.608014,12.75,215.0,0.0,5273.0,0.768,0.5,G,0,31.4129900148643
10083325,CANDIDATE,6.13292733,1.56,1379.0,0.986,5877.0,2.034,854.43,G,0,9.571285756617632
10090854,CANDIDATE,12.63063129,1.37,689.0,1.0,5579.0,0.798,53.17,G,0,23.815120012105112
10096697,FALSE POSITIVE,154.608014,1.59,310.0,0.0,5727.0,0.918,2.18,G,0,1.853073411834913
10098540,CANDIDATE,154.608014,2.03,180.0,0.0,4368.0,0.637,0.25,K,0,6.700816944715427
7377343,CANDIDATE,7.95445779,9.5,1064.0,1.0,6217.0,1.196,303.36,F,0,610.5633002548121
7383840,CANDIDATE,154.608014,48.03,221.0,0.0,5282.0,0.805,0.56,G,0,22.39858019261537
7386200,FALSE POSITIVE,154.608014,1.91,225.0,0.0,6025.0,0.949,0.61,F,0,2.5981835585831923
7416016,CANDIDATE,154.608014,1.17,167.0,0.0,4192.0,0.59,0.18,K,0,2.538031437361326
7416306,CANDIDATE,137.396194,3.38,517.0,0.086,5425.0,2.655,16.87,G,0,1.1310356966656587
7416646,CANDIDATE,154.608014,1.73,241.0,0.0,5420.0,0.953,0.8,G,0,1.9449185861736766
7440715,CANDIDATE,104.198102,5.13,497.0,0.0,5087.0,2.024,14.46,K,0,6.259231094247763
7456380,FALSE POSITIVE,154.608014,1.55,215.0,0.0,5401.0,0.749,0.51,G,0,2.7592360121772215
8395870,CANDIDATE,74.833577,1.68,590.0,0.0,5933.0,1.807,28.65,G,0,1.1545619421613376
8396288,CANDIDATE,8.5852872,3.02,777.0,1.0,5488.0,0.818,85.95,G,0,163.7685457977457
8414914,FALSE POSITIVE,100.303613,48.03,421.0,0.0,6060.0,1.046,7.41,F,0,48.419990613897426
8415353,CANDIDATE,102.100752,2.63,551.0,0.0,6359.0,1.83,21.84,F,0,1.9020427978826246
8429817,CANDIDATE,6.263491873,6.46,1180.0,1.0,6247.0,1.194,458.5,F,0,451.66499092861517
8432034,FALSE POSITIVE,0.83620025,48.03,1932.0,0.0,5780.0,1.0,3158.4199999999996,G,0,5808.05853621785
8432249,CANDIDATE,154.608014,7.12,468.0,0.0,5172.0,2.747,11.31,K,0,1.4753439624416882
8439618,CANDIDATE,154.608014,3.1,198.0,0.0,5679.0,0.794,0.36,G,0,9.956793054724836
9209981,CANDIDATE,154.608014,1.56,321.0,0.0,6452.0,1.148,2.51,F,0,1.1157248291152617
9210738,CANDIDATE,154.608014,4.92,395.0,0.0,5159.0,2.604,5.77,K,0,2.157068002956173
9214176,CANDIDATE,154.608014,9.56,493.0,0.0,5183.0,2.747,13.93,K,0,2.530269873332698
9216231,FALSE POSITIVE,154.608014,2.11,131.0,0.0,4197.0,0.588,0.07,K,0,8.324277420703432
9217583,CANDIDATE,154.608014,2.56,405.0,0.0,6543.0,1.531,6.37,F,0,1.7586410494866067
9220614,CANDIDATE,154.608014,1.62,190.0,0.0,5496.0,0.79,0.31,G,0,2.771525155222549
9224514,CANDIDATE,154.608014,2.39,878.0,0.0,5706.8232800782525,1.0,141.3,G,0,2.7223685830412387
9229807,CANDIDATE,154.608014,2.39,878.0,0.0,5706.8232800782525,1.0,141.3,G,0,2.7223685830412387
10130646,FALSE POSITIVE,154.608014,0.63,115.0,0.0,3659.0,0.4,0.04,M,0,1.629281649009475
10132552,FALSE POSITIVE,154.608014,1.32,334.0,0.0,6054.0,1.009,2.95,F,0,1.1111972500985623
10132908,FALSE POSITIVE,154.608014,1.89,259.0,0.0,6137.0,0.963,1.06,F,0,2.462356188082204
10141271,FALSE POSITIVE,15.4032765,1.32,626.0,0.0,5272.0,0.799,36.41,G,0,16.42507683349059
10146103,CANDIDATE,7.58062893,0.97,937.0,0.899,5753.0,1.041,182.01,G,0,11.357896659373882
10158715,FALSE POSITIVE,61.0011095,2.55,536.0,0.0,6418.0,1.171,19.57,F,0,6.688402937982628
10161534,FALSE POSITIVE,154.608014,2.28,352.0,0.0,6263.0,1.113,3.64,F,0,2.693262717933884
7458433,FALSE POSITIVE,0.66062715,26.13,2327.0,0.0,6322.0,1.075,3158.4199999999996,F,0,376.1577161943768
7458743,CANDIDATE,154.608014,18.92,579.0,0.0,4895.0,2.747,26.64,K,0,4.55345089679504
7468295,FALSE POSITIVE,154.608014,7.88,413.0,0.0,5002.0,2.747,6.88,K,0,2.5710180844829944
7516073,FALSE POSITIVE,154.608014,1.81,254.0,0.0,5786.0,1.388,0.99,G,0,1.1176652201224189
7538450,FALSE POSITIVE,154.608014,5.26,589.0,0.0,7664.0,2.747,28.42,A,0,0.8815843142516533
7539174,FALSE POSITIVE,39.94344731,2.39,878.0,0.0,5706.8232800782525,1.0,141.3,G,0,10.537397954998891
7539277,CANDIDATE,154.608014,2.1,206.0,0.0,5691.0,0.887,0.42,G,0,3.691270492614956
7550875,FALSE POSITIVE,154.608014,2.19,210.0,0.0,5340.0,0.867,0.46,G,0,4.26886021574535
8442463,FALSE POSITIVE,154.608014,7.07,422.0,0.0,4911.0,2.747,7.5,K,0,1.7825725385748763
8474892,FALSE POSITIVE,154.608014,48.03,344.0,0.0,5869.0,1.17,3.32,G,0,31.4129900148643
8480642,FALSE POSITIVE,31.59115876,48.03,783.0,0.0,5178.0,2.295,88.84,K,0,45.4051087805049
8482513,FALSE POSITIVE,154.608014,2.47,240.0,0.0,5539.0,0.913,0.78,G,0,4.836747983839958
8487777,FALSE POSITIVE,96.120478,2.08,460.0,0.0,6038.0,1.186,10.62,F,0,2.969190394579602
8495232,FALSE POSITIVE,9.63647672,2.02,1243.0,0.511,5125.0,2.747,565.04,K,0,4.939564675251974
8499922,FALSE POSITIVE,45.680876,14.5,1215.0,0.0,4835.0,2.747,514.91,K,0,7.668416866611753
8505674,FALSE POSITIVE,43.169798,1.47,615.0,0.0,5929.0,1.292,33.77,G,0,2.798252611698577
11444772,CANDIDATE,154.608014,2.53,172.0,0.0,4596.0,0.678,0.21,K,0,9.740762855928025
11444974,CANDIDATE,76.37924,1.73,406.0,0.0,5451.0,0.936,6.41,G,0,3.617475114965795
11446961,CANDIDATE,58.669218,1.28,450.0,0.0,5548.0,0.986,9.68,G,0,2.88737443202328
11453930,CANDIDATE,154.608014,1.68,354.0,0.0,6823.0,1.493,3.71,F,0,0.8013814859558316
11456256,CANDIDATE,61.611129,1.29,597.0,0.925,6533.0,1.386,30.02,F,0,1.3455361287081755
11457664,CANDIDATE,150.728285,1.27,321.0,0.0,5778.0,0.871,2.51,G,0,1.4164561084205265
11465658,CANDIDATE,154.608014,2.06,253.0,0.0,5426.0,0.85,0.97,G,0,3.9066538944093803
11465869,FALSE POSITIVE,154.608014,0.68,219.0,0.0,5359.0,0.741,0.55,G,0,0.56918136209938
11493378,CANDIDATE,35.6606167,2.39,878.0,0.0,5706.8232800782525,1.0,141.3,G,0,11.802936655327107
11506938,FALSE POSITIVE,22.57494749,48.03,860.0,0.0,6581.0,1.468,129.25,F,0,59.53945188999418
11513366,CANDIDATE,154.608014,36.77,527.0,0.0,4784.0,2.747,18.29,K,0,5.585738912602551
11513441,FALSE POSITIVE,85.5692223,6.85,536.0,0.0,5361.0,1.951,19.51,G,0,6.301331080345696
11520114,CANDIDATE,7.07987663,1.36,738.0,1.0,4808.0,0.806,70.05,K,0,43.757824633167374
11520465,CANDIDATE,91.240335,1.75,494.0,0.0,6493.0,1.205,14.03,F,0,2.2588693914813005
11559493,CANDIDATE,154.608014,3.01,283.0,0.0,6233.0,1.076,1.52,F,0,5.0256127085365705
11598638,CANDIDATE,154.608014,2.25,302.0,0.0,6495.0,1.168,1.97,F,0,1.9559141352142326
11598894,CANDIDATE,89.366114,1.97,391.0,0.0,5861.0,0.875,5.54,G,0,5.527822324242498
11599800,FALSE POSITIVE,154.608014,5.09,277.0,0.0,6273.0,1.139,1.39,F,0,12.515521996162501
11599937,CANDIDATE,37.6259039,1.81,519.0,0.024,5874.0,0.871,17.13,G,0,10.923325618763409
11600299,CANDIDATE,100.41475198,2.39,878.0,0.0,5706.8232800782525,1.0,141.3,G,0,4.19161519299308
11601425,CANDIDATE,41.9934673,1.56,503.0,0.799,5766.0,0.915,15.19,G,0,6.993944984390465
11601633,CANDIDATE,94.67782,1.46,353.0,0.0,5360.0,0.866,3.67,G,0,3.0313329985840403
11601972,CANDIDATE,154.608014,2.35,341.0,0.185,6238.0,1.403,3.2,F,0,1.8174995767037019
11603298,FALSE POSITIVE,154.608014,1.87,265.0,0.0,6587.0,1.008,1.16,F,0,2.133783310870289
11614808,CANDIDATE,154.608014,3.96,591.0,0.0,6184.0,2.747,28.77,F,0,0.9171581493828646
11615258,CANDIDATE,154.608014,2.15,287.0,0.0,6315.0,1.116,1.59,F,0,2.382153359786382
11615521,CANDIDATE,154.608014,10.75,444.0,0.0,5090.0,2.747,9.18,K,0,2.951334721885762
11616434,CANDIDATE,154.608014,2.49,219.0,0.0,5031.0,0.748,0.54,K,0,7.32174206700566
11651240,CANDIDATE,93.006,1.97,503.0,0.0,5518.0,1.742,15.18,G,0,1.348300109670344
11652427,CANDIDATE,26.46288074,2.39,878.0,0.0,5706.8232800782525,1.0,141.3,G,0,15.905297844757623
11654039,FALSE POSITIVE,154.608014,1.26,245.0,0.0,5997.0,0.971,0.86,G,0,1.060100286910095
11674709,CANDIDATE,20.69920737,2.39,878.0,0.467,5706.8232800782525,1.0,141.3,G,0,20.33411195300277
11716643,CANDIDATE,154.608014,4.92,223.0,0.939,5830.0,0.876,0.58,G,0,15.287693948387435
11722217,CANDIDATE,154.608014,1.0,106.0,0.0,3358.0,0.303,0.03,M,0,7.153574846385388
11773174,CANDIDATE,115.19952922,2.39,878.0,0.0,5706.8232800782525,1.0,141.3,G,0,3.6536607645001276
11803074,CANDIDATE,154.608014,2.79,233.0,0.902,5736.0,0.801,0.7,G,0,7.89545100812174
11807906,CANDIDATE,154.608014,10.37,480.0,0.0,5066.0,2.747,12.54,K,0,4.814756885758846
11811382,CANDIDATE,19.3854894,6.13,632.0,0.0,5432.0,0.913,37.73,G,0,235.227489278656
11818566,CANDIDATE,154.608014,2.39,878.0,0.0,5706.8232800782525,1.0,141.3,G,0,2.7223685830412387
11819396,CANDIDATE,48.38798413,2.39,878.0,0.0,5706.8232800782525,1.0,141.3,G,0,8.69844048202551
11824578,CANDIDATE,154.608014,3.53,420.0,0.0,7435.0,1.876,7.38,F,0,2.2301560642257523
11860294,CANDIDATE,154.608014,1.66,257.0,0.0,6273.0,1.155,1.03,F,0,1.291653613764161
11868941,CANDIDATE,105.053389,1.52,449.0,0.0,6471.0,1.13,9.61,F,0,1.682001900957236
11905398,CANDIDATE,24.7967294,3.14,537.0,0.383,5496.0,0.776,19.62,G,0,39.13822602750184
11910670,CANDIDATE,44.7060191,48.03,465.0,0.0,5509.0,0.811,11.01,G,0,6.5315589685327184
11911929,CANDIDATE,125.277815,15.75,799.0,0.0,5119.0,2.747,96.53,K,0,3.4507306820445423
11923213,CANDIDATE,27.2020672,1.87,719.0,0.4,5869.0,1.396,63.31,G,0,6.628172729460797
11924426,FALSE POSITIVE,64.713168094,48.03,482.0,0.0,6175.0,0.974,12.8,F,0,75.0496404834536
11959893,CANDIDATE,40.7282314,4.58,829.0,0.0,6531.0,2.231,111.83,F,0,5.445853953776152
11966643,CANDIDATE,154.608014,2.39,878.0,0.0,5706.8232800782525,1.0,141.3,G,0,2.7223685830412387
11968514,FALSE POSITIVE,1.036592136,48.03,3749.0,0.0,4884.0,2.747,3158.4199999999996,K,0,2043.4266539718371
12007270,CANDIDATE,154.608014,1.23,222.0,0.0,5776.0,0.759,0.58,G,0,1.6118181299450622
12009917,CANDIDATE,154.608014,1.88,249.0,0.0,6201.0,1.111,0.92,F,0,1.777398162555791
12020376,CANDIDATE,109.43946,1.0,314.0,0.0,5359.0,0.741,2.31,G,0,1.7096210087293924
12066767,CANDIDATE,154.608014,2.39,878.0,0.0,5706.8232800782525,1.0,141.3,G,0,2.7223685830412387
12071775,CANDIDATE,154.608014,2.15,346.0,0.0,5866.0,1.02,3.39,G,0,2.805805396348989
12102775,CANDIDATE,154.608014,4.03,219.0,0.0,5291.0,0.886,0.54,G,0,9.31387683435349
12105086,CANDIDATE,73.908995,0.94,421.0,0.0,5865.0,0.918,7.44,G,0,1.3597803623226103
12110901,CANDIDATE,96.32561456,2.39,878.0,0.0,5706.8232800782525,1.0,141.3,G,0,4.369554265732991
12121701,CANDIDATE,154.608014,3.19,321.0,0.0,6108.0,1.03,2.5,F,0,6.16397543273533
12156805,FALSE POSITIVE,154.608014,1.13,230.0,0.0,5225.0,0.954,0.66,G,0,0.8123770349963877
12165063,FALSE POSITIVE,154.608014,0.89,245.0,0.0,5093.0,0.798,0.86,K,0,0.8240193810393296
12168895,CANDIDATE,154.608014,1.74,284.0,0.0,5979.0,0.902,1.55,G,0,1.97273085727626
12170767,CANDIDATE,32.4185265,1.62,687.0,0.0,5622.0,1.441,52.7,G,0,3.414714114165553
12253490,CANDIDATE,19.159760875,25.24,424.0,0.0,4492.0,0.516,7.65,K,0,253.48437444942797
12257851,FALSE POSITIVE,2.61594288,0.92,1370.0,0.0,6063.0,1.012,831.27,F,0,27.561763886832267
12265150,FALSE POSITIVE,1.686009643,1.81,1442.0,0.0,5783.0,0.88,1024.99,G,0,231.55264954792432
12300524,CANDIDATE,32.033211,0.85,591.0,0.832,6039.0,1.005,28.78,F,0,2.2258149518635517
12349560,CANDIDATE,43.3975622,1.69,388.0,0.37,4871.0,0.725,5.35,K,0,13.486932683052872
12350136,CANDIDATE,154.608014,2.39,878.0,0.0,5706.8232800782525,1.0,141.3,G,0,2.7223685830412387
10964747,FALSE POSITIVE,154.608014,1.61,230.0,0.0,5481.0,0.775,0.66,G,0,2.7676443732082348
10967168,CANDIDATE,22.2659599,1.18,896.0,1.0,6888.0,1.492,152.29,F,0,2.7530813975821453
10977671,CANDIDATE,154.608014,6.12,483.0,0.433,5157.0,2.747,12.81,K,0,1.7140120563219965
10978581,CANDIDATE,154.608014,17.56,605.0,0.0,5117.0,2.747,31.66,K,0,3.667985800529072
10979952,CANDIDATE,154.608014,3.41,331.0,0.0,5251.0,1.811,2.83,G,0,2.3840937507935394
10989620,CANDIDATE,21.512259,1.13,639.0,0.0,5611.0,0.997,39.45,G,0,6.103496615580911
10991389,CANDIDATE,154.608014,3.66,274.0,0.0,5952.0,0.955,1.33,G,0,9.469108114926048
12401859,CANDIDATE,22.8631517,4.84,1112.0,0.0,5043.0,2.747,361.26,K,0,4.518187227878998
12402588,CANDIDATE,97.942437,2.29,600.0,0.0,5997.0,2.284,30.59,G,0,1.0230498961344
12405436,FALSE POSITIVE,154.608014,2.59,251.0,0.0,4822.0,0.771,0.93,K,0,7.735692148532482
12417572,FALSE POSITIVE,151.577009,3.67,502.0,0.0,6854.0,1.674,14.96,F,0,3.086879752324444
12418418,CANDIDATE,154.608014,1.08,149.0,0.0,4558.0,0.548,0.12,K,0,2.616293874649991
12505590,CANDIDATE,154.608014,2.59,199.0,0.0,5310.0,0.786,0.37,G,0,7.308806126957947
12506986,CANDIDATE,154.608014,1.82,285.0,0.0,6686.0,1.053,1.57,F,0,1.8433714567991282
10991431,CANDIDATE,154.608014,2.18,277.0,0.0,6026.0,1.006,1.4,F,0,3.0114868431076287
11021266,CANDIDATE,154.608014,3.2,304.0,0.0,6028.0,1.001,2.03,F,0,6.642605214500718
11021676,CANDIDATE,154.608014,3.15,222.0,0.0,5217.0,0.869,0.58,G,0,6.953067775645835
11026582,CANDIDATE,154.608014,2.93,302.0,0.982,6146.0,0.943,1.96,F,0,5.9602343769838475
11036168,CANDIDATE,154.608014,6.15,334.0,0.858,5600.0,1.283,2.94,G,0,9.61787142547475
11037818,CONFIRMED,154.608014,6.04,449.0,0.848,5490.0,2.747,9.65,G,1,2.2618491173426496
11046723,CANDIDATE,154.608014,2.39,878.0,0.0,5706.8232800782525,1.0,141.3,G,0,2.7223685830412387
11046870,FALSE POSITIVE,8.34410791,1.75,993.0,0.0,6321.0,1.058,229.93,F,0,30.584455852273365
12554212,CANDIDATE,4.76815507,0.49,761.0,0.993,4680.0,0.649,79.48,K,0,12.79320808666569
12645262,FALSE POSITIVE,154.608014,2.39,878.0,0.0,5706.8232800782525,1.0,141.3,G,0,2.7223685830412387
12645761,FALSE POSITIVE,2.709570339,48.03,2427.0,0.0,5030.0,2.747,3158.4199999999996,K,0,1792.424404008063
12690465,CANDIDATE,49.49059818,2.39,878.0,0.0,5706.8232800782525,1.0,141.3,G,0,8.504645639342725
12734110,CANDIDATE,154.608014,1.78,209.0,0.0,4988.0,0.85,0.45,K,0,3.036711926200669
12735793,CANDIDATE,37.7935113,0.89,592.0,0.0,6178.0,1.076,29.06,F,0,1.778083001247889
12736658,FALSE POSITIVE,0.855294909,48.03,2137.0,0.0,5846.0,1.207,3158.4199999999996,G,0,5678.392270191801
12835139,FALSE POSITIVE,154.608014,3.88,405.0,0.0,6658.0,1.992,6.37,F,0,2.38991492381501
11069681,CANDIDATE,154.608014,26.09,790.0,0.0,5119.0,2.747,92.12,K,0,5.096760378798993
11072982,CANDIDATE,154.608014,6.17,425.0,0.0,5283.0,2.747,7.68,G,0,2.9836745720050453
11073238,FALSE POSITIVE,154.608014,1.58,256.0,0.0,6195.0,1.029,1.01,F,0,1.401609104169723
11076176,FALSE POSITIVE,0.699985822,46.27,1653.0,0.0,5264.0,0.724,1761.47,G,0,6938.283387116946
11080702,CANDIDATE,8.67237968,0.87,825.0,0.0,5620.0,0.882,109.61,G,0,11.427082722005546
11082795,CANDIDATE,35.9216912,1.38,468.0,0.0,5161.0,0.829,11.38,K,0,6.160623083358615
11090561,FALSE POSITIVE,35.8726918,48.03,1670.0,0.0,5254.0,2.747,1837.31,G,0,25.54310685990952
11090926,CANDIDATE,102.300622,35.36,984.0,0.0,4895.0,2.747,221.33,K,0,7.636317206360681
11097752,CANDIDATE,154.608014,14.76,510.0,0.0,4945.0,2.747,16.01,K,0,3.2592100950213356
11098704,CANDIDATE,22.7783121,1.89,863.0,0.0,6538.0,1.477,130.87,F,0,6.831059268873569
11100170,CANDIDATE,114.406187,2.42,267.0,0.0,4641.0,0.691,1.21,K,0,11.41546654290646
11129145,CANDIDATE,132.114,0.75,217.0,0.0,4342.0,0.523,0.52,K,0,1.6410070090982032
11145391,CANDIDATE,154.608014,2.04,196.0,0.0,5600.0,0.839,0.35,G,0,3.898892330380752
11145637,CANDIDATE,46.16051579,2.39,878.0,0.0,5706.8232800782525,1.0,141.3,G,0,9.118182342563465
11147785,CANDIDATE,154.608014,48.03,802.0,0.0,5083.0,2.747,97.62,K,0,6.060487912353625
11152511,CANDIDATE,154.608014,2.07,266.0,0.534,5426.0,1.007,1.18,G,0,2.630523408702475
11176166,CONFIRMED,9.8788502,2.64,1003.0,1.0,6477.0,1.148,238.98,F,1,46.02762374107059
11182213,CANDIDATE,154.608014,2.2,337.0,0.0,5991.0,1.026,3.04,G,0,2.9299904208070355
11183752,CANDIDATE,154.608014,2.87,289.0,0.0,5803.0,0.884,1.66,G,0,6.616733334405292
11191364,CANDIDATE,154.608014,1.88,251.0,0.0,5433.0,0.689,0.94,G,0,4.8574454879163
11198419,CANDIDATE,88.523517,1.6,209.0,0.0,3827.0,0.462,0.45,K,0,9.353446723089414
11199233,FALSE POSITIVE,154.608014,2.39,878.0,0.0,5706.8232800782525,1.0,141.3,G,0,2.7223685830412387
11251991,CANDIDATE,134.35872,1.27,499.0,0.0,6948.0,1.433,14.61,F,0,0.5596957160651724
11298442,CANDIDATE,55.01469183,2.39,878.0,0.0,5706.8232800782525,1.0,141.3,G,0,7.650683590132909
11305417,CANDIDATE,154.608014,1.69,404.0,0.0,6493.0,1.424,6.33,F,0,0.8945202542993664
11338918,FALSE POSITIVE,154.608014,1.52,185.0,0.0,5135.0,0.849,0.28,K,0,2.083333144684208
11340218,CANDIDATE,111.149082,1.87,364.0,0.0,5763.0,0.948,4.16,G,0,3.5465879961113846
11341266,CANDIDATE,154.608014,1.84,401.0,0.0,6437.0,1.773,6.1,F,0,0.6901324015454982
11341314,FALSE POSITIVE,9.8338474,0.98,946.0,0.0,5929.0,1.202,188.78,G,0,5.857320909820098
11348610,CANDIDATE,154.608014,1.84,273.0,0.0,5463.0,0.803,1.32,G,0,3.3116006522145742
11351454,CANDIDATE,154.608014,2.42,280.0,0.0,6195.0,1.124,1.44,F,0,2.782520704263105
11355925,CANDIDATE,154.608014,2.19,308.0,0.0,5758.0,1.132,2.11,G,0,2.4423054810082485
11391512,CANDIDATE,154.608014,2.98,182.0,0.0,4665.0,0.701,0.26,K,0,12.192123494969673
11393248,CANDIDATE,37.959659,1.41,484.0,0.0,5573.0,0.827,12.93,G,0,7.584367393816682
11393633,CANDIDATE,154.608014,1.4,216.0,0.0,5583.0,0.79,0.52,G,0,1.9682032782595604
11401845,FALSE POSITIVE,1.080695116,48.03,3344.0,0.0,7796.0,2.34,3158.4199999999996,A,0,4494.051956093044
11407847,CANDIDATE,11.8307724,1.16,770.0,0.949,5550.0,0.958,83.17,G,0,11.495445555186235
11414368,CANDIDATE,154.608014,1.94,212.0,0.0,5544.0,0.75,0.48,G,0,4.288910922819305
8355178,CANDIDATE,33.814176,1.49,589.0,0.0,6122.0,0.996,28.41,F,0,6.583037835965602
8374077,CANDIDATE,16.2957847,2.13,744.0,0.979,6063.0,1.012,72.62,F,0,25.14760765095283
8494783,CANDIDATE,28.201998,2.39,878.0,0.0,5706.8232800782525,1.0,141.3,G,0,14.92447449999819
8494783,CANDIDATE,58.92565,1.5,809.0,0.0,7282.0,2.216,101.17,F,0,0.7585830618754312
8517303,FALSE POSITIVE,24.0733775,27.78,1263.0,0.0,4647.0,2.747,601.46,K,0,55.06913186568856
8590149,CANDIDATE,19.2405821,1.19,565.0,0.56,5031.0,0.848,24.17,K,0,10.779299655388284
10055126,CONFIRMED,154.608014,2.05,327.0,0.96,5903.0,1.156,2.71,G,1,1.8808856829374965
8590149,CANDIDATE,28.684308,1.35,512.0,0.0,5243.0,0.821,16.27,G,0,9.841617932703832
3559935,CANDIDATE,154.608014,2.99,302.0,0.0,5589.0,1.218,1.97,G,0,3.932525774504807
9285265,CONFIRMED,61.569765,2.44,530.0,0.979,5626.0,1.389,18.66,G,1,4.844910484878414
3559860,CANDIDATE,58.940569,2.48,465.0,0.094,5819.0,0.99,11.06,G,0,9.675848226032564
5384713,CANDIDATE,14.1502311,0.74,390.0,0.0,3705.0,0.529,5.44,K,0,14.706473592505496
6364582,CANDIDATE,154.608014,1.18,249.0,0.0,6008.0,1.062,0.91,F,0,0.7800371848771047
6525209,FALSE POSITIVE,1.71029474,1.04,1267.0,0.0,5365.0,0.729,610.77,G,0,92.90796275266567
6368175,CONFIRMED,31.8245304,0.8,589.0,0.0,6338.0,0.847,28.37,F,1,2.4823618449999185
5471158,CANDIDATE,140.24408749,2.39,878.0,0.0,5706.8232800782525,1.0,141.3,G,0,3.001196039940093
10407086,CANDIDATE,48.04066636,2.39,878.0,0.0,5706.8232800782525,1.0,141.3,G,0,8.761327264820228
9947653,CANDIDATE,12.008552,2.08,1016.0,0.972,5303.0,1.964,251.93,G,0,6.378787384190867
6527078,CANDIDATE,10.4314847,0.77,700.0,0.969,5361.0,0.774,56.67,G,0,5.665540591743379
12416597,CANDIDATE,47.5571352,1.85,507.0,0.0,5861.0,0.958,15.58,G,0,7.128267894488313
2309587,FALSE POSITIVE,1.838514245,48.03,1572.0,0.003,5799.0,1.055,1447.16,G,0,2641.6439324352364
2445134,FALSE POSITIVE,8.412008943,48.03,1100.0,0.001,6247.0,1.314,345.76,F,0,577.3531665157669
3241344,FALSE POSITIVE,3.912679136,48.03,1018.0,0.0,5616.0,0.72,253.12,G,0,1241.2722411388654
3347485,FALSE POSITIVE,7.544804312,48.03,1233.0,0.0,5953.0,1.609,546.03,G,0,643.7145085758455
2019477,CANDIDATE,27.2497521,4.49,1090.0,0.479,5440.0,2.747,333.56,G,0,3.743153318447987
2161623,FALSE POSITIVE,2.283466438,48.03,2014.0,0.0,6723.0,1.719,3158.4199999999996,F,0,2126.897912392264
2707097,FALSE POSITIVE,0.692807507,46.44,2057.0,0.0,5780.0,1.0,3158.4199999999996,G,0,7010.172307500703
2719873,FALSE POSITIVE,17.279290765,27.66,556.0,0.0,5251.0,0.658,22.63,G,0,281.0705639514713
8158127,CANDIDATE,16.9972894,3.14,956.0,0.705,5897.0,1.86,197.18,G,0,13.23740478290615
2852810,CANDIDATE,93.05654364,2.39,878.0,0.0,5706.8232800782525,1.0,141.3,G,0,4.523056450799422
2852810,CANDIDATE,88.433122,1.7,595.0,0.0,7092.0,1.525,29.68,F,0,1.3614808261547071
2852810,CANDIDATE,154.608014,2.35,404.0,0.0,7092.0,1.525,6.31,F,0,1.426187390260378
8590780,FALSE POSITIVE,4.326946311,48.03,1481.0,0.0,6231.0,1.501,1137.15,F,0,1122.431306266328
8613338,FALSE POSITIVE,154.608014,1.3,216.0,0.0,5671.0,0.919,0.51,G,0,1.2987683807904034
8646141,FALSE POSITIVE,154.608014,2.41,526.0,0.0,6608.0,2.189,18.16,F,0,0.7703352298413199
8653134,CONFIRMED,5.34264143,1.72,799.0,1.0,5101.0,0.67,96.47,K,1,129.39292465300258
8702921,FALSE POSITIVE,19.38444245,28.3,1185.0,0.0,4968.0,2.747,466.04,K,0,173.95393283545278
8822421,CANDIDATE,1.645319649,2.46,1296.0,0.0,5416.0,0.756,666.35,G,0,657.6229735405051
8957954,FALSE POSITIVE,2.179924994,48.03,1448.0,0.0,6106.0,0.966,1040.63,F,0,2227.920691476782
8984706,FALSE POSITIVE,10.135401047,48.03,1035.0,0.0,5895.0,1.415,270.76,G,0,479.18182788016514
4247807,FALSE POSITIVE,2.02487934,1.0,1284.0,0.0,5440.0,0.825,643.17,G,0,72.00429038897695
4472818,CANDIDATE,15.3573445,1.42,729.0,0.999,5818.0,0.986,66.65,G,0,7.625016160834316
8030339,CONFIRMED,5.71668787,1.92,955.0,1.0,5638.0,0.883,196.51,G,1,75.51575489462572
8037145,CONFIRMED,51.1658019,1.51,398.0,0.905,4963.0,0.826,5.96,K,1,5.065883663986902
5471059,FALSE POSITIVE,12.4249559,0.88,703.0,0.0,5524.0,0.847,57.8,G,0,8.885343407939178
5471675,FALSE POSITIVE,12.427135,1.05,1143.0,0.0,6561.0,1.821,403.8,F,0,2.61524478490014
8934103,CANDIDATE,77.792718,2.17,453.0,0.93,5497.0,1.241,10.0,G,0,3.700860535558097
9551430,CANDIDATE,154.608014,2.39,878.0,0.0,5706.8232800782525,1.0,141.3,G,0,2.7223685830412387
3530668,FALSE POSITIVE,1.946198513,48.03,1853.0,0.002,6224.0,1.433,2779.44,F,0,2495.4802747811987
3532985,CANDIDATE,5.288547653,48.03,2333.0,0.049,4918.0,2.747,3158.4199999999996,K,0,413.21363508190365
10718726,CANDIDATE,154.608014,2.8,288.0,0.0,6108.0,1.011,1.64,F,0,4.9803369183695745
3831911,FALSE POSITIVE,30.4838006,23.87,315.0,0.0,3857.0,0.531,2.32,K,0,159.3206852297807
3852258,FALSE POSITIVE,5.7584367,48.03,3389.0,0.0,4754.0,2.747,3158.4199999999996,K,0,127.91666182594315
3858919,FALSE POSITIVE,25.9522913,2.03,567.0,0.0,5692.0,0.866,24.49,G,0,21.49328525762964
3869326,FALSE POSITIVE,8.58599537,39.03,2319.0,0.0,4805.0,2.747,3158.4199999999996,K,0,95.27142337604127
3971315,FALSE POSITIVE,9.892240848,40.38,907.0,0.0,6225.0,1.009,160.25,F,0,490.9605492452118
2852810,CANDIDATE,126.505657,1.51,528.0,0.0,7092.0,1.525,18.42,F,0,0.7549069525009463
2997455,FALSE POSITIVE,1.129848432,48.03,3553.0,0.0,4846.0,2.747,3158.4199999999996,K,0,4123.119409701495
3003991,FALSE POSITIVE,7.244778994,25.68,818.0,0.0,5530.0,0.788,105.76,G,0,670.3724163321248
3003991,FALSE POSITIVE,110.1552727,2.39,878.0,0.0,5706.8232800782525,1.0,141.3,G,0,3.820970069642431
3229028,FALSE POSITIVE,0.730964241,0.99,2467.0,0.0,5929.0,1.463,3158.4199999999996,G,0,60.19446305581999
3229028,CANDIDATE,117.684591,1.52,459.0,0.0,6362.0,1.279,10.46,F,0,1.1437351216184284
3230787,FALSE POSITIVE,17.734020239,48.03,892.0,0.0,5883.0,1.554,149.48,G,0,273.86345197234664
5956656,CANDIDATE,46.245164,2.46,519.0,0.908,5553.0,1.107,17.15,G,0,10.641112657747305
9093086,CANDIDATE,9.7043379,1.19,932.0,0.69,6273.0,1.044,178.46,F,0,13.293024349450981
9015738,CANDIDATE,34.775371,0.67,582.0,0.0,6028.0,1.047,27.11,F,0,1.1157321657330412
7954278,CANDIDATE,0.306702491,0.93,2318.0,0.999,5310.0,0.786,3158.4199999999996,G,0,452.555828768929
9093086,CANDIDATE,12.7713826,1.26,851.0,0.737,6273.0,1.044,123.93,F,0,11.102948243050834
9101400,FALSE POSITIVE,0.829019343,48.03,2492.0,0.0,6645.0,1.328,3158.4199999999996,F,0,5858.367529067413
9119652,FALSE POSITIVE,1.1080999,48.03,2212.0,0.0,5299.0,1.769,3158.4199999999996,G,0,4382.908075345914
9145861,CANDIDATE,42.294739,48.03,1083.0,0.954,4926.0,2.747,324.71,K,0,6.010203774989603
9145861,FALSE POSITIVE,154.608014,14.71,610.0,0.0,4902.0,2.747,32.65,K,0,2.4423054810082485
9153823,CANDIDATE,1.444486083,1.73,1051.0,0.0,4569.0,0.559,290.01,K,0,678.9265826384567
7100673,CONFIRMED,5.99273265,0.91,1010.0,0.997,5574.0,1.065,245.32,G,1,11.647441005064692
7100673,CONFIRMED,5.10110666,0.85,1065.0,1.0,5574.0,1.065,304.8,G,1,12.761936642195204
10089911,CANDIDATE,11.6089351,46.44,1496.0,0.216,6303.0,2.747,1184.51,F,0,17.19365284417862
4150496,FALSE POSITIVE,94.22498,1.84,387.0,0.0,5880.0,0.893,5.28,G,0,3.6752462032891917
3747817,CANDIDATE,14.2378417,1.1,629.0,0.868,5273.0,0.801,37.02,G,0,13.555425328264466
6129694,FALSE POSITIVE,154.608014,4.41,600.0,0.0,7843.0,2.747,30.56,A,0,1.397728322155409
8162789,CANDIDATE,10.8206034,1.19,885.0,0.978,6032.0,1.06,145.06,F,0,10.78498080800189
9899315,FALSE POSITIVE,154.608014,2.24,340.0,0.0,6089.0,0.95,3.15,F,0,3.3698123824292834
4037428,FALSE POSITIVE,4.264729569,29.95,1428.0,0.292,6052.0,1.417,983.86,F,0,1138.8060887384252
4049124,FALSE POSITIVE,4.804469712,30.97,958.0,0.0,5561.0,0.809,198.67,G,0,1010.8711868595082
4275328,FALSE POSITIVE,6.150529292,48.03,1421.0,0.0,6691.0,1.565,964.26,F,0,392.99056800589904
4753561,FALSE POSITIVE,4.944927575,19.43,728.0,0.0,4428.0,0.701,66.56,K,0,208.0313582752524
4912991,FALSE POSITIVE,4.442517008,26.08,1258.0,0.0,6316.0,1.119,593.85,F,0,1093.2316052485892
5613330,CANDIDATE,10.2090268,0.92,1058.0,0.616,6188.0,1.524,296.42,F,0,3.594857836987949
5036966,FALSE POSITIVE,62.7356439,48.03,590.0,0.0,6211.0,1.44,28.65,F,0,77.41532083007759
5254230,FALSE POSITIVE,7.035518449,24.91,782.0,0.0,5288.0,0.71,88.6,G,0,304.0287671058597
3545840,CANDIDATE,54.2916336,1.67,665.0,0.0,6711.0,1.565,46.21,F,0,1.8013825246179367
3634051,CONFIRMED,154.608014,9.23,390.0,0.0,5874.0,2.747,5.45,G,1,5.568922190540524
7967517,FALSE POSITIVE,0.579516759,0.6,2484.0,0.0,6339.0,1.102,3158.4199999999996,F,0,46.59054217274155
3634051,CANDIDATE,122.8054416,48.03,602.0,0.755,5874.0,2.747,31.11,G,0,2.548746992983412
3761319,FALSE POSITIVE,16.2480865,2.38,704.0,0.228,5729.0,0.923,58.1,G,0,27.00010244283227
3761319,FALSE POSITIVE,154.608014,2.9,230.0,0.0,5729.0,0.923,0.66,G,0,6.333436247360373
3762553,FALSE POSITIVE,154.608014,5.51,537.0,0.0,8057.0,2.407,19.6,A,0,3.065170994305638
3965879,FALSE POSITIVE,55.00402906,2.39,878.0,0.0,5706.8232800782525,1.0,141.3,G,0,7.652166708385489
4035675,FALSE POSITIVE,2.873657901,48.03,1830.0,0.0,5692.0,2.287,2645.12,G,0,1690.0759127625886
9282687,FALSE POSITIVE,1.680425996,48.03,2203.0,0.0,6844.0,1.629,3158.4199999999996,F,0,2890.160002023677
9289960,FALSE POSITIVE,0.53345831,2.39,878.0,0.0,5706.8232800782525,1.0,141.3,G,0,789.0026120316693
9291629,FALSE POSITIVE,20.686460198,48.03,1210.0,0.0,4809.0,2.747,506.27,K,0,234.77675511006728
9304842,FALSE POSITIVE,131.68018,5.96,444.0,0.0,6468.0,1.302,9.15,F,0,15.69712313576728
6975129,CANDIDATE,37.8404232,1.76,607.0,0.0,6243.0,1.149,32.14,F,0,6.146865714757651
9304923,FALSE POSITIVE,154.608014,48.03,692.0,0.0,7981.0,2.747,54.06,A,0,12.418502445804654
9343862,FALSE POSITIVE,1.123258617,48.03,3215.0,0.0,7945.0,2.17,3158.4199999999996,A,0,4323.759396541535
9389245,CANDIDATE,47.25643291,2.39,878.0,0.0,5706.8232800782525,1.0,141.3,G,0,8.906723890937878
9828127,CANDIDATE,32.0273169,1.14,525.0,0.995,5505.0,0.909,17.95,G,0,5.0488150632437145
5177859,CANDIDATE,8.75630628,1.12,982.0,0.98,5839.0,1.227,219.87,G,0,9.353258940595213
11081504,CANDIDATE,9.6183111,0.85,1142.0,1.0,6134.0,1.665,402.64,F,0,2.599208919328883
5385410,FALSE POSITIVE,12.4250319,0.89,1030.0,0.0,6290.0,1.506,266.45,F,0,2.374239377204335
3645438,CONFIRMED,154.608014,2.96,209.0,0.911,5119.0,0.834,0.45,K,1,8.643795139881947
8110757,CANDIDATE,0.518060209,48.03,2921.0,0.975,5405.0,1.772,3158.4199999999996,G,0,4359.3388582368425
3645438,CANDIDATE,17.3695112,1.45,588.0,0.946,5119.0,0.834,28.35,K,0,18.077653215710523
8278685,CANDIDATE,17.8693759,0.81,759.0,0.0,6328.0,1.013,78.58,F,0,3.5255847967247695
5511659,CANDIDATE,17.236085,1.98,721.0,0.629,5543.0,1.111,63.85,G,0,19.145879125102947
5385139,FALSE POSITIVE,12.4297161,1.26,742.0,0.0,5754.0,0.905,71.78,G,0,15.503169859205391
5385150,FALSE POSITIVE,12.4288476,1.12,725.0,0.0,5595.0,0.886,65.27,G,0,13.307750269622746
5385269,FALSE POSITIVE,12.4258252,1.27,822.0,0.0,5968.0,1.048,108.1,G,0,10.478177336664931
8210370,FALSE POSITIVE,153.725848,48.03,734.0,0.0,4794.0,2.747,68.48,K,0,31.593255546718463
5385509,FALSE POSITIVE,12.4257907,1.27,589.0,0.0,4873.0,0.693,28.51,K,0,27.370491601794
5385566,FALSE POSITIVE,12.4253356,2.02,683.0,0.0,5442.0,0.783,51.57,G,0,30.131982914006763
5385773,FALSE POSITIVE,12.4254201,0.84,659.0,0.0,5571.0,0.691,44.57,G,0,11.629385472447728
5386163,FALSE POSITIVE,12.424995,2.06,1293.0,0.0,6098.0,2.657,660.61,F,0,4.14487088324784
5470960,FALSE POSITIVE,12.4227918,1.44,634.0,0.0,5279.0,0.72,38.29,G,0,16.308733436231297
4139254,CANDIDATE,154.608014,1.07,225.0,0.0,5551.0,0.957,0.61,G,0,0.794913515931975
4144236,FALSE POSITIVE,22.913446297,48.03,811.0,0.0,6621.0,1.297,102.27,F,0,211.95851278975329
10141900,CANDIDATE,9.6550473,1.45,705.0,0.8,4999.0,0.843,58.36,K,0,32.42863450290917
4144236,FALSE POSITIVE,10.0046881,1.9,1466.0,0.0,6620.0,2.641,1091.58,F,0,5.05762893297993
4150701,FALSE POSITIVE,8.65315602,1.37,643.0,0.0,4746.0,0.696,40.5,K,0,48.24829218784847
4255944,CANDIDATE,154.608014,3.63,521.0,0.0,6845.0,2.674,17.44,F,0,1.1584134312727152
4285087,FALSE POSITIVE,2.243015737,48.03,1813.0,0.0,6181.0,1.444,2547.31,F,0,2165.2545365088536
4346875,FALSE POSITIVE,4.694218481,35.81,946.0,0.0,5512.0,0.787,189.23,G,0,1034.6131139097272
9394605,FALSE POSITIVE,0.87683182,2.39,878.0,0.0,5706.8232800782525,1.0,3077.39,G,0,480.0236378282895
9471755,FALSE POSITIVE,0.953734449,47.65,2672.0,0.0,7332.0,1.46,3158.4199999999996,F,0,1300.5716646814758
9479460,FALSE POSITIVE,2.073873563,48.03,3150.0,0.0,7803.0,2.747,3158.4199999999996,A,0,2341.8496125551897
9549472,FALSE POSITIVE,15.713787218,27.64,747.0,0.0,5843.0,1.006,73.68,G,0,309.0725318233083
9576197,FALSE POSITIVE,7.964440392,18.98,755.0,0.0,5250.0,0.736,76.69,G,0,609.79802232915
8110758,FALSE POSITIVE,0.518071538,42.1,2536.0,0.0,5876.0,1.209,3158.4199999999996,G,0,4237.831725857134
9579860,FALSE POSITIVE,2.151214629,14.54,3287.0,0.0,4748.0,2.747,3158.4199999999996,K,0,154.6103282844494
9655711,CANDIDATE,12.7143635,2.2,785.0,1.0,5947.0,0.962,89.81,G,0,41.276151967811835
5856571,CANDIDATE,80.4103783,4.93,535.0,0.985,5476.0,1.673,19.35,G,0,7.35477201454728
8222395,CANDIDATE,1.93188768,0.57,1427.0,0.965,5896.0,0.914,977.65,G,0,19.566354913552736
5796186,FALSE POSITIVE,154.608014,2.39,878.0,0.0,5706.8232800782525,1.0,141.3,G,0,2.7223685830412387
5471068,FALSE POSITIVE,12.426469,1.66,729.0,0.0,5691.0,0.887,66.74,G,0,14.52544564348891
5471192,FALSE POSITIVE,12.4262889,1.23,864.0,0.0,6246.0,1.092,131.83,F,0,7.580702553921792
5471217,FALSE POSITIVE,12.424747,1.35,691.0,0.0,5514.0,0.826,53.94,G,0,11.187350535185947
5471769,FALSE POSITIVE,12.4255705,1.37,721.0,0.0,5742.0,0.827,63.95,G,0,11.21880077860409
5471770,FALSE POSITIVE,12.426173,2.67,1006.0,0.0,6367.0,1.357,242.41,F,0,9.262707029750832
5556804,FALSE POSITIVE,12.4244306,1.59,714.0,0.0,5761.0,0.791,61.31,G,0,17.232178028343608
5597970,FALSE POSITIVE,6.71738328,37.65,883.0,0.0,5301.0,0.936,143.87,G,0,723.0047471699426
4459068,FALSE POSITIVE,24.955998503,36.91,1438.0,0.0,8617.0,2.747,1011.42,A,0,194.58648386343833
8107150,CANDIDATE,5.2449156,0.52,1015.0,0.691,5823.0,0.878,251.14,G,0,6.768459725071649
4464394,CANDIDATE,154.608014,2.39,878.0,0.0,5706.8232800782525,1.0,141.3,G,0,2.7223685830412387
4547480,FALSE POSITIVE,4.426942241,5.43,958.0,0.0,5511.0,0.746,199.4,G,0,654.3116766180551
4739229,CANDIDATE,154.608014,3.65,324.0,0.0,7081.0,1.619,2.62,F,0,2.979793789990731
4739229,CANDIDATE,4.66185924,1.16,1610.0,0.0,7081.0,1.619,1590.18,F,0,10.575179871797245
8620565,CANDIDATE,1.213672208,48.03,1789.0,0.0,6113.0,0.995,2422.45,F,0,2250.1957134706013
4740676,FALSE POSITIVE,3.454241684,48.03,2010.0,0.0,6562.0,2.433,3158.4199999999996,F,0,1406.0104776385995
4742420,CANDIDATE,90.097375,1.7,430.0,0.997,6116.0,1.008,8.05,F,0,3.136606366167716
9655711,CANDIDATE,7.72966941,2.1,927.0,0.612,5947.0,0.962,174.28,G,0,55.202878333706124
9727765,CANDIDATE,51.85656556,2.39,878.0,0.0,5706.8232800782525,1.0,141.3,G,0,8.11661928349271
9767392,FALSE POSITIVE,1.457256942,48.03,2112.0,0.0,6630.0,1.416,3158.4199999999996,F,0,3332.768477557885
9774400,FALSE POSITIVE,10.818248422,11.71,830.0,0.0,5955.0,0.894,112.55,G,0,448.93589151857617
9839081,FALSE POSITIVE,2.559236603,37.66,1296.0,0.0,5955.0,0.883,665.95,G,0,1897.7143396225488
9974142,FALSE POSITIVE,154.608014,4.22,446.0,0.0,6049.0,2.522,9.34,F,0,1.8013296516440604
9974142,CANDIDATE,154.536881,4.1,544.0,0.0,6049.0,2.522,20.76,F,0,1.6727398555429627
10163066,FALSE POSITIVE,154.608014,1.9,169.0,0.0,4547.0,0.747,0.19,K,0,4.521111046675757
9008103,CANDIDATE,87.707513,1.72,310.0,0.0,4944.0,0.721,2.2,K,0,6.590085389834278
8780959,CONFIRMED,5.1117547,2.81,1351.0,0.996,6432.0,1.345,788.0,F,1,52.38905536683911
8780959,CONFIRMED,9.6310258,2.9,1094.0,0.0,6432.0,1.345,338.33,F,1,30.858602829202265
7429287,FALSE POSITIVE,101.889228,1.43,487.0,0.0,5802.0,1.59,13.26,G,0,0.793999538400664
11296045,CANDIDATE,154.608014,2.39,878.0,0.0,5706.8232800782525,1.0,141.3,G,0,2.7223685830412387
6592335,FALSE POSITIVE,48.5023669,48.03,192.0,0.0,3396.0,0.28,0.32,M,0,15.256987386320729
5951416,FALSE POSITIVE,154.608014,1.88,237.0,0.0,6225.0,0.931,0.74,F,0,2.6111194986309054
5769810,CANDIDATE,8.97377221,2.96,1530.0,0.301,6537.0,2.747,1294.96,F,0,11.867918809140354
5643492,FALSE POSITIVE,41.86539723,31.14,500.0,0.0,6063.0,0.788,14.79,F,0,102.93226113024988
5795648,FALSE POSITIVE,4.553370029,25.84,1264.0,0.802,6306.0,1.109,603.58,F,0,1066.616587070262
5961350,FALSE POSITIVE,5.262652179,35.99,1499.0,0.0,7049.0,1.549,1191.71,F,0,922.8616740775868
10340423,FALSE POSITIVE,154.608014,2.39,878.0,0.0,5706.8232800782525,1.0,141.3,G,0,2.7223685830412387
5979863,FALSE POSITIVE,16.621853404,22.32,719.0,0.0,5949.0,0.907,63.3,G,0,292.18763286838094
6117415,FALSE POSITIVE,19.741616041,48.03,902.0,0.0,6535.0,1.529,156.6,F,0,246.01329444932242
6128027,FALSE POSITIVE,5.455766383,28.2,795.0,0.0,5067.0,0.694,94.27,K,0,890.1957413596973
6146418,FALSE POSITIVE,22.44620704,48.03,894.0,0.0,6070.0,1.777,150.81,F,0,72.47549651043404
4742420,CANDIDATE,154.608014,1.67,323.0,0.0,6123.0,0.991,2.58,F,0,1.8356098927705002
4826439,FALSE POSITIVE,1.237147407,48.03,2107.0,0.0,6064.0,1.449,3158.4199999999996,F,0,3925.7245923322703
4933476,FALSE POSITIVE,1.28619671,1.27,1646.0,0.0,5650.0,0.926,1740.01,G,0,106.67108610470632
4990977,FALSE POSITIVE,2.649026189,32.7,1377.0,0.0,5838.0,0.988,852.59,G,0,1833.3907079391277
5034333,FALSE POSITIVE,6.932281325,48.03,1872.0,0.0,8675.0,2.168,2902.34,A,0,700.5918791098686
5039441,FALSE POSITIVE,2.151384476,48.03,1725.0,0.001,6184.0,1.257,2097.48,F,0,2257.476547859965
8231299,FALSE POSITIVE,0.562273947,0.73,2083.0,0.0,5632.0,0.847,3158.4199999999996,G,0,119.15899777586529
5121173,FALSE POSITIVE,17.4352218,48.03,1195.0,0.0,6313.0,2.641,482.16,F,0,34.602370243434464
5306984,CANDIDATE,114.27173902,2.39,878.0,0.0,5706.8232800782525,1.0,141.3,G,0,3.683325410199047
10198662,CANDIDATE,26.40805532,2.39,878.0,0.0,5706.8232800782525,1.0,141.3,G,0,15.938318626636383
10198662,CANDIDATE,46.07931317,2.39,878.0,0.0,5706.8232800782525,1.0,141.3,G,0,9.134250730846993
4157325,CANDIDATE,24.8434837,1.58,625.0,0.085,5670.0,1.022,35.97,G,0,8.750785623515434
10200627,CANDIDATE,7.7016694,4.44,1627.0,0.956,5174.0,2.747,1656.27,K,0,20.21639620106259
10219361,FALSE POSITIVE,117.634213,3.78,513.0,0.0,5236.0,2.332,16.34,G,0,2.151584930482767
10228942,FALSE POSITIVE,21.025447023,48.03,1123.0,0.0,6631.0,2.438,376.4,F,0,230.99152159224934
10341878,FALSE POSITIVE,0.933753371,1.44,3137.0,0.0,7286.0,2.056,3158.4199999999996,F,0,50.655774285820485
10357831,FALSE POSITIVE,1.72153588,12.89,1045.0,0.0,4535.0,0.668,281.41,K,0,2821.1436406425637
8332521,CANDIDATE,4.67250377,1.11,1149.0,0.994,6146.0,0.987,412.73,F,0,17.03583430174525
6150977,FALSE POSITIVE,2.765621941,34.42,1134.0,0.0,5423.0,0.828,391.86,G,0,1756.096857636262
6182019,FALSE POSITIVE,3.664964374,30.98,1184.0,0.001,5726.0,0.987,464.89,G,0,1325.169770940862
6191945,FALSE POSITIVE,6.8072842,31.15,1156.0,0.0,5182.0,1.824,421.16,K,0,713.4563296182051
6209347,FALSE POSITIVE,2.136577151,43.89,1311.0,0.034,5457.0,0.905,698.75,G,0,2273.121753514437
6268722,FALSE POSITIVE,2.638432816,48.03,1933.0,0.005,6502.0,1.753,3158.4199999999996,F,0,1840.751816968001
6301030,FALSE POSITIVE,11.991000357,48.03,897.0,0.0,5988.0,1.13,153.29,G,0,405.0287595200344
10480982,FALSE POSITIVE,2.03746414,1.12,1474.0,0.0,6117.0,0.947,1118.26,F,0,68.12389836711434
6606934,FALSE POSITIVE,37.80694072,48.03,617.0,0.0,6387.0,1.105,34.14,F,0,128.46053945408994
8242769,CANDIDATE,21.9711574,1.32,649.0,0.826,5763.0,0.997,41.86,G,0,8.106081839821512
10964440,CANDIDATE,144.688915,3.33,416.0,0.913,5372.0,1.71,7.09,G,0,2.7445087966828696
5385548,FALSE POSITIVE,12.42555055,3.79,1027.0,0.0,6381.0,1.423,262.42,F,0,32.91604652479563
5385778,FALSE POSITIVE,12.42592247,48.03,1547.0,0.0,4849.0,2.747,1353.9,K,0,390.85226965849563
5428657,CANDIDATE,1.54287434,1.05,1007.0,0.999,4530.0,0.539,243.62,K,0,260.1637668042363
5471617,FALSE POSITIVE,12.4237327,1.12,1057.0,0.0,5221.0,2.067,294.63,G,0,2.422782325315161
5471617,FALSE POSITIVE,94.38163,2.04,537.0,0.0,5221.0,2.067,19.72,G,0,0.9662897324405184
5629353,CANDIDATE,33.3200908,13.0,750.0,0.996,6264.0,1.651,74.79,F,0,145.75890651534476
5629353,CONFIRMED,7.5844241,5.83,1228.0,1.0,6264.0,1.651,537.4,F,1,132.5084128668385
10363233,FALSE POSITIVE,154.608014,4.85,268.0,0.0,5332.0,0.843,1.22,G,0,21.635359729800292
10385682,FALSE POSITIVE,3.103730697,48.03,1340.0,0.0,6075.0,1.091,763.25,F,0,1564.7942666850518
10414727,CANDIDATE,91.20573037,2.39,878.0,0.0,5706.8232800782525,1.0,141.3,G,0,4.614841614583959
10414727,FALSE POSITIVE,154.608014,2.69,443.0,0.0,7304.0,1.69,9.13,F,0,1.557487181744667
10483644,FALSE POSITIVE,5.110771787,26.98,1048.0,0.0,6029.0,0.894,284.85,F,0,950.2870021224056
4736569,CANDIDATE,7.07394528,0.84,647.0,0.95,4777.0,0.561,41.43,K,0,32.27336245383001
10601549,FALSE POSITIVE,1.463773705,21.79,1329.0,0.0,5446.0,0.668,739.19,G,0,3317.9308956093046
10614158,FALSE POSITIVE,4.46255312,48.03,1795.0,0.0,4847.0,2.747,2458.34,K,0,1088.3231794448645
8505215,FALSE POSITIVE,79.87804945,2.39,878.0,0.0,5706.8232800782525,1.0,141.3,G,0,5.269282398582655
10662202,CANDIDATE,14.516741,1.45,606.0,0.929,4954.0,0.828,31.8,K,0,15.650895748570564
9008103,CANDIDATE,20.5718107,1.34,498.0,0.989,4922.0,0.708,14.51,K,0,18.423268886097613
6614926,FALSE POSITIVE,3.026764871,26.36,1360.0,0.019,6283.0,1.01,810.38,F,0,1604.584500941236
6628237,FALSE POSITIVE,3.840130917,33.44,1205.0,0.001,5931.0,1.012,498.48,G,0,1264.7225068550963
6694186,FALSE POSITIVE,5.554227226,31.71,930.0,0.0,5433.0,0.843,176.7,G,0,874.4150720491247
6934587,FALSE POSITIVE,1.570919281,48.03,1797.0,0.0,6192.0,1.162,2473.29,F,0,3091.6292509366685
7219906,FALSE POSITIVE,35.08976902,33.1,501.0,0.0,5603.0,0.846,14.95,G,0,138.40786461808406
7257373,FALSE POSITIVE,5.233450136,48.03,1050.0,0.0,5841.0,0.977,287.6,G,0,928.0111348709714
7295570,FALSE POSITIVE,3.6037011,48.03,1464.0,0.0,5633.0,1.547,1089.0,G,0,1347.6977876994292
7362852,FALSE POSITIVE,3.518356021,48.03,1266.0,0.0,6201.0,0.989,606.41,F,0,1380.3890143612048
5629353,CANDIDATE,11.867172,4.03,1058.0,0.998,6264.0,1.651,296.23,F,0,50.18887397941144
5641294,FALSE POSITIVE,2.6160943,0.81,1744.0,0.0,6645.0,1.42,2188.14,F,0,11.199902083040357
5738698,FALSE POSITIVE,2.404386969,48.03,1670.0,0.0,6466.0,1.21,1838.11,F,0,2019.9327573381138
4078157,CANDIDATE,142.685885,2.76,319.0,0.0,5767.0,0.799,2.43,G,0,8.375040039875001
5768927,FALSE POSITIVE,4.390513938,41.83,1401.0,0.021,6081.0,1.454,910.71,F,0,1106.1802942851743
5814635,FALSE POSITIVE,3.86963822,2.39,878.0,0.0,5706.8232800782525,1.0,3158.4199999999996,G,0,108.76985807732692
5816144,CANDIDATE,12.4970599,1.44,839.0,1.0,6174.0,1.021,117.3,F,0,14.403387792035788
5816144,FALSE POSITIVE,7.384681,1.22,1000.0,0.0,6174.0,1.021,236.56,F,0,19.337328179781906
10717220,CONFIRMED,21.0907909,1.88,606.0,1.0,5723.0,0.818,31.86,G,1,19.80011095743214
10728219,FALSE POSITIVE,3.371796653,48.03,1155.0,0.0,5615.0,0.912,419.47,G,0,1440.389353159489
10735988,FALSE POSITIVE,1.927177921,28.94,1219.0,0.644,5193.0,0.774,523.16,K,0,2520.109818132355
8112324,FALSE POSITIVE,0.575925434,38.24,1834.0,0.0,5461.0,0.683,2666.7,G,0,8432.862508378124
10971944,FALSE POSITIVE,154.608014,3.46,358.0,0.0,6643.0,1.976,3.88,F,0,1.895115216989981
10973583,FALSE POSITIVE,6.256352128,30.76,918.0,0.0,5772.0,0.836,167.92,G,0,525.7536552776335
10989274,CONFIRMED,16.17803,2.25,754.0,1.0,5929.0,1.069,76.54,G,1,27.753688180823005
11099351,FALSE POSITIVE,2.37795507,48.03,2965.0,0.0,9565.0,2.286,3158.4199999999996,A,0,1846.5866135982124
11147460,FALSE POSITIVE,2.053866175,48.03,2528.0,0.0,5051.0,2.747,3158.4199999999996,K,0,2364.6623422287967
10662202,FALSE POSITIVE,36.5521313,0.9,361.0,0.0,4722.0,0.527,4.03,K,0,7.73963076675641
11607193,FALSE POSITIVE,5.177577252,48.03,1671.0,0.0,7429.0,1.796,1846.9,F,0,255.98845473295899
10743597,FALSE POSITIVE,4.08029328,2.92,1044.0,0.0,5619.0,0.874,280.4,G,0,276.548748476237
4247991,CONFIRMED,104.3519624,1.39,355.0,0.976,5650.0,0.87,3.74,G,1,2.3363240555598788
11968463,CANDIDATE,6.06330298,1.64,1153.0,0.0,6308.0,1.153,418.4,F,0,33.100770431894205
11968463,CANDIDATE,86.431871,2.85,464.0,0.0,6325.0,1.112,10.97,F,0,4.802626568155628
11074835,CANDIDATE,26.1152887,2.38,898.0,0.0,5190.0,2.747,153.98,K,0,2.680422215665569
8042747,FALSE POSITIVE,154.608014,2.1,252.0,0.0,6197.0,1.035,0.95,F,0,2.300656937485789
9008737,FALSE POSITIVE,11.83271013,1.17,728.0,1.0,5639.0,0.859,66.51,G,0,14.899376225993969
7373877,FALSE POSITIVE,32.669962587,1.37,428.0,0.0,4871.0,0.741,7.96,K,0,11.184585811108324
5792202,CANDIDATE,154.608014,24.0,235.0,0.0,5251.0,0.817,0.72,G,0,11.047292800747057
7436177,FALSE POSITIVE,19.93364711,48.03,848.0,0.0,6505.0,1.29,122.24,F,0,243.6433219269527
7537945,FALSE POSITIVE,1.071911311,40.32,1809.0,0.0,5885.0,0.933,2534.86,G,0,4530.87858124113
7624297,FALSE POSITIVE,18.019651402,31.77,544.0,0.0,5278.0,0.659,20.7,G,0,269.52241703526823
8109692,FALSE POSITIVE,117.934158,3.76,648.0,0.0,6790.0,2.597,41.73,F,0,1.5898701714561783
7695093,FALSE POSITIVE,4.032762189,35.22,1173.0,0.0,5960.0,0.962,447.97,G,0,1204.311033575801
7749318,FALSE POSITIVE,2.371589507,48.03,1043.0,0.0,5340.0,0.601,278.9,G,0,2047.8670468329071
7777397,FALSE POSITIVE,5.09112124,3.58,2044.0,0.0,6705.0,2.747,3158.4199999999996,F,0,22.607986448187592
5817566,FALSE POSITIVE,4.206070484,48.03,2547.0,0.001,8212.0,2.747,3158.4199999999996,A,0,1154.688210403276
5952403,FALSE POSITIVE,0.905677864,48.03,3749.0,0.0,5037.0,2.747,3158.4199999999996,K,0,4052.655083993529
6032730,CANDIDATE,96.509214,48.03,787.0,0.0,7343.0,2.747,90.63,F,0,15.83268515688046
6116172,CANDIDATE,69.64679311,2.39,878.0,0.0,5706.8232800782525,1.0,141.3,G,0,6.043350758953558
6116172,CANDIDATE,111.65546,48.03,579.0,0.0,6967.0,1.863,26.58,F,0,25.856326237874978
6116172,CANDIDATE,86.13201864,2.39,878.0,0.0,5706.8232800782525,1.0,141.3,G,0,4.886684494870675
4150539,FALSE POSITIVE,94.219289,2.15,285.0,0.0,4641.0,0.694,1.57,K,0,10.888428589181988
6182093,FALSE POSITIVE,154.608014,5.37,509.0,0.0,6626.0,2.747,15.89,F,0,1.7812789445701047
9839821,CONFIRMED,154.608014,2.3,302.0,0.877,5818.0,0.848,1.96,G,1,4.801820945711133
11252617,FALSE POSITIVE,4.478116695,38.85,1218.0,0.0,6304.0,1.058,521.12,F,0,1084.540741294818
8245108,FALSE POSITIVE,0.579108481,0.42,1377.0,0.0,4604.0,0.501,849.52,K,0,118.11258554163707
11252617,FALSE POSITIVE,1.27620899,1.46,1851.0,0.001,6304.0,1.058,2769.8,F,0,145.9008684776621
11296437,FALSE POSITIVE,154.608014,2.2,354.0,0.0,7102.0,1.874,3.73,F,0,0.8654143891920119
11296437,CANDIDATE,47.14404783,2.39,878.0,0.0,5706.8232800782525,1.0,141.3,G,0,8.927956324788923
11341164,CANDIDATE,154.608014,2.39,878.0,0.0,5706.8232800782525,1.0,141.3,G,0,2.7223685830412387
11462969,CANDIDATE,154.608014,1.77,236.0,0.0,5847.0,0.884,0.73,G,0,2.4591222030702755
11462969,CANDIDATE,154.608014,2.39,878.0,0.0,5706.8232800782525,1.0,141.3,G,0,2.7223685830412387
7830321,FALSE POSITIVE,2.027383251,31.12,1352.0,0.0,5544.0,0.875,791.38,G,0,1902.0577377750074
7841986,FALSE POSITIVE,10.73370737,18.7,1171.0,0.0,5971.0,2.003,444.77,G,0,452.4718098402938
7877820,FALSE POSITIVE,9.449438672,48.03,1152.0,0.0,6558.0,1.431,415.72,F,0,513.9670374697575
7914906,FALSE POSITIVE,8.752913958,48.03,1635.0,0.0,7279.0,2.624,1689.12,F,0,554.866644788741
5792202,CANDIDATE,154.608014,3.71,191.0,0.0,5251.0,0.817,0.31,G,0,10.749766179649653
8019043,FALSE POSITIVE,1.985586627,48.03,2796.0,0.0,6651.0,2.747,3158.4199999999996,F,0,2445.977392252048
8023317,FALSE POSITIVE,16.579028045,48.03,1062.0,0.0,5870.0,2.3,300.36,G,0,292.9423840057205
8126531,FALSE POSITIVE,154.608014,14.87,424.0,0.128,4833.0,2.747,7.67,K,0,3.384041916481768
8121067,FALSE POSITIVE,2.064900876,38.19,1357.0,0.0,5714.0,0.901,800.75,G,0,2352.025734721031
6197038,FALSE POSITIVE,9.751720174,48.03,1356.0,0.0,5147.0,2.747,800.41,K,0,498.03520951605185
6221385,CONFIRMED,19.672324,4.07,908.0,0.937,6486.0,1.485,160.98,F,1,33.036259467869684
6221385,CONFIRMED,32.657035,3.73,767.0,0.999,6486.0,1.485,81.91,F,1,18.997438071153734
6221385,CANDIDATE,7.3138454,2.73,1263.0,0.802,6486.0,1.485,601.53,F,0,33.86727315838532
6362386,FALSE POSITIVE,4.592401261,48.03,1678.0,0.0,7201.0,1.724,1872.74,F,0,1057.5513166161027
8260269,FALSE POSITIVE,6.70995253,1.1,1120.0,0.135,6461.0,1.131,372.31,F,0,12.816782177742173
6449358,FALSE POSITIVE,5.776794344,48.03,2249.0,0.0,7666.0,2.747,3158.4199999999996,A,0,840.7257919860614
6593968,FALSE POSITIVE,23.19923256,2.39,878.0,0.0,5706.8232800782525,1.0,141.3,G,0,18.14284153199592
6674908,FALSE POSITIVE,0.503199724,1.06,1363.0,0.0,4013.0,0.63,819.89,K,0,547.6950539821838
11516930,FALSE POSITIVE,4.768540307,1.84,1010.0,0.0,5491.0,0.887,246.11,G,0,72.89442420980254
11558882,FALSE POSITIVE,73.91858615,48.03,484.0,0.0,6300.0,1.057,12.95,F,0,65.70336708205559
11656928,CANDIDATE,154.608014,2.39,878.0,0.0,5706.8232800782525,1.0,141.3,G,0,2.7223685830412387
11566064,CANDIDATE,11.1619384,1.97,1093.0,0.975,6200.0,1.64,337.23,F,0,11.145017607336015
8042835,FALSE POSITIVE,2.38793696,25.56,1674.0,0.0,6769.0,1.161,1860.02,F,0,47.86558519534786
2853780,FALSE POSITIVE,154.608014,4.91,330.0,0.0,5295.0,2.747,2.82,G,0,1.63898360404526
11656928,CANDIDATE,76.83994597,2.39,878.0,0.0,5706.8232800782525,1.0,141.3,G,0,5.4776196766760945
11656928,CANDIDATE,78.86684,1.3,573.0,0.0,6907.0,1.381,25.44,F,0,1.0917135769608621
11673686,FALSE POSITIVE,4.618767943,32.36,1565.0,0.309,6195.0,1.781,1418.08,F,0,1051.5141829891236
8153568,FALSE POSITIVE,3.60727417,48.03,1833.0,0.0,7026.0,1.785,2671.63,F,0,1346.362868780778
8167978,FALSE POSITIVE,22.05274533,32.56,552.0,0.0,5510.0,0.741,21.93,G,0,220.23108358273504
8168581,FALSE POSITIVE,2.881338104,31.58,1206.0,0.0,5783.0,0.88,501.88,G,0,879.3483820876856
8230809,FALSE POSITIVE,4.078355243,16.73,1113.0,0.429,5872.0,0.867,362.07,G,0,1190.847709584871
8364115,FALSE POSITIVE,7.73590441,21.3,884.0,0.0,5927.0,0.86,144.83,G,0,60.148106199259516
8458207,FALSE POSITIVE,3.530164642,35.71,1465.0,0.018,6208.0,1.344,1086.97,F,0,1375.7715269757098
7825899,CANDIDATE,28.8672107,1.51,493.0,1.0,5191.0,0.837,14.0,K,0,12.024022812844887
6946681,CANDIDATE,48.9528113,2.39,878.0,0.0,5706.8232800782525,1.0,141.3,G,0,8.598076164013893
4150624,FALSE POSITIVE,94.225938,1.93,348.0,0.0,5421.0,0.852,3.48,G,0,5.6290232950506685
6946708,CANDIDATE,154.608014,1.36,211.0,0.0,5642.0,0.747,0.47,G,0,2.151246829934702
6967278,FALSE POSITIVE,154.608014,48.03,1406.0,0.0,3599.0,2.747,923.0,M,0,4.172487462389887
7108433,FALSE POSITIVE,1.51918335,48.03,2517.0,0.0,7426.0,1.698,3158.4199999999996,F,0,3196.914974087887
7119080,FALSE POSITIVE,13.59940118,2.39,878.0,0.0,5706.8232800782525,1.0,141.3,G,0,30.949892162825364
7129465,FALSE POSITIVE,2.745910734,48.03,1221.0,0.0,5372.0,0.96,524.18,G,0,1768.7027986249168
7174617,FALSE POSITIVE,1.608363345,19.36,1133.0,0.869,5022.0,0.589,390.1,K,0,3019.653497512404
11724210,FALSE POSITIVE,5.746017234,29.32,1042.0,0.0,5940.0,0.96,278.69,G,0,845.2289302688158
11775507,CANDIDATE,144.102562,1.67,437.0,0.0,6528.0,1.26,8.64,F,0,1.1887366721488268
11775507,CANDIDATE,112.317402,1.77,475.0,0.0,6528.0,1.26,12.05,F,0,1.62396918689412
11856178,CANDIDATE,9.13315062,1.48,900.0,1.0,6122.0,0.964,155.42,F,0,25.314375029982806
11867071,FALSE POSITIVE,3.963787093,28.11,1389.0,0.0,6617.0,1.18,880.12,F,0,1225.2676256443926
11975363,FALSE POSITIVE,1.759208679,48.03,1475.0,0.0,5721.0,0.961,1121.32,G,0,2760.729899741473
12207117,FALSE POSITIVE,1.6031794,2.39,878.0,0.0,5706.8232800782525,1.0,676.51,G,0,262.54079861555107
6768394,CANDIDATE,154.608014,1.83,333.0,0.0,6200.0,1.448,2.9,F,0,1.0219392637693412
8580438,FALSE POSITIVE,6.496031958,32.33,957.0,0.0,5516.0,0.988,198.07,G,0,747.6410263066628
8581232,FALSE POSITIVE,4.012537983,9.96,765.0,0.0,4483.0,0.63,80.95,K,0,1210.3810656937028
8655458,FALSE POSITIVE,1.594162001,26.11,1419.0,0.0,5388.0,0.885,960.51,G,0,3046.5536105825167
8695779,FALSE POSITIVE,10.238939876,22.09,1190.0,0.0,6244.0,1.807,474.05,F,0,307.9518034275055
8953059,FALSE POSITIVE,5.499941387,23.34,1202.0,0.008,6435.0,1.157,492.27,F,0,883.0457741749021
9048145,FALSE POSITIVE,8.667826242,37.51,1225.0,0.0,6712.0,1.538,531.63,F,0,560.3134931878113
9214712,FALSE POSITIVE,154.608014,33.81,270.0,0.0,5873.0,0.863,1.25,G,0,31.4129900148643
9214715,FALSE POSITIVE,154.608014,25.56,296.0,0.0,6108.0,0.997,1.81,F,0,31.4129900148643
7190639,FALSE POSITIVE,98.1020983,1.97,525.0,0.0,6669.0,1.427,17.96,F,0,1.8796743718579567
7198881,FALSE POSITIVE,154.608014,3.73,364.0,0.0,6299.0,1.167,4.17,F,0,6.597329424333722
7198881,FALSE POSITIVE,126.57837267,2.39,878.0,0.0,5706.8232800782525,1.0,141.3,G,0,3.3252126024508164
7422883,FALSE POSITIVE,11.41437505,44.08,1128.0,0.0,6826.0,1.52,383.45,F,0,425.4897862323176
10545066,CANDIDATE,154.607419,1.56,340.0,0.0,6017.0,0.931,3.16,F,0,1.8103917768655073
7663405,CANDIDATE,57.132855,1.81,414.0,0.742,5157.0,0.904,6.94,K,0,7.248018675068838
7464205,FALSE POSITIVE,151.31847,1.13,373.0,0.0,6003.0,1.085,4.57,F,0,0.6965441826103582
7622059,FALSE POSITIVE,10.4032399,48.03,1104.0,0.0,6428.0,1.436,350.59,F,0,101.52606401011668
12367464,FALSE POSITIVE,1.853209359,32.99,2100.0,0.991,6384.0,1.716,3158.4199999999996,F,0,2620.6968880303393
12470041,FALSE POSITIVE,14.66769462,48.03,1552.0,0.0,7517.0,2.747,1370.6,A,0,331.11542923573626
11358389,CANDIDATE,28.2251049,1.59,625.0,0.791,6014.0,1.021,36.13,F,0,7.131948692952422
5706595,CANDIDATE,150.381954,2.26,325.0,0.404,5569.0,0.954,2.63,G,0,2.633959657154076
12885212,CANDIDATE,95.906433,2.17,288.0,0.638,4620.0,0.736,1.63,K,0,8.718914611285772
8179286,FALSE POSITIVE,11.4132144,1.03,925.0,0.0,6188.0,1.155,172.97,F,0,6.693994988826287
3548044,CANDIDATE,154.608014,1.37,237.0,0.496,5670.0,0.95,0.74,G,0,1.3686224570480545
2581191,FALSE POSITIVE,154.608014,2.29,349.0,0.0,6208.0,1.009,3.51,F,0,3.2404529819521515
8168187,CANDIDATE,35.502865,2.18,724.0,0.901,5528.0,1.839,64.83,G,0,3.2645252714111948
9221398,FALSE POSITIVE,13.787520532,25.33,921.0,0.0,6399.0,1.289,170.01,F,0,352.2533285609906
9411317,FALSE POSITIVE,8.2904597,23.96,594.0,0.0,4601.0,0.566,29.41,K,0,585.8179372128183
9605514,CANDIDATE,66.789347,2.07,490.0,0.137,6297.0,1.031,13.61,F,0,5.367622474284708
9418619,CANDIDATE,6.150251376,48.03,2251.0,0.0,8914.0,2.747,3158.4199999999996,A,0,346.11593410747116
9532123,FALSE POSITIVE,8.214204254,42.29,798.0,0.0,5654.0,0.774,96.12,G,0,591.2562982147631
9549471,FALSE POSITIVE,15.71377375,10.85,728.0,0.0,5812.0,0.96,66.24,G,0,309.0727967239569
9649222,FALSE POSITIVE,5.918619554,29.98,1009.0,0.0,5957.0,0.971,245.42,G,0,820.5798591527446
9664215,FALSE POSITIVE,3.319523463,38.37,1108.0,0.0,5761.0,0.791,356.42,G,0,1463.0714480959823
7750740,FALSE POSITIVE,5.874197307,48.03,1112.0,0.0,6103.0,1.083,361.15,F,0,826.7853029404549
7779942,FALSE POSITIVE,19.7959731,3.47,1014.0,0.0,6731.0,1.876,249.43,F,0,16.8721182996556
7835312,CANDIDATE,29.5126153,1.84,678.0,0.959,5746.0,1.351,49.95,G,0,6.376934002185838
7835312,FALSE POSITIVE,154.608014,2.39,878.0,0.0,5706.8232800782525,1.0,141.3,G,0,2.7223685830412387
7838906,FALSE POSITIVE,5.614892073,48.03,3749.0,0.0,4289.0,2.747,3158.4199999999996,K,0,422.6261109115356
7908367,CONFIRMED,12.2064304,5.41,895.0,1.0,5254.0,1.514,151.44,G,1,109.54881617151563
7908367,CONFIRMED,6.6513189,4.81,1095.0,1.0,5254.0,1.514,340.06,G,1,159.12633507919762
7940533,FALSE POSITIVE,3.905532605,21.37,1017.0,0.0,5495.0,0.798,253.21,G,0,1243.543580658444
4142847,CONFIRMED,154.608014,3.23,234.0,1.0,4895.0,0.759,0.71,K,1,10.722600705549455
9221517,CANDIDATE,154.608014,1.54,196.0,0.0,5178.0,0.818,0.35,K,0,2.367277028731512
11623629,CANDIDATE,117.761,0.62,337.0,0.0,5564.0,0.85,3.06,G,0,0.45770671105034777
10730703,CANDIDATE,46.331703,1.39,441.0,0.0,5477.0,0.815,8.98,G,0,6.472889632397065
4665571,CONFIRMED,0.766691517,1.22,1541.0,1.0,4821.0,0.788,1334.22,K,1,318.25055395780515
6364215,FALSE POSITIVE,5.2438528,1.11,1016.0,0.0,5815.0,0.918,251.99,G,0,25.896989328152006
7047363,FALSE POSITIVE,93.6273251,2.39,878.0,0.0,5706.8232800782525,1.0,141.3,G,0,4.495482483884397
7289317,CANDIDATE,7.1931193,1.12,916.0,0.982,5518.0,1.008,166.3,G,0,17.461131223000844
9714358,FALSE POSITIVE,6.474202359,28.96,717.0,0.0,4947.0,0.624,62.47,K,0,750.1619088641155
9851123,FALSE POSITIVE,8.4803048,4.13,777.0,0.0,5478.0,0.812,86.01,G,0,315.1891427298698
9966115,FALSE POSITIVE,8.947426242,45.87,1141.0,0.0,6297.0,1.506,401.11,F,0,542.8041392732835
10026458,FALSE POSITIVE,9.93443795,35.54,830.0,0.0,5763.0,0.998,112.23,G,0,276.8148549360057
10139305,FALSE POSITIVE,2.173552528,23.51,1025.0,0.0,5008.0,0.594,260.75,K,0,1392.1908769255194
7375348,CANDIDATE,47.7439509,1.74,575.0,1.0,5949.0,1.292,25.84,G,0,2.0295764840022907
1432789,CANDIDATE,4.57834367,1.44,1206.0,0.961,5782.0,1.22,499.41,G,0,30.73163793315673
10288922,FALSE POSITIVE,10.157715971,42.27,853.0,0.0,5993.0,0.986,125.42,G,0,478.12913984460135
12266636,CANDIDATE,12.654896,1.02,801.0,0.958,5833.0,1.022,97.41,G,0,7.949492433600402
7974634,CANDIDATE,131.258668,1.59,433.0,0.0,6443.0,1.248,8.31,F,0,1.1656373048064148
8182107,CANDIDATE,92.552007,2.1,440.0,0.982,5808.0,1.22,8.87,G,0,3.053418387782774
7974634,CANDIDATE,75.072964,1.09,522.0,0.0,6443.0,1.248,17.51,F,0,0.9897038299966416
7974634,FALSE POSITIVE,154.608014,1.94,298.0,0.0,6443.0,1.248,1.85,F,0,1.5277345196349266
8043882,FALSE POSITIVE,0.779609509,1.07,2097.0,0.0,5899.0,1.07,3158.4199999999996,G,0,113.51836910444867
8058507,FALSE POSITIVE,15.80529628,2.39,878.0,0.0,5706.8232800782525,1.0,141.3,G,0,26.630313822880133
8095099,FALSE POSITIVE,2.103239235,48.03,1470.0,0.0,6074.0,0.965,1100.91,F,0,2309.152434577895
8163784,CANDIDATE,31.8134892,1.18,496.0,0.0,5505.0,0.776,14.31,G,0,7.361657142593463
2305866,CANDIDATE,115.230655,4.02,632.0,0.441,6585.0,2.517,37.8,F,0,1.4267036840153344
12206313,CONFIRMED,154.608014,2.57,380.0,0.955,6115.0,1.291,4.93,F,1,1.8899408409708955
5184911,CANDIDATE,106.25976,1.5,303.0,0.99,4827.0,0.823,1.99,K,0,3.3314586820071868
6436029,CANDIDATE,154.608014,3.46,181.0,0.767,4817.0,0.833,0.25,K,0,11.150780321128762
7767162,CANDIDATE,154.608014,2.16,330.0,0.0,6277.0,1.207,2.82,F,0,1.9986027373716864
9478990,CANDIDATE,154.608014,48.03,339.0,0.0,6266.0,1.522,3.11,F,0,3.9066538944093803
10793172,CANDIDATE,18.0811429,0.75,638.0,0.0,5693.0,0.856,39.18,G,0,3.937804174978342
10122538,CONFIRMED,20.9569985,2.38,363.0,1.0,3891.0,0.564,4.11,K,1,91.51596780426357
10659313,FALSE POSITIVE,15.249335907,45.92,875.0,0.0,6385.0,1.189,138.77,F,0,318.4860002835007
10710755,FALSE POSITIVE,4.816610903,26.15,1050.0,0.0,5796.0,0.904,287.3,G,0,1008.3230922753238
10727668,FALSE POSITIVE,2.305903447,39.04,3147.0,0.0,9696.0,2.492,3158.4199999999996,A,0,2106.20267137317
10735519,FALSE POSITIVE,1.814128042,48.03,3749.0,0.0,4822.0,2.747,3158.4199999999996,K,0,1137.5161797978535
8197767,FALSE POSITIVE,1.247121237,18.39,1237.0,0.0,4852.0,0.651,552.82,K,0,775.1451673819905
10935310,FALSE POSITIVE,4.128795314,48.03,1244.0,0.0,5949.0,1.083,565.91,G,0,1176.2995330700473
11021252,FALSE POSITIVE,3.269176601,48.03,1349.0,0.0,6372.0,1.015,781.57,F,0,1485.603438650086
11404644,CANDIDATE,5.902596818,25.8,1123.0,0.019,6184.0,1.094,376.53,F,0,822.807342217491
11408935,FALSE POSITIVE,15.995094054,17.09,676.0,0.0,5899.0,0.805,49.26,G,0,303.63685162485507
8165617,CANDIDATE,154.608014,1.54,397.0,0.0,6698.0,1.37,5.89,F,0,0.7968539069391319
8181016,FALSE POSITIVE,0.70914232,7.27,1685.0,0.0,5350.0,0.693,1903.76,G,0,3609.9946763859757
8197761,FALSE POSITIVE,9.86869589,21.68,1332.0,0.0,7301.0,1.717,743.72,F,0,492.1318940348865
4840513,FALSE POSITIVE,66.34455122,2.39,878.0,0.0,5706.8232800782525,1.0,141.3,G,0,6.344153246350047
8223568,CANDIDATE,143.09688,1.48,441.0,0.0,6725.0,1.31,8.94,F,0,0.8735340700649797
8223568,CANDIDATE,73.4567573,2.39,878.0,0.0,5706.8232800782525,1.0,141.3,G,0,5.729901720015075
8265156,FALSE POSITIVE,0.978362973,1.04,2772.0,0.001,7193.0,1.671,3158.4199999999996,F,0,37.920486592249645
8355178,CANDIDATE,13.0327301,1.64,809.0,0.989,6122.0,0.996,101.4,F,0,18.591653332865384
10122538,CONFIRMED,37.6333868,2.25,299.0,1.0,3891.0,0.564,1.88,K,1,44.15494169661074
4770174,CANDIDATE,31.9533679,1.65,725.0,0.999,6313.0,1.467,65.15,F,0,3.3204637561851498
9838804,CANDIDATE,154.608014,2.11,208.0,0.0,5536.0,0.816,0.45,G,0,4.417623526294051
9020114,CANDIDATE,67.8766605,1.92,455.0,0.0,6018.0,0.975,10.11,F,0,5.733929706220594
6609270,FALSE POSITIVE,15.0367776,8.02,381.0,0.022,3729.0,0.514,4.96,K,0,33.4845678637955
7983117,CANDIDATE,25.0901574,1.35,852.0,1.0,6033.0,1.788,124.33,F,0,1.5025812472583375
11125797,CONFIRMED,12.25384348,1.0,678.0,1.0,5413.0,0.82,50.05,G,1,12.053361073288329
9966219,CANDIDATE,154.608014,2.2,283.0,0.0,5896.0,1.072,1.52,G,0,2.499223617218186
11974540,CANDIDATE,143.21109362,2.39,878.0,0.0,5706.8232800782525,1.0,141.3,G,0,2.939018126045646
7219825,CANDIDATE,154.608014,1.96,296.0,0.784,6086.0,1.216,1.81,F,0,1.6855529882170275
9958962,CANDIDATE,154.608014,2.68,298.0,0.744,6004.0,0.977,1.86,F,0,3.918296240452322
11519226,FALSE POSITIVE,22.16127178,48.03,877.0,0.0,5893.0,1.745,139.67,G,0,219.15258511395774
1718189,CANDIDATE,86.723653,1.43,391.0,0.149,5830.0,0.876,5.5,G,0,2.7789419802230886
11756821,FALSE POSITIVE,2.745121487,9.55,893.0,0.0,4608.0,0.658,150.25,K,0,1769.2113165117635
11769146,FALSE POSITIVE,154.608014,48.03,280.0,0.0,5999.0,0.959,1.45,G,0,31.4129900148643
11812199,FALSE POSITIVE,37.32030954,36.96,538.0,0.0,5910.0,0.94,19.77,G,0,115.88864222480402
8263187,CANDIDATE,36.566324,15.41,828.0,0.175,5294.0,2.747,110.92,G,0,80.48389004046454
11826400,FALSE POSITIVE,5.889372452,48.03,1695.0,0.0,7249.0,2.071,1951.4,F,0,824.6549253903428
12010534,FALSE POSITIVE,2.581595167,40.94,1328.0,0.0,5720.0,0.989,735.27,G,0,1881.2787001161905
2019477,CANDIDATE,20.5736113,3.86,1197.0,0.283,5440.0,2.747,484.82,G,0,3.694052487518319
7116117,FALSE POSITIVE,0.566801886,0.54,3749.0,0.0,7589.0,2.169,3158.4199999999996,A,0,10.409280818800946
7868092,FALSE POSITIVE,154.608014,1.28,546.0,0.0,7608.0,1.991,20.98,A,0,0.20180066474432562
3337061,FALSE POSITIVE,6.5583706,39.06,1283.0,0.0,6144.0,1.606,639.83,F,0,20.73685802385123
9826171,FALSE POSITIVE,154.608014,1.59,236.0,0.0,5971.0,0.868,0.73,G,0,0.7780967938699478
3936658,FALSE POSITIVE,71.1577054,2.39,878.0,0.0,5706.8232800782525,1.0,141.3,G,0,5.915030531605646
4577484,FALSE POSITIVE,73.26417,1.32,584.0,0.0,5424.0,2.11,27.47,G,0,0.5241306903497304
4735826,CONFIRMED,11.3220104,0.91,1215.0,0.0,6003.0,2.193,515.77,F,1,1.510332475935546
5005618,FALSE POSITIVE,154.608014,48.03,220.0,0.0,6095.0,1.035,0.56,F,0,31.4129900148643
10467815,FALSE POSITIVE,154.608014,3.17,606.0,0.0,9030.0,2.747,31.87,A,0,0.6002276182138916
10847721,FALSE POSITIVE,154.608014,2.36,706.0,0.0,8914.0,2.747,58.73,A,0,0.40424812649103686
10118942,FALSE POSITIVE,121.70747,3.02,580.0,0.0,6362.0,2.27,26.67,F,0,0.8068526935939101
9471539,FALSE POSITIVE,154.608014,48.03,557.0,0.0,7682.0,2.747,22.75,A,0,2.642165754745417
5482603,FALSE POSITIVE,3.88258905,0.78,1158.0,0.0,5780.0,1.0,426.41,G,0,14.886973423056451
2305819,FALSE POSITIVE,135.57186,0.83,439.0,0.0,6070.0,1.277,8.77,F,0,0.30389787379180316
9518710,CANDIDATE,0.954388314,2.27,3406.0,0.0,7056.0,2.747,3158.4199999999996,F,0,59.93367601104135
10284575,FALSE POSITIVE,154.608014,30.29,518.0,0.0,7296.0,1.818,17.08,F,0,3.7300783127580956
3342952,FALSE POSITIVE,1.039046871,0.48,1774.0,0.005,5689.0,0.976,2348.45,G,0,23.483059986039837
10338624,FALSE POSITIVE,0.607538435,1.34,3219.0,0.0,7076.0,1.691,3158.4199999999996,F,0,57.444925274563076
5307990,FALSE POSITIVE,0.98762513,1.14,3728.0,0.001,9456.0,2.022,3158.4199999999996,A,0,28.95835588954688
2142501,FALSE POSITIVE,113.0707574,2.39,878.0,0.0,5706.8232800782525,1.0,141.3,G,0,3.722447869620443
2713018,FALSE POSITIVE,66.713573,0.98,555.0,0.0,6745.0,1.182,22.47,F,0,0.957826078360396
8413968,FALSE POSITIVE,135.223193,0.92,417.0,0.0,6181.0,1.227,7.18,F,0,0.41634869544901215
9008103,FALSE POSITIVE,154.608014,2.39,878.0,0.0,5706.8232800782525,1.0,141.3,G,0,2.7223685830412387
4376629,FALSE POSITIVE,27.6775212,23.04,558.0,0.0,5797.0,0.828,22.91,G,0,10.61872549482502
3958301,FALSE POSITIVE,35.2340413,2.21,602.0,0.0,6295.0,1.014,31.14,F,0,13.211655059279277
8211605,FALSE POSITIVE,20.9794338,24.76,520.0,0.0,5182.0,0.666,17.28,K,0,113.83529330519873
11098573,FALSE POSITIVE,15.6937855,1.99,755.0,0.0,5868.0,1.037,76.79,G,0,23.4296562801881
7289338,CANDIDATE,5.77451117,1.87,1232.0,0.966,5821.0,1.492,544.74,G,0,27.067226194316984
9837586,FALSE POSITIVE,20.73376301,48.03,663.0,0.0,5780.0,1.0,45.6,G,0,234.24112630483856
6021655,FALSE POSITIVE,63.571688,2.14,399.0,0.0,5504.0,0.819,6.02,G,0,9.296591275034258
8308682,FALSE POSITIVE,154.608014,2.08,223.0,0.0,5381.0,0.811,0.59,G,0,4.38657727017954
11442793,CONFIRMED,124.922516,3.37,407.0,0.995,5970.0,1.2,6.45,G,1,3.99207457525111
3344427,FALSE POSITIVE,1.303570451,48.03,2720.0,0.0,4884.0,2.747,3158.4199999999996,K,0,3725.6904651945047
6205481,FALSE POSITIVE,3.72277264,22.78,945.0,0.0,5333.0,0.688,188.82,G,0,299.4005027392701
4474637,FALSE POSITIVE,3.886730304,48.03,1158.0,0.0,5780.0,1.0,424.65,G,0,1249.5593005261421
8435232,FALSE POSITIVE,49.5740154,5.01,280.0,0.0,4040.0,0.527,1.46,K,0,97.96866283298891
6462874,FALSE POSITIVE,10.42360821,1.67,515.0,0.0,4260.0,0.58,16.64,K,0,84.26064970068556
8218379,CANDIDATE,10.1384691,0.74,723.0,0.847,5483.0,0.779,64.55,G,0,9.153255692222803
11450414,CONFIRMED,85.517344,3.04,482.0,0.017,5592.0,1.451,12.75,G,1,3.159592982681969
5217733,FALSE POSITIVE,154.608014,48.03,652.0,0.0,9341.0,1.87,42.81,A,0,31.4129900148643
4150611,FALSE POSITIVE,0.761119678,27.81,2977.0,1.0,6911.0,1.501,3158.4199999999996,F,0,1461.0054530740958
4150611,FALSE POSITIVE,94.212787,35.89,597.0,0.0,6911.0,1.501,30.09,F,0,51.55032723954976
5706592,CANDIDATE,8.6040858,0.94,947.0,0.0,6250.0,0.986,189.96,F,0,10.181209490030886
5716244,FALSE POSITIVE,1.330333096,24.3,1634.0,0.672,5984.0,0.906,1691.25,G,0,3650.739814414119
5725851,FALSE POSITIVE,1.140133012,48.03,3749.0,0.0,6715.0,2.747,3158.4199999999996,F,0,195.76663218308778
5731312,FALSE POSITIVE,7.946367138,36.01,629.0,0.0,4789.0,0.573,36.92,K,0,611.1849497583584
5735878,FALSE POSITIVE,16.832079803,48.03,1243.0,0.0,6300.0,2.747,565.17,F,0,288.5383183089701
5736461,FALSE POSITIVE,7.346159047,44.48,835.0,0.0,5616.0,0.81,114.57,G,0,661.120997915688
5737869,FALSE POSITIVE,26.2402438,1.16,583.0,0.112,5649.0,0.875,27.36,G,0,6.631035950969328
5771589,FALSE POSITIVE,10.738427243,6.96,1137.0,0.0,6180.0,1.686,394.4,F,0,156.83860977852882
8364232,CANDIDATE,65.415183,1.31,295.0,0.529,4348.0,0.646,1.79,K,0,6.37619556915403
6670742,CANDIDATE,72.28198,13.11,984.0,0.0,7694.0,2.747,221.28,A,0,17.500904098089176
6672229,FALSE POSITIVE,23.832382513,48.03,623.0,0.0,5722.0,1.0,35.58,G,0,203.78575232043147
6676725,FALSE POSITIVE,1.428766771,1.01,1737.0,0.0,6197.0,1.035,2157.42,F,0,64.53117602634951
6695622,FALSE POSITIVE,14.5567427,1.38,783.0,0.0,6153.0,0.993,89.02,F,0,12.715756801829025
6695889,FALSE POSITIVE,1.106560721,47.63,1782.0,0.001,6205.0,0.873,2382.7,F,0,4389.0045144662245
6697716,FALSE POSITIVE,0.721624431,40.61,1604.0,0.0,5067.0,0.715,1560.97,K,0,6730.232225189172
6697976,CANDIDATE,154.608014,2.39,878.0,0.0,5706.8232800782525,1.0,141.3,G,0,2.7223685830412387
6698670,FALSE POSITIVE,10.81589054,32.48,1086.0,0.0,6269.0,1.508,328.64,F,0,449.0337602843381
7541746,FALSE POSITIVE,4.1747072,2.39,878.0,0.0,5706.8232800782525,1.0,1914.16,G,0,100.82144204029446
7584778,FALSE POSITIVE,0.622303871,0.77,2032.0,0.0,5672.0,0.853,3158.4199999999996,G,0,130.00079827560643
7588436,FALSE POSITIVE,23.3924063,0.84,701.0,0.0,6221.0,1.05,57.23,F,0,2.6632574349565736
7592529,CANDIDATE,75.906736,0.63,507.0,0.0,6140.0,1.206,15.65,F,0,0.35438225139861107
7592922,CANDIDATE,2.15888911,0.72,1130.0,0.952,5269.0,0.713,384.49,G,0,47.43180162690246
7597703,FALSE POSITIVE,4.608901433,48.03,1007.0,0.0,5938.0,0.755,242.9,G,0,1053.7652129476555
7602351,CANDIDATE,17.5806026,1.87,816.0,0.786,5839.0,1.358,104.96,G,0,7.895064984860077
7605600,FALSE POSITIVE,3.326193904,14.72,521.0,0.0,3520.0,0.349,17.41,M,0,1460.1373642587253
8312222,FALSE POSITIVE,12.823275455,44.29,743.0,0.0,5973.0,0.826,72.0,G,0,378.74098681287353
8314801,FALSE POSITIVE,37.183276326,48.03,594.0,0.0,5657.0,1.168,29.41,G,0,130.6151711166992
8316503,FALSE POSITIVE,5.065329723,48.03,1315.0,0.0,6350.0,1.286,705.6,F,0,958.8122127464515
8330575,FALSE POSITIVE,0.957079167,48.03,2441.0,0.0,6367.0,1.468,3158.4199999999996,F,0,5074.501846303379
8345358,FALSE POSITIVE,9.380632783,46.72,846.0,0.0,5926.0,0.913,120.99,G,0,517.7369280248906
8358008,FALSE POSITIVE,10.064687893,30.11,679.0,0.0,5185.0,0.705,50.11,K,0,482.548495455864
8362974,CANDIDATE,2.71772323,0.72,1123.0,1.0,5135.0,0.874,375.05,K,0,25.86724035177048
8364119,FALSE POSITIVE,7.73591011,48.03,806.0,0.0,5623.0,0.763,99.92,G,0,627.8123622095707
9278021,FALSE POSITIVE,3.359470825,48.03,2421.0,0.0,6587.0,2.747,3158.4199999999996,F,0,806.0197992640702
9284741,FALSE POSITIVE,20.729255112,48.03,567.0,0.0,5256.0,0.802,24.47,G,0,234.2920656704396
9286728,FALSE POSITIVE,3.04459739,0.62,1076.0,0.0,5525.0,0.753,317.36,G,0,21.710588144463987
9291368,FALSE POSITIVE,3.796448299,48.03,2577.0,0.0,8117.0,2.747,3158.4199999999996,A,0,1279.2746318392574
9291368,FALSE POSITIVE,3.79654367,48.03,2577.0,0.0,8117.0,2.747,3158.4199999999996,A,0,1279.2424958462284
9291748,FALSE POSITIVE,15.926990634,48.03,566.0,0.0,5191.0,0.65,24.16,K,0,304.9351953301337
9301564,CANDIDATE,23.9830523,1.17,718.0,0.55,5696.0,1.292,62.83,G,0,3.46911639766553
9304561,FALSE POSITIVE,1.219049953,2.48,2948.0,0.0,5742.0,2.747,3158.4199999999996,G,0,43.886634725952035
9328852,FALSE POSITIVE,0.64585177,48.03,1234.0,0.0,4399.0,0.463,543.24,K,0,7519.836943390276
10089123,CANDIDATE,134.413808,1.69,391.0,0.0,6013.0,1.187,5.51,F,0,1.5333246120071236
10091257,FALSE POSITIVE,1.70192371,40.15,1704.0,0.0,5826.0,1.262,1993.63,G,0,2853.6531757936436
10093664,FALSE POSITIVE,1.20693963,0.97,2847.0,0.0,7331.0,2.041,3158.4199999999996,F,0,16.570837101438123
10095512,FALSE POSITIVE,3.008602107,48.03,1343.0,0.0,6033.0,1.026,768.47,F,0,1614.2712885496226
10098534,FALSE POSITIVE,41.81145,1.4,483.0,0.0,5593.0,0.812,12.88,G,0,7.222901860614736
10129482,FALSE POSITIVE,0.846291334,30.8,1243.0,0.0,4627.0,0.526,562.86,K,0,5738.80389043426
10155080,FALSE POSITIVE,1.930451347,48.03,1623.0,0.0,6154.0,1.168,1637.68,F,0,2515.836520587535
10156064,FALSE POSITIVE,2.427967843,48.03,2275.0,0.0,7652.0,1.921,3158.4199999999996,A,0,2000.314795767252
8555967,CANDIDATE,154.608014,1.62,253.0,0.837,5995.0,0.878,0.97,G,0,2.2075181691422543
11198723,FALSE POSITIVE,6.840305932,48.03,945.0,0.0,5970.0,0.908,188.58,G,0,710.0121030083776
11199725,FALSE POSITIVE,1.032967155,21.22,3749.0,0.337,5283.0,2.747,3158.4199999999996,G,0,123.23721948351785
11200773,FALSE POSITIVE,2.489550708,36.91,1281.0,0.0,6018.0,0.794,636.43,F,0,1950.833933365297
11228612,FALSE POSITIVE,2.980479588,48.03,1370.0,0.0,6065.0,1.047,833.83,F,0,1629.5028556994766
11232745,FALSE POSITIVE,4.81712182,43.45,922.0,0.0,5419.0,0.795,170.42,G,0,1008.2161467944774
11233911,FALSE POSITIVE,2.479948394,35.62,1169.0,0.0,5391.0,0.822,441.85,G,0,1958.3875260268821
11234677,FALSE POSITIVE,1.58742695,37.64,1893.0,0.0,6440.0,1.241,3023.98,F,0,3059.4793669088203
11235323,FALSE POSITIVE,19.668404822,42.91,555.0,0.0,5260.0,0.717,22.36,G,0,246.9290236779935
3765917,CANDIDATE,11.8187288,2.09,919.0,1.0,5803.0,1.328,168.38,G,0,21.068255665533165
3547760,CANDIDATE,5.78901936,0.78,849.0,0.0,5289.0,0.748,122.75,G,0,19.053313374996208
8652360,FALSE POSITIVE,0.968065631,0.68,1487.0,0.0,5367.0,0.687,1157.58,G,0,95.5513727973677
5476671,FALSE POSITIVE,0.824181335,18.2,1912.0,0.0,5977.0,0.883,3155.32,G,0,272.634177040663
11290515,CANDIDATE,12.26708306,2.39,878.0,0.0,5706.8232800782525,1.0,141.3,G,0,34.311335297993814
4919550,FALSE POSITIVE,2.45261841,0.69,1108.0,0.0,5216.0,0.751,355.92,G,0,34.860702199491364
8216763,CANDIDATE,6.33342309,7.62,625.0,0.804,4352.0,0.613,36.11,K,0,19.46814514802926
6767227,CANDIDATE,5.522479,0.76,1288.0,0.0,6532.0,1.247,650.66,F,0,5.993685082369712
8094120,FALSE POSITIVE,0.706423768,1.16,2845.0,0.0,6514.0,1.585,3158.4199999999996,F,0,65.25827992808985
3854496,CANDIDATE,9.4588054,1.78,943.0,1.0,6247.0,1.066,187.04,F,0,28.544830830328745
3858757,FALSE POSITIVE,25.9534494,2.06,554.0,0.0,5591.0,0.86,22.3,G,0,20.3787940419203
3858767,FALSE POSITIVE,3.49550335,0.66,1081.0,0.0,5582.0,0.85,322.8,G,0,17.422383531687935
3858884,FALSE POSITIVE,25.95193721,48.03,904.0,0.0,6569.0,1.729,157.59,F,0,187.14209889998418
3936061,CANDIDATE,71.008017,1.11,419.0,0.0,5847.0,0.849,7.27,G,0,2.396912450040676
3938073,FALSE POSITIVE,31.024310431,48.03,783.0,0.0,6011.0,1.741,88.89,F,0,156.54497819706916
3972391,FALSE POSITIVE,0.634131057,0.58,2488.0,0.0,6428.0,1.109,3158.4199999999996,F,0,42.7356454172217
3972432,CANDIDATE,2.90805147,0.97,1220.0,0.999,5889.0,0.869,523.63,G,0,35.45329271630808
3973002,FALSE POSITIVE,1.992098705,45.85,1435.0,0.0,6024.0,0.9,1006.31,F,0,2437.981605936539
5025217,FALSE POSITIVE,1.78752921,5.86,3749.0,0.0,6286.0,2.747,3158.4199999999996,F,0,35.18823616873931
5025234,FALSE POSITIVE,1.77555333,1.26,1786.0,0.0,6594.0,1.138,2402.56,F,0,47.027593364373914
5025294,FALSE POSITIVE,5.462689263,36.25,1024.0,0.0,5929.0,0.888,260.14,G,0,766.03295529607
5026187,FALSE POSITIVE,3.58966681,48.03,2410.0,0.125,6564.0,2.747,3158.4199999999996,F,0,117.36465312779265
5031804,FALSE POSITIVE,1.37347867,4.25,2505.0,0.0,6877.0,1.753,3158.4199999999996,F,0,211.06989597443112
5031882,FALSE POSITIVE,1.00960235,1.94,2885.0,0.0,6028.0,2.412,3158.4199999999996,F,0,31.596598403321863
5036516,FALSE POSITIVE,1.060996585,48.03,1968.0,0.0,5433.0,1.348,3158.4199999999996,G,0,4577.488814443262
5036530,FALSE POSITIVE,2.735152701,3.27,1679.0,0.0,6333.0,1.523,1875.08,F,0,103.57739803573767
5781192,FALSE POSITIVE,9.459993213,48.03,766.0,0.0,5569.0,0.829,81.31,G,0,513.393603002366
5802285,FALSE POSITIVE,1.208524388,26.71,1286.0,0.0,4963.0,0.701,647.48,K,0,3938.356600214509
5802470,FALSE POSITIVE,3.79187443,47.49,1004.0,0.0,5622.0,0.723,240.31,G,0,1280.817730032268
5807579,FALSE POSITIVE,17.844323157,48.03,874.0,0.0,5993.0,1.485,138.25,G,0,272.1705921412214
5809372,FALSE POSITIVE,34.6506368,12.35,1191.0,0.97,6681.0,2.747,476.15,F,0,14.501897985320719
5860347,CANDIDATE,2.56271232,0.48,1171.0,0.831,5190.0,0.899,443.49,K,0,11.472220182716411
5871918,FALSE POSITIVE,12.643303542,34.94,443.0,0.0,3977.0,0.562,9.07,K,0,384.1321996159032
5894825,FALSE POSITIVE,1.36293943,31.28,2630.0,0.0,6831.0,2.106,3158.4199999999996,F,0,39.913732630069994
8374394,FALSE POSITIVE,154.608014,14.63,670.0,0.229,4992.0,2.747,47.72,K,0,3.7604777718702214
6706287,FALSE POSITIVE,1.267693801,48.03,1606.0,0.0,5446.0,0.961,1572.85,G,0,3831.1301957687806
6715997,CANDIDATE,15.08186,0.98,758.0,0.0,5794.0,1.012,78.11,G,0,5.410473244016321
6763884,CANDIDATE,2.44693823,0.56,1379.0,0.971,5821.0,1.033,855.53,G,0,10.788993230940692
6766748,FALSE POSITIVE,7.002865192,48.03,1197.0,0.0,6818.0,1.216,486.09,F,0,693.5304146006185
6768616,CANDIDATE,13.05609,1.3,814.0,0.955,6078.0,0.994,103.85,F,0,13.082017663787552
6774408,FALSE POSITIVE,0.85450941,0.35,1928.0,0.0,5922.0,0.921,3158.4199999999996,G,0,16.032591144900323
6778289,FALSE POSITIVE,30.130130001,48.03,753.0,0.0,6674.0,1.347,76.07,F,0,161.19080799979318
6781047,FALSE POSITIVE,7.0435762,2.39,878.0,0.0,5706.8232800782525,1.0,567.89,G,0,59.7565764958999
6781535,FALSE POSITIVE,9.12208711,48.03,904.0,0.0,5857.0,1.039,157.73,G,0,532.411052584215
8440062,FALSE POSITIVE,154.608014,3.35,383.0,0.315,6295.0,2.049,5.09,F,0,1.5937078138782639
7622072,FALSE POSITIVE,6.373454978,48.03,1169.0,0.0,5953.0,1.254,441.1,G,0,762.0199745294254
7630658,FALSE POSITIVE,1.075577069,48.03,2094.0,0.0,6011.0,1.267,3158.4199999999996,F,0,4515.436540977427
7631194,FALSE POSITIVE,0.811390968,14.74,3749.0,0.0,4994.0,2.747,3158.4199999999996,K,0,172.41996216058448
7662209,FALSE POSITIVE,14.6494599,1.0,574.0,0.0,5017.0,0.688,25.65,K,0,15.085880401638562
7663804,FALSE POSITIVE,154.608014,3.7,351.0,0.0,5258.0,2.004,3.59,G,0,1.986313594326359
7668648,FALSE POSITIVE,27.81892382,48.03,610.0,0.0,6126.0,0.915,32.75,F,0,174.58259821353508
7670485,FALSE POSITIVE,8.467706136,43.98,844.0,0.0,5873.0,0.843,120.02,G,0,573.5555677058749
7670617,FALSE POSITIVE,24.70361995,30.13,464.0,0.0,5030.0,0.65,10.99,K,0,196.59871750901024
8367298,FALSE POSITIVE,5.1348689,16.17,1040.0,0.0,5515.0,1.001,276.25,G,0,22.551695526248004
8374499,FALSE POSITIVE,5.251918489,48.03,1060.0,0.0,6099.0,0.919,299.43,F,0,924.7477869605602
8378656,FALSE POSITIVE,3.62944008,40.08,1351.0,0.0,6284.0,1.093,787.91,F,0,1338.1402896724499
8378922,FALSE POSITIVE,43.263305017,48.03,505.0,0.0,5623.0,0.917,15.38,G,0,112.25910729870488
8379547,FALSE POSITIVE,6.042029838,23.94,729.0,0.0,5030.0,0.587,66.7,K,0,803.8192677326529
8381592,FALSE POSITIVE,2.892087553,47.55,1225.0,0.0,5622.0,0.924,531.42,G,0,1679.30600681922
8382339,FALSE POSITIVE,5.40597608,31.78,2818.0,0.0,4840.0,2.747,3158.4199999999996,K,0,85.27599700367153
8394475,CANDIDATE,3.64049242,0.61,1136.0,0.914,5745.0,0.936,393.32,G,0,11.564369635468159
8398290,FALSE POSITIVE,0.510804497,1.58,3622.0,0.0,6596.0,2.176,3158.4199999999996,F,0,83.5936258407686
9328864,FALSE POSITIVE,0.645850521,0.69,1941.0,0.0,5381.0,0.911,3158.4199999999996,G,0,85.00418938270083
9334490,FALSE POSITIVE,18.84497113,5.35,552.0,0.0,5220.0,0.695,21.89,G,0,219.86767564764105
9340411,CANDIDATE,5.1581317,2.02,1642.0,0.979,5155.0,2.747,1720.62,K,0,7.347621620440594
9344623,FALSE POSITIVE,14.759477667,48.03,862.0,0.0,6522.0,1.105,130.69,F,0,329.05636023006826
9353182,FALSE POSITIVE,10.476258265,48.03,1077.0,0.0,6109.0,1.536,318.44,F,0,463.591091127038
9357275,FALSE POSITIVE,1.588298157,48.03,2773.0,0.0,7742.0,2.094,3158.4199999999996,A,0,3057.8011934317187
9357375,FALSE POSITIVE,1.58826263,0.47,862.0,0.0,3931.0,0.544,130.67,K,0,49.67692276434157
9392702,FALSE POSITIVE,3.909314318,42.54,1364.0,0.0,6425.0,1.143,819.78,F,0,1242.340626753359
9394920,FALSE POSITIVE,1.38385822,2.39,878.0,0.0,5706.8232800782525,1.0,3158.4199999999996,G,0,304.14965486854567
8524110,FALSE POSITIVE,0.79708975,0.54,2262.0,0.0,6056.0,1.196,3158.4199999999996,F,0,24.213082654744966
10163067,CANDIDATE,25.9136674,3.37,966.0,0.983,6167.0,2.346,205.72,F,0,4.233287334698137
10164018,FALSE POSITIVE,8.5412411,1.4,767.0,0.001,5602.0,0.732,81.55,G,0,34.983206363300056
10189523,FALSE POSITIVE,1.013922622,31.98,1392.0,0.0,5110.0,0.647,883.9,K,0,4790.01049450892
10198109,FALSE POSITIVE,17.918743061,48.03,942.0,0.001,5870.0,1.63,186.0,G,0,271.0402165747088
10208759,FALSE POSITIVE,2.287515702,48.03,1801.0,0.0,6773.0,1.391,2484.21,F,0,2123.132967242032
10214328,FALSE POSITIVE,154.608014,4.66,322.0,0.0,6917.0,1.837,2.53,F,0,2.1868206650659134
10215422,FALSE POSITIVE,24.847087207,48.03,569.0,0.0,5644.0,0.854,24.75,G,0,195.46355512575957
10257903,FALSE POSITIVE,0.85574731,2.39,878.0,0.0,5706.8232800782525,1.0,141.3,G,0,491.8508011436226
10258558,FALSE POSITIVE,20.867855659,48.03,716.0,0.0,6095.0,1.016,62.09,F,0,232.73593987628414
11240948,FALSE POSITIVE,3.401949837,14.32,2076.0,0.136,7094.0,2.17,3158.4199999999996,F,0,728.1118531084326
11241560,CANDIDATE,6.96197304,0.97,778.0,1.0,5008.0,0.814,86.68,K,0,21.73234500201397
11244571,CANDIDATE,7.8935324,0.78,1052.0,0.851,6306.0,1.109,289.79,F,0,6.03025332486125
11250867,FALSE POSITIVE,2.252822538,48.03,1462.0,0.0,6116.0,0.951,1078.82,F,0,2155.8289293002445
11251058,FALSE POSITIVE,2.25284817,8.61,1940.0,0.0,6850.0,1.53,3158.4199999999996,F,0,26.63295325401356
11282568,CANDIDATE,1.320499473,18.94,3749.0,1.0,5172.0,2.747,3158.4199999999996,K,0,154.4869984207862
11285625,FALSE POSITIVE,5.39525573,48.03,1992.0,0.0,7216.0,2.747,3158.4199999999996,F,0,900.179758485702
11286311,CANDIDATE,13.1538409,1.03,750.0,0.635,5443.0,1.008,74.8,G,0,7.952049959795392
4732015,FALSE POSITIVE,0.939740093,34.87,3749.0,0.0,4297.0,2.747,3158.4199999999996,K,0,113.32920750461159
8043638,CANDIDATE,36.0484798,1.24,566.0,0.0,5602.0,1.1,24.28,G,0,3.5396776981424884
11176166,CANDIDATE,4.2742605,1.88,1326.0,0.036,6477.0,1.148,730.69,F,0,61.71827851858819
9214712,FALSE POSITIVE,154.608014,7.1,270.0,0.0,5873.0,0.863,1.25,G,0,31.4129900148643
9214715,FALSE POSITIVE,154.608014,4.69,296.0,0.0,6108.0,0.997,1.81,F,0,9.895994136500583
7838906,FALSE POSITIVE,35.4261827,48.03,2217.0,0.001,4289.0,2.747,3158.4199999999996,K,0,8.965120591443233
1026032,FALSE POSITIVE,8.460438928,36.62,804.0,0.0,5951.0,0.702,98.6,G,0,574.0482309879513
1293379,CANDIDATE,27.556452,1.4,531.0,0.0,5509.0,0.836,18.86,G,0,10.494819870134224
3973504,FALSE POSITIVE,4.318726936,29.74,1091.0,0.0,5896.0,0.916,334.31,G,0,1124.5675107438651
4042088,FALSE POSITIVE,3.22598684,2.39,878.0,0.0,5706.8232800782525,1.0,141.3,G,0,130.4717039701253
4055092,FALSE POSITIVE,76.45315813,22.89,291.0,0.0,4831.0,0.54,1.7,K,0,63.52517173642097
4067549,FALSE POSITIVE,7.698431197,42.72,878.0,0.0,5774.0,0.876,140.16,G,0,630.8687933578735
4069063,FALSE POSITIVE,0.504296702,48.03,2694.0,0.0,6140.0,1.187,3158.4199999999996,F,0,9630.64001953358
4069213,FALSE POSITIVE,5.194256813,41.77,1546.0,0.0,6100.0,2.086,1349.96,F,0,935.0134532903388
4075064,FALSE POSITIVE,61.42252657,41.01,326.0,0.0,4867.0,0.613,2.66,K,0,79.07033903050335
4076061,CANDIDATE,154.608014,2.79,203.0,0.0,5829.0,0.802,0.4,G,0,7.761564028627908
4076952,FALSE POSITIVE,9.761172507,48.03,1325.0,0.0,6468.0,2.048,729.48,F,0,497.55293193692967
5036530,FALSE POSITIVE,1.36513839,2.39,878.0,0.0,5706.8232800782525,1.0,141.3,G,0,308.320389407553
5036538,FALSE POSITIVE,1.061008464,32.58,1002.0,0.0,4239.0,0.454,238.59,K,0,4577.437565097502
5038469,FALSE POSITIVE,1.36840167,2.39,878.0,0.0,5706.8232800782525,1.0,141.3,G,0,307.5851259374742
5039687,FALSE POSITIVE,5.8957069,32.41,1002.0,0.0,5956.0,0.934,238.37,G,0,21.999058331749833
5042785,FALSE POSITIVE,1.67473779,2.39,878.0,0.0,5706.8232800782525,1.0,3158.4199999999996,G,0,251.32292500547203
5078879,FALSE POSITIVE,1.039370613,12.6,3320.0,0.0,6429.0,2.747,3158.4199999999996,F,0,715.4329655845293
5080346,FALSE POSITIVE,2.31169425,1.76,3178.0,0.0,9451.0,2.679,3158.4199999999996,A,0,16.611193283886916
5080652,FALSE POSITIVE,2.072177815,46.55,1204.0,0.0,5519.0,0.718,495.23,G,0,2343.7660440351738
5894972,FALSE POSITIVE,3.34328534,48.03,2094.0,0.0,6541.0,2.652,3158.4199999999996,F,0,49.891045195681684
5951140,CANDIDATE,0.52740121,1.49,1027.0,0.0,3582.0,0.41,263.23,M,0,2495.25404008838
5952309,FALSE POSITIVE,0.905678252,0.78,1901.0,0.0,6075.0,0.909,3074.42,F,0,77.73179917320131
5952457,FALSE POSITIVE,0.905672916,0.76,1468.0,0.0,4949.0,0.741,1096.04,K,0,121.89831234834013
5962514,FALSE POSITIVE,0.790046373,48.03,2541.0,0.0,6785.0,1.342,3158.4199999999996,F,0,6147.360668916076
5962716,FALSE POSITIVE,1.804591904,48.03,1923.0,0.0,6271.0,1.515,3158.4199999999996,F,0,2691.3010023123766
5966732,CANDIDATE,1.400903699,1.16,1764.0,0.965,6375.0,0.975,2284.73,F,0,97.43710441869567
5977541,FALSE POSITIVE,1.14073528,0.68,3190.0,0.0,8847.0,1.685,3158.4199999999996,A,0,11.834472236187874
5977804,FALSE POSITIVE,3.31976683,0.7,1276.0,0.0,6100.0,0.94,626.66,F,0,14.458846797984304
6792124,FALSE POSITIVE,0.52880817,1.84,3558.0,0.0,6224.0,2.368,3158.4199999999996,F,0,109.11329149850313
6804648,FALSE POSITIVE,0.700606479,1.22,3312.0,0.0,6280.0,2.449,3158.4199999999996,F,0,33.54236751213373
6806632,FALSE POSITIVE,9.469191607,48.03,1679.0,0.0,9454.0,1.832,1875.84,A,0,512.894891303048
6841577,FALSE POSITIVE,15.53753378,40.9,694.0,0.0,5704.0,0.868,54.73,G,0,312.57856418961234
6842345,CANDIDATE,17.3816224,26.55,756.0,0.946,6116.0,1.02,77.09,F,0,279.41580413114946
6852488,FALSE POSITIVE,2.172042913,48.03,2169.0,0.0,7128.0,1.775,3158.4199999999996,F,0,2236.0055461758734
6853172,CANDIDATE,28.655498,1.45,658.0,0.979,6268.0,1.1,44.37,F,0,6.058174246352305
6859546,CANDIDATE,13.4450174,1.08,606.0,0.718,5003.0,0.759,31.92,K,0,14.59276653669485
8460634,FALSE POSITIVE,6.35216475,18.1,2698.0,0.0,4820.0,2.747,3158.4199999999996,K,0,29.2341284126801
7671594,FALSE POSITIVE,0.705174384,48.03,751.0,0.0,3354.0,0.25,75.23,M,0,6887.23259125079
7677005,FALSE POSITIVE,38.058140058,48.03,736.0,0.0,6894.0,1.419,69.39,F,0,127.61264719186136
7687365,CANDIDATE,26.1556767,1.28,501.0,0.0,5204.0,0.76,14.92,G,0,11.278622357340883
7691527,FALSE POSITIVE,4.800232532,48.03,941.0,0.0,5591.0,0.756,184.84,G,0,1011.7634859610588
7695445,FALSE POSITIVE,1.74336627,48.03,2029.0,0.0,6640.0,1.478,3158.4199999999996,F,0,258.69492129155395
7700500,CANDIDATE,4.60687717,1.14,865.0,0.909,5110.0,0.711,132.78,K,0,56.155176370808256
7700578,FALSE POSITIVE,1.507100589,48.03,2378.0,0.0,6919.0,1.748,3158.4199999999996,F,0,3222.5453532750225
7707736,FALSE POSITIVE,0.758355704,8.78,1765.0,0.0,5629.0,0.783,2292.94,G,0,6404.250636453313
7733540,FALSE POSITIVE,0.77258608,2.39,878.0,0.0,5706.8232800782525,1.0,141.3,G,0,544.7936623450425
8411947,FALSE POSITIVE,0.898837525,48.03,1615.0,0.0,5284.0,0.807,1609.86,G,0,5403.312461837861
8414159,FALSE POSITIVE,11.931131598,48.03,831.0,0.0,6089.0,0.959,112.47,F,0,407.0611375046875
8414216,FALSE POSITIVE,11.93137992,0.56,415.0,0.0,3787.0,0.505,7.0,K,0,10.233518739549114
8415863,FALSE POSITIVE,27.533803402,48.03,777.0,0.0,5925.0,1.611,85.95,G,0,176.390451006388
8423903,FALSE POSITIVE,12.4964346,48.03,1397.0,0.0,6821.0,2.73,899.44,F,0,21.74220157163868
8429450,FALSE POSITIVE,1.352576807,48.03,2866.0,0.0,6881.0,2.406,3158.4199999999996,F,0,3590.701818089063
8442795,CANDIDATE,154.608014,2.18,212.0,0.0,6018.0,0.733,0.48,F,0,2.8970037736853667
8443812,CANDIDATE,8.3613732,0.79,793.0,0.888,5470.0,0.777,93.31,G,0,12.521866623534997
8445775,FALSE POSITIVE,13.254134073,48.03,990.0,0.0,6175.0,1.436,227.51,F,0,366.4290683382768
9397900,CANDIDATE,10.5113779,0.72,1052.0,0.729,6575.0,1.305,289.46,F,0,2.8445366805811445
9411943,FALSE POSITIVE,1.922009494,48.03,1596.0,0.0,5880.0,1.087,1534.66,G,0,2526.886581549841
9412462,FALSE POSITIVE,10.186578749,48.03,793.0,0.0,5557.0,0.916,93.53,G,0,476.774402836357
9418994,FALSE POSITIVE,32.003815635,48.03,960.0,0.0,5260.0,2.747,201.25,G,0,151.7537800926655
9451096,FALSE POSITIVE,1.250390814,48.03,2367.0,0.0,6297.0,1.663,3158.4199999999996,F,0,3884.145617211804
9458266,CANDIDATE,1.58487898,0.37,943.0,0.801,4201.0,0.566,187.91,K,0,27.068312812123988
9466042,FALSE POSITIVE,9.2742685,2.39,878.0,0.0,5706.8232800782525,1.0,134.36,G,0,45.38363322131551
9468296,FALSE POSITIVE,5.748815953,26.94,799.0,0.0,4961.0,0.753,96.29,K,0,844.8174440974315
10264202,FALSE POSITIVE,0.517573708,37.02,1863.0,0.0,5427.0,0.7,2827.01,G,0,9383.591022749555
10264293,CANDIDATE,20.9525604,1.19,495.0,0.397,4885.0,0.72,14.2,K,0,11.115586618234973
10268809,FALSE POSITIVE,24.70932686,25.1,662.0,0.0,6065.0,1.023,45.33,F,0,196.55331072017717
10274244,FALSE POSITIVE,13.68369259,30.6,635.0,0.0,5359.0,0.708,38.37,G,0,354.9261259748894
10275887,FALSE POSITIVE,9.726748645,48.03,997.0,0.0,5618.0,1.406,233.38,G,0,499.313817726396
10290021,CANDIDATE,3.72920972,0.8,1713.0,0.0,6215.0,2.05,2035.92,F,0,3.861407933904023
10290447,FALSE POSITIVE,0.691561191,5.91,1460.0,0.0,4892.0,0.586,1074.31,K,0,2748.852921100369
10292465,FALSE POSITIVE,1.35337091,26.69,1444.0,0.0,5426.0,0.784,1031.53,G,0,3588.5949403183195
10294608,FALSE POSITIVE,1.854491777,48.03,1511.0,0.0,5843.0,0.99,1232.64,G,0,2618.884623935434
11287726,FALSE POSITIVE,4.737713268,29.25,882.0,0.0,5335.0,0.719,143.54,G,0,1025.1148022831337
11288492,CANDIDATE,5.704593,0.95,900.0,0.986,5523.0,0.832,154.92,G,0,22.771124951420724
11288772,CANDIDATE,1.36752316,0.82,1684.0,1.0,5836.0,1.048,1899.59,G,0,44.60619153243445
11295085,FALSE POSITIVE,2.49777454,2.14,2264.0,0.0,7117.0,2.211,3158.4199999999996,F,0,31.508047960165374
11296724,CANDIDATE,1.9997244,0.84,1385.0,0.668,5838.0,0.897,870.41,G,0,42.55586419808649
11350389,FALSE POSITIVE,1.51264208,36.72,1357.0,0.0,5258.0,0.811,801.0,G,0,3210.7397144471875
11356602,FALSE POSITIVE,154.608014,2.01,293.0,0.0,5866.0,1.198,1.73,G,0,1.8550138028420702
11358392,FALSE POSITIVE,0.984971822,48.03,2321.0,0.0,6437.0,1.369,3158.4199999999996,F,0,4930.800954425679
1433531,FALSE POSITIVE,154.608014,3.28,325.0,0.0,6248.0,1.996,2.64,F,0,1.6777914241883993
1717528,FALSE POSITIVE,9.31392071,1.25,884.0,0.0,6032.0,0.973,144.19,F,0,17.575842128894394
1871483,CANDIDATE,14.137062,1.37,568.0,0.0,4861.0,0.709,24.62,K,0,27.799269749259075
2012722,FALSE POSITIVE,2.32539968,9.76,2501.0,0.0,7046.0,2.724,3158.4199999999996,F,0,123.89268067672566
2013883,FALSE POSITIVE,0.764597756,0.72,2708.0,0.0,6218.0,1.726,3158.4199999999996,F,0,21.7107621226134
2161949,CANDIDATE,4.78113942,1.14,1130.0,0.813,5683.0,1.115,386.46,G,0,22.12861636233147
2161949,CANDIDATE,7.18864064,1.3,987.0,0.967,5683.0,1.115,223.87,G,0,18.570965873180718
2162994,FALSE POSITIVE,4.101595158,48.03,1028.0,0.0,5610.0,0.808,264.23,G,0,1184.1002860867916
2167444,FALSE POSITIVE,2.43574046,24.62,2102.0,0.0,7239.0,1.781,3158.4199999999996,F,0,1993.9316523074876
4078693,FALSE POSITIVE,2.756536015,48.03,1580.0,0.0,5496.0,1.669,1472.73,G,0,1302.649405072257
4142768,FALSE POSITIVE,13.99585365,48.03,1202.0,0.0,5638.0,2.703,493.55,G,0,347.0099160403838
4149684,FALSE POSITIVE,4.320850062,48.03,1221.0,0.0,6098.0,1.083,524.62,F,0,1124.0149346334804
4150703,FALSE POSITIVE,8.6532378,0.96,793.0,0.0,5561.0,0.854,93.75,G,0,14.561023620545827
4157488,FALSE POSITIVE,5.197420145,48.03,1416.0,0.0,6248.0,1.528,949.86,F,0,934.444371343006
4160669,FALSE POSITIVE,2.183517999,48.03,3749.0,0.0,3198.0,2.747,3158.4199999999996,M,0,605.2617842423381
4171955,FALSE POSITIVE,154.608014,2.3,248.0,0.0,6011.0,0.902,0.9,F,0,4.005613835774386
4174507,FALSE POSITIVE,1.945914237,35.94,1417.0,0.0,5967.0,0.83,955.56,G,0,2495.844836146291
5083138,CANDIDATE,27.122801,1.46,594.0,0.0,5878.0,0.945,29.38,G,0,8.653236072483812
5083252,FALSE POSITIVE,2.500560859,0.48,1486.0,0.0,6305.0,1.052,1149.55,F,0,8.158169766825099
5087223,CANDIDATE,5.62241111,1.17,561.0,0.0,3894.0,0.541,23.43,K,0,82.54465760686789
5091075,FALSE POSITIVE,1.25625738,1.32,3507.0,0.0,7450.0,2.747,3158.4199999999996,F,0,12.099431407917379
5091614,FALSE POSITIVE,21.142458554,41.68,672.0,0.0,6079.0,0.945,48.12,F,0,229.71311437577097
5092799,CANDIDATE,11.2901559,0.88,617.0,0.0,5025.0,0.657,34.17,K,0,14.508214186838643
5092799,CANDIDATE,28.24753303,2.39,878.0,0.0,5706.8232800782525,1.0,141.3,G,0,14.900416243534877
5094301,FALSE POSITIVE,0.99519559,0.29,1624.0,0.0,5506.0,0.782,1642.44,G,0,13.766138171894431
5983348,FALSE POSITIVE,25.150788449,39.12,686.0,0.0,6015.0,1.101,52.23,F,0,193.10329017510793
5990753,FALSE POSITIVE,7.21636091,18.03,2146.0,0.0,5029.0,2.747,3158.4199999999996,K,0,53.30941797366396
6019971,CANDIDATE,7.1356633,1.38,751.0,1.0,4926.0,0.793,75.39,K,0,35.806061645313335
6029130,FALSE POSITIVE,12.591656377,48.03,642.0,0.0,5293.0,0.756,40.23,G,0,385.7077936840207
6035335,FALSE POSITIVE,1.044408447,1.17,2745.0,0.0,7274.0,1.698,3158.4199999999996,F,0,44.23556716024914
6041511,FALSE POSITIVE,0.97705114,0.77,2501.0,0.0,6527.0,1.631,3158.4199999999996,F,0,20.57210638943628
6042116,FALSE POSITIVE,5.407157086,48.03,1984.0,0.0,7617.0,2.439,3158.4199999999996,A,0,898.1984289997378
6042663,FALSE POSITIVE,30.971766472,48.03,523.0,0.0,5633.0,0.829,17.73,G,0,156.81055855792712
6044064,FALSE POSITIVE,5.06318803,48.03,908.0,0.0,5375.0,0.752,160.52,G,0,959.2177835828861
6859813,FALSE POSITIVE,10.88242209,48.03,894.0,0.0,6200.0,1.045,150.98,F,0,446.28851553762877
6863840,FALSE POSITIVE,1.926366998,48.03,1204.0,0.0,5176.0,0.76,497.84,K,0,2521.1706829707637
6864706,CANDIDATE,14.5909249,0.93,622.0,0.0,5214.0,0.766,35.34,G,0,10.067901864123776
6864859,FALSE POSITIVE,40.877841988,48.03,915.0,0.0,6807.0,2.59,166.06,F,0,118.81008790595455
6867219,CANDIDATE,11.8496351,1.31,802.0,0.866,6032.0,0.929,97.71,F,0,15.511026158096632
6877673,FALSE POSITIVE,36.75892725,48.03,575.0,0.0,6085.0,0.979,25.82,F,0,132.12300693568255
6877871,FALSE POSITIVE,0.536869783,1.81,2645.0,0.0,6495.0,1.168,3158.4199999999996,F,0,412.9492979864728
6878408,CANDIDATE,154.608014,3.0,228.0,0.556,5883.0,0.892,0.64,G,0,7.193029463530913
7741048,FALSE POSITIVE,0.843400322,0.65,1941.0,0.001,5982.0,0.96,3158.4199999999996,G,0,51.81406606102766
7751562,FALSE POSITIVE,17.042155208,24.93,760.0,0.0,6197.0,1.035,78.98,F,0,284.98156135323467
7769072,FALSE POSITIVE,0.60886299,48.03,3651.0,0.0,5022.0,2.747,3158.4199999999996,K,0,3316.8381609136727
7769815,FALSE POSITIVE,4.43529675,1.15,1026.0,0.0,5659.0,0.842,261.33,G,0,41.011911998898384
7777365,FALSE POSITIVE,0.88512187,1.05,1659.0,0.0,5392.0,0.819,1797.86,G,0,153.65115766487614
7798259,FALSE POSITIVE,1.734221252,42.06,1114.0,0.0,4765.0,0.702,363.79,K,0,2800.5077174547278
8453191,FALSE POSITIVE,5.776764285,48.03,1542.0,0.0,6263.0,2.072,1336.82,F,0,840.7301666455307
8453324,FALSE POSITIVE,1.26227317,48.03,3749.0,0.0,4927.0,2.747,3158.4199999999996,K,0,3847.5823739484217
8479107,FALSE POSITIVE,0.76757669,34.23,1530.0,0.67,5182.0,0.627,1294.42,K,0,6327.315645815143
8479386,FALSE POSITIVE,5.860377067,48.03,1191.0,0.0,6267.0,1.158,475.44,F,0,828.7350701968065
8488876,FALSE POSITIVE,5.801881299,48.03,2001.0,0.0,7259.0,2.747,3158.4199999999996,F,0,837.0905486875595
8504570,FALSE POSITIVE,4.00770453,48.03,1699.0,0.0,7162.0,1.631,1969.22,F,0,1211.8408339848347
8509346,FALSE POSITIVE,6.099032889,36.68,1183.0,0.0,6356.0,1.141,462.81,F,0,796.306576532711
8517433,FALSE POSITIVE,0.652956712,0.76,2146.0,0.001,5812.0,1.055,3158.4199999999996,G,0,76.57475462171219
9474222,FALSE POSITIVE,13.691790011,48.03,994.0,0.0,6295.0,1.554,230.66,F,0,354.71622016537805
9474969,FALSE POSITIVE,21.570508432,48.03,923.0,0.0,6322.0,1.692,171.91,F,0,225.1546371894995
9480398,CANDIDATE,154.608014,1.18,272.0,0.0,5845.0,1.198,1.29,G,0,0.5323139329633974
9490342,CANDIDATE,154.608014,3.94,298.0,0.0,5421.0,1.877,1.88,G,0,2.9319308118141922
9509207,FALSE POSITIVE,14.199840087,48.03,907.0,0.0,5864.0,1.414,159.99,G,0,342.0249784676325
9513168,CANDIDATE,6.853888,1.74,613.0,0.986,4199.0,0.684,33.32,K,0,95.39111231464534
9520700,FALSE POSITIVE,2.136834989,48.03,1415.0,0.0,5753.0,0.989,948.25,G,0,2272.847470675706
9529294,FALSE POSITIVE,2.51690133,0.97,1430.0,0.0,5403.0,1.284,986.6,G,0,23.67991120255795
12116489,CANDIDATE,7.34672485,0.97,784.0,0.0,5271.0,0.821,89.33,G,0,19.46445564787961
10296163,FALSE POSITIVE,9.296746368,48.03,1552.0,0.0,6461.0,2.747,1370.16,F,0,522.4085726074096
10330495,FALSE POSITIVE,18.060078203,20.71,618.0,0.0,5330.0,0.855,34.4,G,0,268.9191013133732
10332789,FALSE POSITIVE,18.74072534,35.61,717.0,0.0,6122.0,0.996,62.46,F,0,259.15218925032275
10340228,FALSE POSITIVE,0.93371313,0.69,1642.0,0.0,5436.0,0.869,1724.34,G,0,70.68552200824251
10341787,FALSE POSITIVE,0.93373716,1.14,1666.0,0.0,5390.0,0.852,1811.1,G,0,155.18285681165352
10342097,FALSE POSITIVE,0.933735579,10.28,3696.0,0.0,5016.0,2.747,3158.4199999999996,K,0,376.3378068728384
10345862,FALSE POSITIVE,58.28819056,42.57,462.0,0.0,5463.0,1.044,10.79,G,0,83.32219534247967
10346522,FALSE POSITIVE,3.989144446,48.03,996.0,0.0,5538.0,0.719,233.19,G,0,1217.4791025353609
10352603,FALSE POSITIVE,32.77897303,48.03,588.0,0.0,6122.0,0.964,28.29,F,0,148.16510558628687
11359305,FALSE POSITIVE,28.487107336,48.03,963.0,0.0,6351.0,2.385,202.98,F,0,170.48765052611867
11391181,FALSE POSITIVE,8.61733907,48.03,796.0,0.0,5387.0,0.87,94.74,G,0,563.5962517603476
11401869,FALSE POSITIVE,2.16146908,0.95,1487.0,0.0,6047.0,1.013,1155.45,F,0,39.2325760218601
11409698,FALSE POSITIVE,10.26782676,48.03,1136.0,0.0,6664.0,1.44,393.02,F,0,473.00174745059684
11411639,CANDIDATE,6.933574,1.3,829.0,0.948,5510.0,0.793,111.53,G,0,39.90726860346482
11455795,FALSE POSITIVE,1.057335679,14.59,1276.0,0.368,4664.0,0.683,623.51,K,0,4593.337855195938
11457191,FALSE POSITIVE,1.149198426,42.03,1690.0,0.0,5858.0,0.867,1922.43,G,0,4226.1631151938245
11462556,FALSE POSITIVE,2.50012775,1.66,1977.0,0.0,6923.0,1.664,3158.4199999999996,F,0,19.958980096117088
2283362,CANDIDATE,0.673141323,1.29,1834.0,0.0,5461.0,0.858,2675.15,G,0,340.93880758528326
2301068,CANDIDATE,8.60965352,3.33,1550.0,0.994,5418.0,2.747,1365.41,G,0,7.340597371681457
2305372,FALSE POSITIVE,1.40469182,48.03,2263.0,0.0,6230.0,1.863,3158.4199999999996,F,0,3457.4843612316326
2306740,FALSE POSITIVE,10.306982793,48.03,960.0,0.0,5912.0,1.217,200.8,G,0,471.20482274390076
2308957,FALSE POSITIVE,1.109841858,48.03,2944.0,0.0,5788.0,2.747,3158.4199999999996,G,0,4376.028859419717
2422820,CANDIDATE,13.8911152,1.12,674.0,1.0,5472.0,0.79,48.8,G,0,14.75043558777772
2437452,FALSE POSITIVE,7.234965722,34.03,843.0,0.0,5653.0,0.798,119.12,G,0,671.2816876563496
2437804,FALSE POSITIVE,7.45301717,37.37,2595.0,0.0,4475.0,2.747,3158.4199999999996,K,0,73.99687769671407
2438061,FALSE POSITIVE,2.442941283,48.03,1352.0,0.0,5780.0,1.0,788.17,G,0,1988.0543317995086
4180396,FALSE POSITIVE,3.684337918,12.52,2481.0,0.0,9609.0,2.108,3158.4199999999996,A,0,20.817851594252165
4245897,FALSE POSITIVE,11.2570616,48.03,1272.0,0.0,6915.0,1.875,619.07,F,0,431.4358553390167
4252226,FALSE POSITIVE,21.858963291,48.03,925.0,0.0,5923.0,2.06,172.73,G,0,222.1834556078719
4261960,FALSE POSITIVE,1.461270059,26.29,1253.0,0.0,5226.0,0.674,583.36,G,0,2291.63663442994
4269252,FALSE POSITIVE,9.4022333,23.61,2309.0,0.0,4597.0,2.747,3158.4199999999996,K,0,33.60903627013807
4274071,CANDIDATE,6.76890076,1.24,1017.0,0.827,5737.0,1.125,253.3,G,0,18.186113870577707
4281895,FALSE POSITIVE,9.543584955,48.03,1141.0,0.0,5537.0,1.785,401.55,G,0,508.89681633268384
4282390,CANDIDATE,1.96134311,41.53,2167.0,0.998,6221.0,2.198,3158.4199999999996,F,0,105.94780634786537
5095269,FALSE POSITIVE,18.611957253,48.03,829.0,0.0,6492.0,1.17,111.83,F,0,260.9451512262185
5097278,FALSE POSITIVE,0.73240662,3.65,3191.0,0.0,7392.0,1.772,3158.4199999999996,F,0,449.20402275992535
5098757,FALSE POSITIVE,2.954598,48.03,2148.0,0.0,6955.0,2.161,3158.4199999999996,F,0,114.33027437235117
5111801,FALSE POSITIVE,0.562006231,0.58,2978.0,0.0,6609.0,1.455,3158.4199999999996,F,0,25.26662377876732
5112198,FALSE POSITIVE,3.21559054,18.8,1366.0,0.0,6300.0,1.036,822.2,F,0,62.94333730686992
5113809,FALSE POSITIVE,1.547426532,3.62,1973.0,0.0,6612.0,1.264,3158.4199999999996,F,0,344.3782234438255
5115178,FALSE POSITIVE,12.851722103,47.26,781.0,0.0,5838.0,0.967,88.01,G,0,377.90266246624583
5115379,FALSE POSITIVE,4.2055797,1.8,1345.0,0.0,6190.0,1.259,773.19,F,0,23.89682449722686
5115688,CANDIDATE,154.608014,9.3,409.0,0.0,5039.0,2.747,6.6,K,0,2.3983232848460236
6045093,CANDIDATE,28.2682167,1.22,526.0,0.0,5496.0,0.838,18.12,G,0,6.968957472297855
6046311,FALSE POSITIVE,0.957476003,2.47,2138.0,0.0,6312.0,1.122,3158.4199999999996,F,0,470.7167580052656
6048106,FALSE POSITIVE,1.559360638,48.03,2234.0,0.0,7002.0,1.488,3158.4199999999996,F,0,3114.54571934629
6048255,FALSE POSITIVE,0.57627248,2.39,878.0,0.0,5706.8232800782525,1.0,3158.4199999999996,G,0,730.3836546211611
6057750,CANDIDATE,1.6037058,1.54,2492.0,0.184,6400.0,2.512,3158.4199999999996,F,0,20.452629154299995
6060580,FALSE POSITIVE,2.313367981,33.55,1180.0,0.0,5508.0,0.764,458.02,G,0,2099.4065967406505
6063448,FALSE POSITIVE,76.01811375,48.03,652.0,0.0,6703.0,1.892,42.65,F,0,63.88872020650473
6066107,FALSE POSITIVE,0.82883944,2.39,878.0,0.0,5706.8232800782525,1.0,141.3,G,0,507.81849859847404
8391983,CANDIDATE,0.70965042,1.49,2036.0,0.118,5618.0,1.002,3158.4199999999996,G,0,314.80288562360045
6890618,FALSE POSITIVE,1.574063832,28.63,1619.0,0.0,5951.0,0.962,1622.84,G,0,710.3269748465956
6925263,FALSE POSITIVE,2.51989935,1.04,1217.0,0.0,5646.0,0.841,519.13,G,0,58.415031536874665
6927629,FALSE POSITIVE,3.867613816,48.03,1203.0,0.0,5780.0,1.046,494.75,G,0,1255.7355080045045
6929016,FALSE POSITIVE,0.733726452,0.86,1867.0,0.0,5855.0,0.797,2891.64,G,0,156.1889988941001
6936977,FALSE POSITIVE,36.473115046,48.03,467.0,0.0,5452.0,0.766,11.24,G,0,133.15835496569778
6939670,FALSE POSITIVE,4.238855579,38.01,1044.0,0.0,5655.0,0.804,280.82,G,0,1145.757365280597
6947623,CANDIDATE,3.62657392,0.79,1014.0,0.972,5416.0,0.8,250.0,G,0,27.160621063529845
6947837,FALSE POSITIVE,1.17033848,0.98,3272.0,0.0,8027.0,2.314,3158.4199999999996,A,0,14.782048352370674
6949550,FALSE POSITIVE,7.841066931,48.03,876.0,0.0,5973.0,0.829,139.18,G,0,619.3927488106018
7811211,CANDIDATE,0.902403563,6.17,1688.0,0.0,5776.0,0.755,1919.35,G,0,5274.247792392637
7812893,CANDIDATE,8.7998722,1.09,577.0,0.409,4298.0,0.675,26.18,K,0,30.71635517615813
7816680,FALSE POSITIVE,4.292599454,48.03,1319.0,0.0,6467.0,1.174,715.83,F,0,1131.4123416463538
7816935,CANDIDATE,6.87778029,1.19,1052.0,0.954,6274.0,1.062,289.51,F,0,18.02907257451808
7838639,FALSE POSITIVE,2.113197701,48.03,1825.0,0.0,6215.0,1.463,2624.42,F,0,2298.270529871261
7846730,FALSE POSITIVE,11.02822674,48.03,1028.0,0.0,6271.0,1.387,264.14,F,0,440.3881162856831
7847927,FALSE POSITIVE,70.37626987,40.43,373.0,0.0,5458.0,0.755,4.59,G,0,69.01047766486292
7868967,CANDIDATE,12.9489256,0.94,416.0,0.0,3867.0,0.525,7.09,K,0,25.56196631479603
8526387,FALSE POSITIVE,0.772803664,1.11,1365.0,0.089,4535.0,0.668,826.03,K,0,375.51581794777826
8543278,FALSE POSITIVE,7.549299761,18.8,690.0,0.0,5085.0,0.634,53.74,K,0,643.3311901442722
8552500,FALSE POSITIVE,0.530972263,9.32,2373.0,0.0,6185.0,0.991,3158.4199999999996,F,0,91.53020484612395
8552540,FALSE POSITIVE,0.530967171,48.03,2312.0,0.0,5951.0,0.991,3158.4199999999996,G,0,9146.893188995295
8553788,FALSE POSITIVE,1.606163631,48.03,2943.0,0.0,8027.0,2.314,3158.4199999999996,A,0,3023.789050046047
8553907,FALSE POSITIVE,42.032096076,48.03,622.0,0.0,6618.0,1.117,35.34,F,0,115.5474138434209
8559796,FALSE POSITIVE,0.619303759,4.71,3232.0,0.0,7138.0,1.684,3158.4199999999996,F,0,120.29637947022375
8559863,FALSE POSITIVE,22.470494368,19.12,518.0,0.0,5315.0,0.697,17.04,G,0,216.13676675117466
8489260,CANDIDATE,130.235324,2.44,332.0,0.386,5616.0,0.903,2.86,G,0,5.759574107559329
9529856,FALSE POSITIVE,37.482223878,48.03,902.0,0.0,6422.0,2.415,156.47,F,0,129.5734216787125
9536048,FALSE POSITIVE,3.71186243,0.95,1406.0,0.277,6302.0,1.258,922.9,F,0,14.521012299477919
9540450,FALSE POSITIVE,1.077358008,48.03,1925.0,0.0,6100.0,1.064,3158.4199999999996,F,0,4507.972246863365
9540675,FALSE POSITIVE,3.55643514,0.75,1297.0,0.0,5831.0,1.109,669.38,G,0,12.878064184238152
9541163,FALSE POSITIVE,0.5366497,0.92,2142.0,0.0,5822.0,0.898,3158.4199999999996,G,0,196.4037248134118
9541567,FALSE POSITIVE,1.12284501,2.39,878.0,0.0,5706.8232800782525,1.0,3158.4199999999996,G,0,374.8513786421868
9569866,FALSE POSITIVE,1.480324075,47.81,1313.0,0.0,5260.0,0.717,701.93,G,0,3280.8356508016664
9579192,FALSE POSITIVE,12.08353781,48.03,1310.0,0.0,6770.0,2.214,696.82,F,0,401.9269916117389
8540376,CONFIRMED,10.692115,2.71,1008.0,0.994,6474.0,1.242,244.47,F,1,38.19637181231216
10363300,FALSE POSITIVE,0.934926138,48.03,1957.0,0.0,5962.0,1.078,3158.4199999999996,G,0,5194.741918746098
10388451,CANDIDATE,17.1677675,0.97,370.0,0.0,3761.0,0.526,4.43,K,0,19.519136661187893
10396708,CANDIDATE,8.50207749,0.75,679.0,1.0,4889.0,0.715,50.14,K,0,13.79662795804511
10407047,FALSE POSITIVE,0.93374699,48.03,3442.0,0.0,4909.0,2.747,3158.4199999999996,K,0,184.31116977415905
10407430,FALSE POSITIVE,0.933759404,0.99,1763.0,0.0,5766.0,0.866,2289.8,G,0,123.05096956217643
10407464,FALSE POSITIVE,0.93373711,0.37,2077.0,0.0,6300.0,1.025,3158.4199999999996,F,0,13.815451760292573
10417704,FALSE POSITIVE,3.0082548,2.39,878.0,0.0,5706.8232800782525,1.0,3158.4199999999996,G,0,139.9150098588723
10420279,FALSE POSITIVE,45.43324862,48.03,529.0,0.0,5731.0,1.08,18.46,G,0,106.89748471699754
10422852,FALSE POSITIVE,1.398890216,48.03,1784.0,0.0,6134.0,1.051,2389.78,F,0,3471.823553021404
11495989,CANDIDATE,1.322475635,14.03,1097.0,0.0,4668.0,0.548,342.59,K,0,754.1159728058052
11499757,FALSE POSITIVE,12.314402323,48.03,864.0,0.0,6247.0,1.066,131.33,F,0,394.3918569989375
11501774,FALSE POSITIVE,0.691823991,1.23,1878.0,0.0,5226.0,0.962,2938.32,G,0,239.80087733037288
11502172,FALSE POSITIVE,25.431861399,43.42,601.0,0.0,5754.0,0.9,30.92,G,0,190.96911247679924
11502179,FALSE POSITIVE,3.98855869,2.4,1447.0,0.0,5791.0,1.646,1036.21,G,0,53.678538198970315
11506235,FALSE POSITIVE,20.413052415,35.03,668.0,0.0,5941.0,0.963,47.14,G,0,237.92130158991708
11551652,CANDIDATE,3.773744,2.44,2001.0,0.0,7302.0,2.069,3158.4199999999996,F,0,22.577048151649926
11560382,FALSE POSITIVE,0.527679032,0.79,2115.0,0.0,5799.0,0.86,3158.4199999999996,G,0,159.37718745663557
11560431,FALSE POSITIVE,0.527673075,0.42,1970.0,0.0,5367.0,0.828,3158.4199999999996,G,0,49.462444146880145
2438062,FALSE POSITIVE,2.44295727,44.35,1352.0,0.0,5780.0,1.0,788.17,G,0,1988.041321737895
2438517,FALSE POSITIVE,3.31587688,1.27,1097.0,0.0,5385.0,0.875,342.77,G,0,55.973127687418845
2442084,FALSE POSITIVE,49.788613011,32.57,271.0,0.0,3892.0,0.542,1.28,K,0,97.54640079905397
2449245,CANDIDATE,18.1772927,1.5,737.0,0.997,6158.0,1.026,69.62,F,0,11.723417976319434
2450716,FALSE POSITIVE,1.38607973,0.6,1356.0,0.0,5261.0,0.768,798.8,G,0,46.60626557175033
2557350,CANDIDATE,3.09872834,0.64,579.0,0.96,3628.0,0.41,26.6,M,0,80.03283049975268
2557430,FALSE POSITIVE,0.648868342,48.03,2882.0,0.0,6531.0,1.524,3158.4199999999996,F,0,7484.877417551679
2568971,FALSE POSITIVE,5.088582739,46.02,1786.0,0.0,7514.0,1.955,2400.3,A,0,88.21709757405205
4284147,FALSE POSITIVE,1.1611022,2.39,878.0,0.029,5706.8232800782525,1.0,3158.4199999999996,G,0,362.5003897159096
4349935,FALSE POSITIVE,0.792023257,0.81,1300.0,0.0,4447.0,0.625,678.05,K,0,222.97325039282273
4352168,FALSE POSITIVE,10.643743766,47.87,675.0,0.0,5282.0,0.694,49.06,G,0,456.29621557727376
4356621,FALSE POSITIVE,1.7317958,1.19,1825.0,0.0,5691.0,1.508,2628.3,G,0,34.992578224291805
4357985,FALSE POSITIVE,8.65298599,1.36,734.0,0.0,5210.0,0.749,68.48,G,0,36.26493794889411
4367544,FALSE POSITIVE,1.19563447,14.94,1988.0,0.0,5583.0,1.413,3158.4199999999996,G,0,4062.027418797988
4372410,FALSE POSITIVE,0.550537628,1.93,3749.0,0.0,8098.0,2.199,3158.4199999999996,A,0,130.78125152237553
4372620,CANDIDATE,19.9310602,2.42,960.0,0.0,5500.0,2.491,201.01,G,0,4.911931378341831
4372961,FALSE POSITIVE,2.53470797,48.03,2117.0,0.0,6440.0,2.254,3158.4199999999996,F,0,129.4823718883876
5119143,FALSE POSITIVE,0.530799654,2.92,3102.0,0.0,6534.0,1.622,3158.4199999999996,F,0,600.0380701077097
5125048,FALSE POSITIVE,0.56818769,2.39,878.0,0.0,5706.8232800782525,1.0,3158.4199999999996,G,0,740.7763445209451
5126627,FALSE POSITIVE,1.0094779,2.39,878.0,0.0,5706.8232800782525,1.0,2573.87,G,0,416.94820659273466
5130890,FALSE POSITIVE,0.91057795,2.39,878.0,0.0,5706.8232800782525,1.0,141.3,G,0,462.2339032040036
5164794,FALSE POSITIVE,1.0429419,2.49,1795.0,0.0,5780.0,1.0,2448.03,G,0,395.0363869741929
5171707,CANDIDATE,0.813998812,1.36,1933.0,1.0,5705.0,0.989,3158.4199999999996,G,0,225.30745413422054
5172274,FALSE POSITIVE,6.12650913,9.08,1370.0,0.0,6881.0,1.534,832.67,F,0,397.2898674191644
5174492,FALSE POSITIVE,0.720589427,1.95,3749.0,0.0,8497.0,2.211,3158.4199999999996,A,0,97.1426964886622
6068947,FALSE POSITIVE,0.573036404,9.97,2376.0,0.0,5745.0,1.196,3158.4199999999996,G,0,7284.877489214455
6103049,FALSE POSITIVE,0.643171495,48.03,2193.0,0.0,5899.0,0.989,3158.4199999999996,G,0,7551.174201213627
6109688,FALSE POSITIVE,14.086776961,48.03,1197.0,0.0,7138.0,1.89,485.09,F,0,344.7701353862587
6111011,CANDIDATE,14.7639145,0.93,632.0,0.212,5541.0,0.733,37.74,G,0,11.006566043172358
6128141,FALSE POSITIVE,1.872620976,31.43,1550.0,0.0,6031.0,1.004,1362.23,F,0,817.3570731165407
6128245,CANDIDATE,1.118510435,0.75,1684.0,0.955,5918.0,0.865,1898.51,G,0,64.99715847532528
6131659,FALSE POSITIVE,17.527826808,48.03,554.0,0.0,5079.0,0.732,22.31,K,0,277.08512031755805
6146838,FALSE POSITIVE,27.467217305,38.87,527.0,0.0,5503.0,0.742,18.22,G,0,176.81805717960043
6950275,FALSE POSITIVE,40.879068,3.35,533.0,0.0,6072.0,0.923,19.12,F,0,12.211628699558416
6953219,FALSE POSITIVE,0.566802325,1.4,1889.0,0.0,5233.0,0.824,3012.0,G,0,508.81936661074906
6956176,CANDIDATE,2.64185268,3.56,2104.0,0.996,5195.0,2.747,3158.4199999999996,K,0,56.70263188180501
6962018,FALSE POSITIVE,0.634946497,48.03,1475.0,0.0,4446.0,0.737,1123.92,K,0,7648.990935373252
6965293,FALSE POSITIVE,5.077746556,48.03,1274.0,0.0,6174.0,1.271,622.32,F,0,956.467587824208
6967430,FALSE POSITIVE,2.00383703,0.67,1518.0,0.0,6045.0,1.028,1256.78,F,0,21.109501105486604
7009828,FALSE POSITIVE,5.321224925,40.62,958.0,0.0,5787.0,0.758,199.25,G,0,912.7033847380544
7025851,FALSE POSITIVE,2.340534383,48.03,1581.0,0.0,6300.0,1.136,1476.77,F,0,2075.038946351595
7870250,FALSE POSITIVE,0.580724809,0.75,2191.0,0.0,5989.0,0.933,3158.4199999999996,G,0,110.55150220041659
7871395,FALSE POSITIVE,154.608014,2.39,878.0,0.0,5706.8232800782525,1.0,141.3,G,0,2.7223685830412387
7885518,FALSE POSITIVE,1.72933255,0.69,1745.0,0.0,5921.0,1.211,2196.53,G,0,17.17425604462253
7885570,FALSE POSITIVE,1.729338354,48.03,2230.0,0.0,5587.0,2.553,3158.4199999999996,G,0,2808.4151310044904
7886329,FALSE POSITIVE,0.567493852,48.03,3024.0,0.0,6370.0,1.548,3158.4199999999996,F,0,8558.154388604724
7902204,CANDIDATE,2.54031121,1.2,1268.0,0.972,5778.0,0.911,611.31,G,0,68.2199878966798
7919653,FALSE POSITIVE,2.105238039,48.03,1966.0,0.0,5947.0,1.885,3158.4199999999996,G,0,2306.9600254358693
7938468,FALSE POSITIVE,7.226944171,48.03,1179.0,0.0,6270.0,1.36,457.25,F,0,672.0267771665895
8560861,FALSE POSITIVE,31.973311701,48.03,1289.0,0.0,7854.0,2.747,652.01,A,0,151.89855981819053
8565900,FALSE POSITIVE,1.64125844,2.39,878.0,0.0,5706.8232800782525,1.0,698.68,G,0,256.44955708498895
8566113,CANDIDATE,1.371587993,4.91,2413.0,0.0,7045.0,1.604,3158.4199999999996,F,0,332.534261256106
8569819,FALSE POSITIVE,20.849919614,48.03,1099.0,0.0,7355.0,1.984,345.25,F,0,232.93614987075986
8574270,FALSE POSITIVE,15.120212531,33.11,605.0,0.0,5232.0,0.725,31.61,G,0,321.20580250063415
8581658,FALSE POSITIVE,3.481657589,48.03,1485.0,0.0,6225.0,1.291,1151.7,F,0,1394.9390127691847
8590527,FALSE POSITIVE,0.739769962,48.03,3013.0,0.228,6465.0,1.847,3158.4199999999996,F,0,6565.148964510132
8604993,FALSE POSITIVE,6.570421193,33.99,946.0,0.0,5812.0,0.908,189.25,G,0,739.1763567873296
8608490,FALSE POSITIVE,0.541405029,48.03,2679.0,0.0,5096.0,1.782,3158.4199999999996,K,0,8970.548369250557
9579789,FALSE POSITIVE,2.17814186,0.92,1174.0,0.0,5101.0,0.84,447.79,K,0,58.6279536448558
9581498,FALSE POSITIVE,10.54884842,2.39,878.0,0.0,5706.8232800782525,1.0,141.3,G,0,39.90008987161084
9588862,CANDIDATE,5.89773974,1.0,1150.0,0.0,6300.0,1.126,414.11,F,0,13.208449920511415
9592855,FALSE POSITIVE,0.609662423,48.03,3749.0,0.0,7498.0,2.274,3158.4199999999996,F,0,7966.21181948752
9596064,CANDIDATE,1.74145041,1.46,1234.0,1.0,5238.0,0.764,547.5,G,0,212.81111300780597
9596187,FALSE POSITIVE,0.953299962,35.67,2011.0,0.669,6183.0,1.02,3158.4199999999996,F,0,2346.166043380163
9596892,CANDIDATE,20.2944118,48.03,648.0,0.0,5865.0,0.918,41.69,G,0,22.365762776135252
9597095,FALSE POSITIVE,2.745640575,47.22,1300.0,0.0,5780.0,1.0,673.9,G,0,1768.876831229084
10450504,CANDIDATE,17.9908273,1.88,541.0,0.963,4918.0,0.752,20.29,K,0,36.6853613229893
10454401,FALSE POSITIVE,12.180721266,48.03,742.0,0.0,5750.0,0.882,71.88,G,0,398.7202312523551
10462826,FALSE POSITIVE,50.467024395,48.03,523.0,0.0,6137.0,1.012,17.63,F,0,96.2351170536057
10464199,CANDIDATE,154.608014,1.09,399.0,0.0,6163.0,1.486,5.96,F,0,0.34474280227155624
10468514,FALSE POSITIVE,0.84986054,48.03,2260.0,0.701,5164.0,1.676,3158.4199999999996,K,0,5714.702320453659
10471113,FALSE POSITIVE,0.933728196,0.85,2006.0,0.685,6170.0,1.032,3158.4199999999996,F,0,72.50503978568942
10481054,FALSE POSITIVE,2.03742712,0.9,1812.0,0.0,6356.0,1.358,2550.21,F,0,17.669343676940947
10486425,FALSE POSITIVE,5.274819905,48.03,1646.0,0.0,7247.0,1.834,1733.91,F,0,920.7328567552297
11560447,FALSE POSITIVE,0.527678272,48.03,2551.0,0.0,5321.0,1.475,3158.4199999999996,G,0,9203.903699866574
11601357,FALSE POSITIVE,3.55027051,1.15,1036.0,0.402,5497.0,0.8,272.61,G,0,59.910927745052305
11602794,CANDIDATE,5.70509519,1.58,947.0,0.925,5455.0,0.927,189.8,G,0,49.70995058892261
11615481,FALSE POSITIVE,65.4317194,48.03,490.0,0.0,6201.0,1.04,13.58,F,0,74.22546808390915
11616200,FALSE POSITIVE,1.718649321,39.08,1499.0,0.0,6071.0,0.865,1194.16,F,0,2825.881894960467
11616631,FALSE POSITIVE,7.2949175,11.67,763.0,0.0,5289.0,0.731,79.99,G,0,25.058542471522124
11616663,FALSE POSITIVE,7.2935801,17.41,925.0,0.0,5900.0,0.951,173.44,G,0,17.069806362995863
11618798,FALSE POSITIVE,42.9261364,1.84,490.0,0.0,5628.0,0.953,13.65,G,0,8.815142282406763
2570505,FALSE POSITIVE,1.89129338,0.42,1152.0,0.0,4986.0,0.733,416.87,K,0,17.87136800531708
2570767,FALSE POSITIVE,1.89124453,1.19,2200.0,0.0,5850.0,1.977,3158.4199999999996,G,0,16.39132301945111
2571075,FALSE POSITIVE,1.89134201,0.92,1325.0,0.0,5658.0,0.815,729.42,G,0,68.15266584175329
2576692,FALSE POSITIVE,87.87826191,48.03,530.0,0.0,5784.0,1.642,18.65,G,0,55.26622732905164
2580872,FALSE POSITIVE,15.926632768,48.03,670.0,0.0,5496.0,0.917,47.68,G,0,304.9420471198498
2583777,FALSE POSITIVE,0.958116585,48.03,2271.0,0.0,6032.0,1.365,3158.4199999999996,F,0,2477.8821671268743
2693092,FALSE POSITIVE,39.841522897,48.03,765.0,0.0,6078.0,2.07,80.93,F,0,121.90046079703698
2708172,FALSE POSITIVE,1.89114441,6.57,932.0,0.0,4267.0,0.627,177.97,K,0,26.386139385304794
4375101,FALSE POSITIVE,61.25964956,48.03,447.0,0.0,5912.0,0.889,9.45,G,0,79.28057105914662
4380283,FALSE POSITIVE,0.872359598,48.03,2112.0,0.0,6240.0,1.048,3158.4199999999996,F,0,5567.314225847493
4384793,FALSE POSITIVE,154.608014,48.03,241.0,0.0,5997.0,0.815,0.79,G,0,31.4129900148643
4445630,FALSE POSITIVE,5.627911313,48.03,1167.0,0.0,6280.0,1.115,438.81,F,0,862.9666904631977
4446411,FALSE POSITIVE,0.62927655,4.64,2102.0,0.0,5628.0,0.976,3158.4199999999996,G,0,1334.0716414746425
4454219,FALSE POSITIVE,1.22578134,48.03,1701.0,0.0,5780.0,1.0,1973.12,G,0,3962.125904119245
4456622,FALSE POSITIVE,0.751408792,41.48,1926.0,0.0,5697.0,0.903,3158.4199999999996,G,0,6463.459107356305
4482738,FALSE POSITIVE,0.866344816,6.85,3569.0,0.0,4936.0,2.747,3158.4199999999996,K,0,269.6385961868559
4484312,FALSE POSITIVE,2.24294107,0.75,1654.0,0.0,6082.0,1.184,1763.55,F,0,17.56622165735277
5174920,FALSE POSITIVE,0.950487062,1.35,3749.0,0.0,8107.0,2.747,3158.4199999999996,A,0,12.099060008036174
5181455,FALSE POSITIVE,5.579631021,48.03,1108.0,0.0,6188.0,1.022,356.56,F,0,870.4339017617631
5193386,FALSE POSITIVE,21.37831102,48.03,1062.0,0.0,4905.0,2.747,300.32,K,0,227.17884473925105
5193439,CANDIDATE,129.847318,1.45,385.0,0.285,6133.0,1.032,5.22,F,0,1.5279483862731766
5196851,FALSE POSITIVE,0.541396363,2.04,3204.0,0.0,7118.0,1.489,3158.4199999999996,F,0,334.3206795794452
5199978,FALSE POSITIVE,0.550509602,5.02,3749.0,0.0,4891.0,2.747,3158.4199999999996,K,0,224.3375947509813
5211470,FALSE POSITIVE,2.404293523,48.03,3749.0,0.0,4697.0,2.747,3158.4199999999996,K,0,2020.0112646562245
5215508,CANDIDATE,0.8867443,2.39,878.0,0.0,5706.8232800782525,1.0,141.3,G,0,474.65768880611915
6147573,FALSE POSITIVE,25.836831272,48.03,587.0,0.0,5691.0,0.897,28.08,G,0,187.97583762770952
6152521,FALSE POSITIVE,0.94895231,2.51,3464.0,0.0,6661.0,2.747,3158.4199999999996,F,0,60.80389856472345
6185717,FALSE POSITIVE,11.702203927,48.03,1240.0,0.0,6148.0,2.133,560.24,F,0,415.024386029912
6187508,CANDIDATE,2.28494301,1.0,1180.0,1.0,5396.0,0.789,458.39,G,0,70.81139411000015
6205460,FALSE POSITIVE,3.722775537,48.03,1731.0,0.0,5425.0,2.592,2125.53,G,0,1304.5911448944819
6206751,FALSE POSITIVE,1.245342215,48.03,2341.0,0.0,6967.0,1.476,3158.4199999999996,F,0,3899.891886343867
6207053,FALSE POSITIVE,0.604755462,1.29,1598.0,0.0,4842.0,0.726,1534.24,K,0,553.1161287799994
6209225,CANDIDATE,154.608014,1.81,266.0,0.0,6553.0,0.962,1.18,F,0,2.213986139166111
6220470,FALSE POSITIVE,8.144135648,48.03,1491.0,0.0,7605.0,1.862,1169.67,A,0,596.3432106134782
7031132,FALSE POSITIVE,0.566795196,0.35,2066.0,0.0,5680.0,0.908,3158.4199999999996,G,0,26.111724489633822
7031732,FALSE POSITIVE,0.566798827,0.52,2045.0,0.0,5548.0,0.889,3158.4199999999996,G,0,61.57387478150162
7031767,FALSE POSITIVE,0.56678012,0.49,2073.0,0.0,5674.0,0.911,3158.4199999999996,G,0,48.69613281425608
7031948,FALSE POSITIVE,0.566800113,0.58,1180.0,0.0,3844.0,0.526,455.05,K,0,183.48620195140998
7031992,FALSE POSITIVE,0.56679293,0.86,2064.0,0.0,5812.0,0.853,3158.4199999999996,G,0,178.3720202720242
7032117,FALSE POSITIVE,0.566809491,0.55,1656.0,0.0,4987.0,0.654,1790.3,K,0,122.61615428736708
7032174,FALSE POSITIVE,0.566799218,0.79,3153.0,0.0,6108.0,1.753,3158.4199999999996,F,0,32.11013604468311
7032383,FALSE POSITIVE,0.566797404,0.64,1890.0,0.0,5313.0,0.784,2993.84,G,0,122.44233920309206
7939761,CANDIDATE,22.2548897,2.16,899.0,1.0,5349.0,2.388,154.4,G,0,3.765464629555095
7943535,FALSE POSITIVE,4.719336335,48.03,1722.0,0.0,6792.0,2.058,2078.32,F,0,1029.1065639847004
7947631,FALSE POSITIVE,1.258274109,25.98,1207.0,0.0,4937.0,0.587,502.19,K,0,3859.8108037523007
7950775,FALSE POSITIVE,8.966610607,48.03,1038.0,0.0,6480.0,1.132,274.04,F,0,541.6427915592209
7955301,FALSE POSITIVE,15.32763411,48.03,1472.0,0.0,4830.0,2.747,1108.58,K,0,316.85907721605963
7960295,FALSE POSITIVE,2.10413487,48.03,1421.0,0.0,5780.0,1.0,963.4,G,0,2308.169532877899
7960547,FALSE POSITIVE,6.767341062,48.03,933.0,0.0,5926.0,0.843,178.98,G,0,717.6673904129586
7967100,FALSE POSITIVE,1.92730001,45.99,1614.0,0.791,6057.0,1.11,1605.97,F,0,2519.9501763090843
8610483,FALSE POSITIVE,48.79936881,48.03,525.0,0.0,6170.0,0.992,17.9,F,0,99.52382824682687
8613446,CANDIDATE,1.01485981,1.61,1928.0,1.0,6158.0,1.024,3158.4199999999996,F,0,239.44193829096457
8618226,FALSE POSITIVE,5.882036054,48.03,1114.0,0.0,5837.0,1.187,363.01,G,0,825.6834802461412
8621026,FALSE POSITIVE,4.059428737,48.03,1455.0,0.0,6610.0,1.33,1059.83,F,0,1196.399866743122
8624860,CANDIDATE,15.3902613,4.39,1459.0,0.872,5649.0,2.747,1069.24,G,0,4.990168685440057
8625408,CANDIDATE,154.608014,30.25,323.0,0.951,6072.0,1.273,2.58,F,0,2.5561417534281246
8686442,CANDIDATE,26.8552365,1.49,618.0,0.0,6045.0,0.955,34.48,F,0,7.2313643560726035
8690001,FALSE POSITIVE,19.35954117,48.03,942.0,0.0,6198.0,1.567,186.12,F,0,250.86854886447702
8693536,CANDIDATE,16.2347636,1.28,852.0,0.99,6478.0,1.188,124.25,F,0,7.114362909479014
9597854,FALSE POSITIVE,1.287097944,0.89,1631.0,0.128,5906.0,0.852,1678.58,G,0,82.43350903837664
9602431,FALSE POSITIVE,3.5565617,0.52,883.0,0.0,4964.0,0.633,143.89,K,0,19.11958957439147
9602538,FALSE POSITIVE,3.55646511,0.56,1076.0,0.0,5475.0,0.818,317.0,G,0,12.962309083358335
9630640,FALSE POSITIVE,3.661895766,48.03,1708.0,0.0,6793.0,1.589,2012.26,F,0,1326.2802412601493
9635520,CANDIDATE,2.3518268,39.82,1535.0,0.779,5445.0,1.426,1313.37,G,0,245.17111549200817
9635529,FALSE POSITIVE,2.35195525,48.03,1678.0,0.0,6550.0,1.225,1876.0,F,0,2064.962758113701
9637299,FALSE POSITIVE,1.882438182,48.03,1818.0,0.0,6322.0,1.213,2589.75,F,0,2580.0050415679466
9639106,CANDIDATE,3.57944367,0.87,1018.0,0.0,5341.0,0.801,253.89,G,0,32.74251833665537
9640123,CANDIDATE,8.2553499,3.28,1462.0,0.991,5403.0,2.747,1079.27,G,0,6.601779532082583
10490960,FALSE POSITIVE,5.682410334,48.03,1141.0,0.0,5897.0,1.196,401.43,G,0,854.6901252344512
10491031,FALSE POSITIVE,2.199069234,48.03,2104.0,0.0,6613.0,1.925,3158.4199999999996,F,0,2208.525281928436
10535807,FALSE POSITIVE,1.481655821,48.03,1935.0,0.0,6478.0,1.174,3158.4199999999996,F,0,3277.886760990223
10535858,FALSE POSITIVE,0.93370968,0.38,865.0,0.0,3615.0,0.42,131.85,M,0,66.61599567008881
10546063,CANDIDATE,10.6982275,1.73,919.0,1.0,6277.0,1.097,168.88,F,0,22.994463335164635
10547685,FALSE POSITIVE,1.388509353,48.03,1836.0,0.0,6075.0,1.13,2679.88,F,0,3497.77982374167
10549576,FALSE POSITIVE,9.089355023,48.03,1511.0,0.0,7675.0,2.015,1233.59,A,0,534.3283420782276
10552700,FALSE POSITIVE,0.94808587,37.72,3359.0,0.0,6875.0,2.747,3158.4199999999996,F,0,242.383108188291
11619964,FALSE POSITIVE,10.368552685,48.03,845.0,0.0,5855.0,0.944,120.48,G,0,468.40674369394884
11650543,CANDIDATE,7.20558084,1.33,1253.0,0.0,6002.0,1.693,582.45,F,0,8.04931639626154
11651105,FALSE POSITIVE,13.8602646,19.71,690.0,0.0,5667.0,0.796,53.56,G,0,34.710737051874176
11662440,FALSE POSITIVE,13.639480425,44.0,680.0,0.0,5461.0,0.846,50.51,G,0,356.0766135268675
11671646,CANDIDATE,154.608014,1.9,225.0,0.0,5128.0,0.988,0.6,K,0,2.530269873332698
11672354,CANDIDATE,5.29655591,1.3,1156.0,0.953,6268.0,1.1,421.14,F,0,25.563781880289827
11704044,FALSE POSITIVE,6.882686062,48.03,921.0,0.0,5704.0,0.948,169.85,G,0,705.6402044565606
11706658,FALSE POSITIVE,1.407937865,19.09,1179.0,0.054,4627.0,0.741,457.02,K,0,3449.5130223662245
2708445,FALSE POSITIVE,1.89117723,48.03,3536.0,0.0,5086.0,2.747,3158.4199999999996,K,0,93.16948047222417
2708614,FALSE POSITIVE,52.884577,48.03,555.0,0.0,6483.0,1.078,22.44,F,0,91.83584847431038
2711114,FALSE POSITIVE,1.429439352,48.03,2079.0,0.0,6491.0,1.371,3158.4199999999996,F,0,2355.538900820746
2716979,CANDIDATE,8.8324193,0.98,999.0,0.0,6060.0,1.133,234.99,F,0,8.389547357653186
2720354,FALSE POSITIVE,2.821328194,40.0,1807.0,0.007,6701.0,1.506,2520.03,F,0,1721.4232680652112
2834463,CANDIDATE,5.88836941,1.21,1125.0,0.794,6243.0,1.084,379.27,F,0,20.36217357497617
2852560,FALSE POSITIVE,11.961308501,48.03,696.0,0.0,5564.0,0.785,55.37,G,0,406.0341725651475
2856960,FALSE POSITIVE,154.608014,8.99,236.0,0.0,4907.0,0.727,0.73,K,0,31.4129900148643
4484356,FALSE POSITIVE,0.572079631,29.45,1716.0,0.0,5233.0,0.639,2036.56,G,0,8489.55239240112
4489844,FALSE POSITIVE,0.822314545,0.54,1922.0,0.0,5709.0,0.938,3158.4199999999996,G,0,39.76580518832973
4540632,FALSE POSITIVE,31.005392846,48.03,682.0,0.0,5023.0,1.784,51.25,K,0,156.64049232088868
4544623,FALSE POSITIVE,2.189097,13.92,647.0,0.0,3624.0,0.406,41.37,M,0,1370.8848899797497
4565985,FALSE POSITIVE,17.51191534,48.03,2246.0,0.0,4029.0,2.747,3158.4199999999996,K,0,41.61737798807791
4567118,CANDIDATE,154.608014,1.5,231.0,0.0,5942.0,0.947,0.68,G,0,1.5827122648377074
4569590,FALSE POSITIVE,41.3701638,48.03,1133.0,0.0,4764.0,2.747,389.15,K,0,117.39619943201674
4574310,FALSE POSITIVE,1.306220168,48.03,2095.0,0.0,6600.0,1.124,3158.4199999999996,F,0,3718.13276121457
4575824,FALSE POSITIVE,154.608014,1.56,201.0,0.0,5689.0,0.894,0.38,G,0,1.90869795404008
5216727,FALSE POSITIVE,0.756511623,48.03,2549.0,0.0,6343.0,1.417,3158.4199999999996,F,0,6419.861707795599
5218014,FALSE POSITIVE,10.845286549,48.03,1682.0,0.0,5096.0,2.747,1893.11,K,0,447.81666008150023
5255552,FALSE POSITIVE,32.45541269,23.48,392.0,0.0,4869.0,0.543,5.55,K,0,149.6422198167402
5263167,CANDIDATE,3.39401963,1.03,1306.0,0.783,6181.0,1.029,689.16,F,0,28.99217173944277
5266937,FALSE POSITIVE,5.917085496,48.03,1005.0,0.0,5661.0,0.987,241.42,G,0,820.792601912406
5269407,FALSE POSITIVE,0.958871144,45.91,1743.0,0.0,5530.0,0.892,2174.51,G,0,5065.018412943294
5271803,FALSE POSITIVE,0.5402463,6.2,3249.0,0.0,7296.0,1.498,3158.4199999999996,F,0,2124.9567095600655
5272571,FALSE POSITIVE,1.288046428,2.18,2945.0,0.0,5216.0,2.747,3158.4199999999996,G,0,25.07673582089232
6228703,FALSE POSITIVE,4.200206781,48.03,1737.0,0.0,6873.0,1.923,2150.58,F,0,1156.3002140679605
6231401,FALSE POSITIVE,6.091954982,26.96,1036.0,0.0,6063.0,0.913,272.7,F,0,797.231761290123
6265961,CANDIDATE,5.52507406,0.8,1028.0,0.913,5600.0,1.037,263.79,G,0,11.1310725127185
6279823,FALSE POSITIVE,154.608014,48.03,191.0,0.0,5227.0,0.8,0.31,G,0,26.82267168893328
6283224,FALSE POSITIVE,0.76647343,42.33,1628.0,0.0,5297.0,0.722,1654.36,G,0,6336.423168641344
6285094,FALSE POSITIVE,5.2439783,1.03,1068.0,0.0,6029.0,0.956,307.32,F,0,17.82997462060436
6285396,FALSE POSITIVE,5.2436639,0.88,1059.0,0.0,6212.0,0.862,296.41,F,0,17.831043671582385
6285397,FALSE POSITIVE,5.2438269,0.76,743.0,0.0,4634.0,0.689,72.18,K,0,24.52407420237308
7032968,FALSE POSITIVE,0.56678702,0.27,2356.0,0.0,6045.0,0.999,3158.4199999999996,F,0,13.232483693786776
7033713,FALSE POSITIVE,2.19642864,0.79,1193.0,0.0,5376.0,0.806,477.24,G,0,45.300811593860836
7033748,FALSE POSITIVE,2.19635512,48.03,1793.0,0.0,6438.0,1.273,2448.43,F,0,2211.254435029614
7049486,FALSE POSITIVE,26.718417546,48.03,727.0,0.0,5957.0,1.286,65.88,G,0,181.773489827323
7050754,FALSE POSITIVE,0.615787196,3.5,3749.0,0.0,6315.0,2.747,3158.4199999999996,F,0,179.60750193967982
7090801,FALSE POSITIVE,154.608014,2.35,222.0,0.0,5780.0,1.0,0.58,G,0,3.6220632133596906
7097571,FALSE POSITIVE,2.213964145,48.03,1891.0,0.0,6256.0,1.514,3030.64,F,0,2193.6669620275175
7103300,CANDIDATE,3.226232203,1.01,1620.0,0.0,6534.0,1.437,1627.1,F,0,11.251514992084406
7970629,FALSE POSITIVE,1.025534511,43.68,1896.0,0.0,6267.0,0.919,3066.26,F,0,4735.774318568982
7970760,FALSE POSITIVE,7.64941291,48.03,1050.0,0.0,6387.0,1.076,287.83,F,0,634.9114706111478
7971389,FALSE POSITIVE,13.174807933,48.03,811.0,0.0,6067.0,0.997,102.2,F,0,368.63535504263655
7976136,FALSE POSITIVE,0.655094658,26.41,2173.0,0.0,6063.0,1.012,3158.4199999999996,F,0,567.8568668773971
7976435,FALSE POSITIVE,3.33287187,2.39,878.0,0.0,5706.8232800782525,1.0,141.3,G,0,126.28748311287465
7985167,FALSE POSITIVE,0.692239369,48.03,2594.0,0.0,6163.0,1.358,3158.4199999999996,F,0,7015.925729586755
7987749,FALSE POSITIVE,17.030857558,48.03,836.0,0.0,5575.0,1.423,115.15,G,0,285.17060773129623
8007675,CANDIDATE,2.352446342,1.24,2173.0,0.126,6749.0,2.003,3158.4199999999996,F,0,13.81540544400651
8700506,FALSE POSITIVE,43.797829003,48.03,668.0,0.0,6860.0,1.292,47.15,F,0,110.88905798658041
8701327,FALSE POSITIVE,4.254417651,48.03,1360.0,0.0,6292.0,1.235,806.64,F,0,1141.5663431300484
8711548,FALSE POSITIVE,18.778162159,48.03,1002.0,0.0,6794.0,1.71,238.5,F,0,258.6355341314528
8713828,FALSE POSITIVE,1.25451792,2.39,878.0,0.0,5706.8232800782525,1.0,141.3,G,0,335.5073636572684
8719897,FALSE POSITIVE,1.575710265,48.03,2630.0,0.0,5017.0,2.747,3158.4199999999996,K,0,3082.229079722343
8736245,FALSE POSITIVE,2.534740757,48.03,1230.0,0.0,5810.0,0.781,541.27,G,0,1916.0539343471803
8738115,FALSE POSITIVE,37.59406667,43.08,554.0,0.0,5941.0,0.917,22.2,G,0,129.18793922009078
8739209,FALSE POSITIVE,3.6972959,1.07,1571.0,0.0,6313.0,1.594,1438.97,F,0,5.328218387930487
8746310,FALSE POSITIVE,6.855624762,33.93,987.0,0.0,6109.0,0.931,224.32,F,0,708.4255875438475
9640921,FALSE POSITIVE,80.7060641,15.47,428.0,0.0,6053.0,0.949,7.96,F,0,60.17763416119805
9640921,FALSE POSITIVE,2.17814513,1.22,1428.0,0.0,6053.0,0.949,981.63,F,0,62.43844734074263
9641031,FALSE POSITIVE,1.089077111,48.03,2045.0,0.0,6126.0,1.176,3158.4199999999996,F,0,4459.463844153824
9641103,FALSE POSITIVE,1.089057762,0.44,1404.0,0.0,5096.0,0.737,917.78,K,0,34.34161281888004
9644411,FALSE POSITIVE,0.379412331,1.59,1643.0,0.016,4331.0,0.666,1724.34,K,0,1565.5790586310702
9644683,FALSE POSITIVE,0.585940879,26.57,1873.0,0.0,5459.0,0.797,2897.54,G,0,3317.0582044336247
9651602,CANDIDATE,3.90735046,0.83,1007.0,0.971,5497.0,0.809,243.14,G,0,27.97291953176885
9652166,FALSE POSITIVE,0.646523404,0.85,3163.0,0.0,7257.0,1.631,3158.4199999999996,F,0,38.97770729425906
10556578,FALSE POSITIVE,0.626431697,34.05,1709.0,0.0,5134.0,0.721,2003.98,K,0,7752.960176279202
10583181,FALSE POSITIVE,2.696354974,48.03,1815.0,0.0,6472.0,1.579,2560.78,F,0,1801.2094278503553
10586619,CANDIDATE,154.608014,2.16,242.0,0.902,5751.0,0.94,0.81,G,0,3.5017589709159576
10592163,FALSE POSITIVE,14.762889172,48.03,759.0,0.0,5691.0,1.031,78.43,G,0,328.98031973385326
10597164,FALSE POSITIVE,4.5638537,2.97,1533.0,0.0,5446.0,2.39,1305.08,G,0,15.754229808023865
10601538,FALSE POSITIVE,1.463775066,1.2,2308.0,0.0,6781.0,1.651,3158.4199999999996,F,0,30.81074479786227
10601579,FALSE POSITIVE,8.098754149,48.03,1176.0,0.0,6328.0,1.45,452.03,F,0,599.6848293758472
10613718,FALSE POSITIVE,0.587938916,29.98,1800.0,0.0,5237.0,0.74,2476.75,G,0,8260.55201965913
8557246,FALSE POSITIVE,154.608014,2.02,302.0,0.041,6168.0,0.96,1.97,F,0,2.8045118023442175
11709022,FALSE POSITIVE,0.71957289,2.39,878.0,0.0,5706.8232800782525,1.0,145.63,G,0,584.9303188729081
11724091,FALSE POSITIVE,1.559090282,48.03,2905.0,0.0,7279.0,2.624,3158.4199999999996,F,0,3115.0858010415072
11757422,FALSE POSITIVE,1.81993557,0.66,907.0,0.001,4205.0,0.578,159.62,K,0,59.94717714100175
11763910,FALSE POSITIVE,0.612888148,0.93,2796.0,0.0,6720.0,1.368,3158.4199999999996,F,0,70.3227826164457
11768970,FALSE POSITIVE,15.541358818,48.03,1174.0,0.0,5092.0,2.747,448.22,K,0,312.50163237817856
11773625,CANDIDATE,7.1969168,1.1,1132.0,0.875,5530.0,1.575,388.54,G,0,6.544469153790968
11775530,FALSE POSITIVE,12.8177012,1.21,999.0,0.0,6290.0,1.385,235.16,F,0,5.898093489650078
11811454,FALSE POSITIVE,2.274628199,48.03,2092.0,0.0,6389.0,1.947,3158.4199999999996,F,0,2135.1621342490885
8560280,FALSE POSITIVE,85.338393,11.4,741.0,0.0,4850.0,2.747,71.36,K,0,7.417528942688199
2860594,FALSE POSITIVE,5.499941793,48.03,1878.0,0.0,7079.0,2.634,2942.15,F,0,883.0457089893788
2860788,FALSE POSITIVE,2.629870555,34.05,1291.0,0.0,5566.0,0.967,659.45,G,0,1846.7448866508944
2969638,FALSE POSITIVE,1.97362159,2.39,878.0,0.0,5706.8232800782525,1.0,1767.45,G,0,213.26276634418048
2970670,CANDIDATE,0.947554749,0.67,1633.0,0.894,5508.0,0.84,1680.03,G,0,69.01975856172929
2973509,FALSE POSITIVE,6.62761199,48.03,1204.0,0.0,6316.0,1.333,496.41,F,0,732.7978776259049
2994092,CANDIDATE,50.271927,2.94,589.0,0.789,6520.0,1.215,28.51,F,0,11.427849185092905
2998124,FALSE POSITIVE,28.597880332,48.03,1014.0,0.0,6590.0,2.474,250.21,F,0,169.82727193824667
3098194,FALSE POSITIVE,30.476518853,48.03,592.0,0.0,5527.0,1.073,28.96,G,0,159.35875168111346
4578594,FALSE POSITIVE,154.608014,48.03,242.0,0.0,5432.0,0.745,0.81,G,0,31.4129900148643
4587448,FALSE POSITIVE,2.23416013,2.39,878.0,0.0,5706.8232800782525,1.0,2156.64,G,0,188.39294209408348
4633434,FALSE POSITIVE,22.271198511,39.79,515.0,0.0,5068.0,0.73,16.62,K,0,218.07088637826203
4661634,FALSE POSITIVE,73.894163515,39.18,392.0,0.0,5442.0,0.841,5.61,G,0,65.7250825907803
4665989,FALSE POSITIVE,1.124033822,48.03,2547.0,0.0,7141.0,1.563,3158.4199999999996,F,0,4320.77745788685
4671584,FALSE POSITIVE,2.796661168,47.68,1661.0,0.0,6331.0,1.326,1797.72,F,0,845.2221624296534
4678171,FALSE POSITIVE,15.288709179,48.03,509.0,0.0,4464.0,0.719,15.84,K,0,317.6657978863894
4681152,FALSE POSITIVE,1.83592242,46.3,1501.0,0.001,5930.0,0.976,1195.13,G,0,2645.3732178944683
4725292,FALSE POSITIVE,1.15495063,2.39,878.0,0.0,5706.8232800782525,1.0,340.77,G,0,364.43116187572446
8297017,CANDIDATE,128.208643,6.15,792.0,0.206,7128.0,2.747,93.05,F,0,1.655114624370527
5282656,FALSE POSITIVE,1.516372183,1.06,1686.0,0.193,6142.0,1.046,1911.54,F,0,61.85816454007056
5284133,FALSE POSITIVE,8.784575777,48.03,1555.0,0.0,8144.0,1.914,1380.83,A,0,552.8667659417242
5285607,FALSE POSITIVE,1.949700508,48.03,1716.0,0.0,6469.0,1.193,2048.37,F,0,2490.997966134807
5286786,FALSE POSITIVE,9.948701373,29.19,704.0,0.0,5152.0,0.786,57.93,K,0,276.36772850192574
5288543,FALSE POSITIVE,3.457078812,48.03,1603.0,0.0,6526.0,1.482,1560.4,F,0,1404.8566041195593
5294739,FALSE POSITIVE,3.735993484,48.03,2063.0,0.0,5467.0,2.747,3158.4199999999996,G,0,1299.9755007067351
5295206,CANDIDATE,6.63448023,1.04,1177.0,0.989,6463.0,1.225,453.27,F,0,10.73181282205735
5298620,FALSE POSITIVE,12.4239677,0.87,606.0,0.0,4995.0,0.698,31.93,K,0,13.071508548754517
5300878,FALSE POSITIVE,0.639721284,46.59,1505.0,0.0,4794.0,0.625,1220.53,K,0,7591.899974989734
6292732,FALSE POSITIVE,1.25338826,0.64,1651.0,0.0,5869.0,0.942,1750.61,G,0,35.66333069052362
6307000,CANDIDATE,1.002591901,0.87,1391.0,0.973,4893.0,0.739,884.21,K,0,142.8297993003636
6311637,FALSE POSITIVE,1.620813697,43.95,1733.0,0.0,5757.0,1.177,2127.67,G,0,2996.457895802197
6345758,CANDIDATE,3.37116682,0.98,1291.0,0.996,5653.0,1.163,656.3,G,0,21.179610447162624
6364126,FALSE POSITIVE,5.2434664,2.83,831.0,0.0,5047.0,0.766,113.05,K,0,22.771195787580524
6364195,FALSE POSITIVE,5.2439542,0.81,778.0,0.0,4920.0,0.691,86.51,K,0,27.422054906581756
6364200,FALSE POSITIVE,5.2441517,0.91,1056.0,0.0,6060.0,0.925,293.68,F,0,17.18104379017106
6364247,FALSE POSITIVE,5.2443332,0.58,1054.0,0.0,5952.0,0.971,291.25,G,0,5.7013921235973335
7105574,FALSE POSITIVE,20.726069913,48.03,657.0,0.0,6011.0,0.902,43.93,F,0,234.328071862468
7115200,FALSE POSITIVE,0.566801447,0.57,2633.0,0.0,5966.0,1.349,3158.4199999999996,G,0,28.581437266514246
7115332,FALSE POSITIVE,0.566794934,1.15,2457.0,0.0,6395.0,1.049,3158.4199999999996,F,0,121.5607195247091
7115463,FALSE POSITIVE,0.566800287,0.88,2260.0,0.0,6075.0,0.969,3158.4199999999996,F,0,130.38102078448668
7115597,FALSE POSITIVE,0.566791946,1.54,2160.0,0.0,5836.0,0.97,3158.4199999999996,G,0,221.77449924456053
7115878,FALSE POSITIVE,0.566790294,0.89,2432.0,0.0,6100.0,1.093,3158.4199999999996,F,0,112.91654193358505
7116043,FALSE POSITIVE,0.566799725,0.77,2289.0,0.0,5576.0,1.132,3158.4199999999996,G,0,82.3924182390879
7116226,FALSE POSITIVE,0.566801325,1.07,2383.0,0.0,6273.0,1.021,3158.4199999999996,F,0,162.49079869388095
8008128,FALSE POSITIVE,14.854415674,29.77,798.0,0.0,6214.0,1.022,95.83,F,0,326.9532849077857
8009500,FALSE POSITIVE,38.47674409,33.8,463.0,0.0,5294.0,0.79,10.85,G,0,126.22429768589082
8013289,FALSE POSITIVE,10.643110689,31.72,1038.0,0.0,5930.0,1.473,274.67,G,0,29.718755093556087
8016214,FALSE POSITIVE,1.587485742,41.52,1460.0,0.0,5863.0,0.821,1070.86,G,0,3059.3660601204947
8016692,CANDIDATE,6.613671,0.91,1266.0,0.721,6056.0,1.597,607.33,F,0,4.959424198754368
8027902,FALSE POSITIVE,1.79621807,1.54,2480.0,0.0,7117.0,2.09,3158.4199999999996,F,0,26.166087951670587
8039925,FALSE POSITIVE,20.2594232,1.23,837.0,0.0,6602.0,1.269,116.05,F,0,4.077115087856993
8042644,CANDIDATE,1.48062814,0.76,1653.0,0.991,6187.0,0.937,1770.63,F,0,42.211814237165584
8081389,FALSE POSITIVE,1.489442254,48.03,2328.0,0.0,6962.0,1.62,3158.4199999999996,F,0,3260.750785709883
8750094,FALSE POSITIVE,1.12679793,21.07,1590.0,0.0,5662.0,0.84,1514.63,G,0,201.63331325963654
8758161,FALSE POSITIVE,0.998217563,48.03,2795.0,0.0,6980.0,1.755,3158.4199999999996,F,0,4865.372219462743
8760760,CANDIDATE,2.68814059,0.92,1135.0,1.0,5636.0,0.734,392.64,G,0,54.015032003962254
8767034,FALSE POSITIVE,0.58640848,0.48,1444.0,0.0,4556.0,0.615,1029.91,K,0,104.53464110887346
8773948,FALSE POSITIVE,33.46947449,48.03,972.0,0.0,5934.0,2.747,211.38,G,0,145.10834346834704
8784288,FALSE POSITIVE,1.827558898,48.03,2178.0,0.0,5977.0,2.077,3158.4199999999996,G,0,2657.4793323022086
8804358,FALSE POSITIVE,62.519211,1.9,520.0,0.0,6343.0,1.137,17.29,F,0,4.440235178271844
8807057,CANDIDATE,97.991569,1.41,467.0,0.433,6499.0,1.169,11.21,F,0,1.2939888736754486
8508493,FALSE POSITIVE,154.608014,2.63,251.0,0.001,5941.0,0.885,0.94,G,0,5.446030760087249
9652632,FALSE POSITIVE,2.488812012,48.03,1852.0,0.0,6499.0,1.497,2776.19,F,0,1951.4129538844415
9655424,FALSE POSITIVE,0.51811818,1.09,2360.0,0.0,6240.0,0.929,3158.4199999999996,F,0,191.0760977350766
9657636,FALSE POSITIVE,154.608014,1.07,266.0,0.0,6099.0,1.212,1.19,F,0,0.4863913457940156
9658089,CANDIDATE,1.057080807,0.97,1805.0,0.996,6000.0,0.946,2518.85,F,0,57.32768923501986
9665503,FALSE POSITIVE,11.567974732,45.65,628.0,0.0,5290.0,0.648,36.66,G,0,419.8401286756891
9673173,FALSE POSITIVE,21.294733865,48.03,771.0,0.0,6039.0,1.278,83.71,F,0,228.0704718260164
9674320,CANDIDATE,154.608014,1.59,218.0,0.947,5366.0,0.715,0.54,G,0,2.864663923566084
9693803,CANDIDATE,13.4959496,1.62,784.0,0.0,5962.0,1.019,89.25,G,0,18.790822988846966
9711751,FALSE POSITIVE,0.855763492,48.03,2464.0,0.0,6679.0,1.326,3158.4199999999996,F,0,5675.2830021405025
10619109,FALSE POSITIVE,2.045166206,48.03,2422.0,0.0,7128.0,2.135,3158.4199999999996,F,0,2374.721421541032
10646620,FALSE POSITIVE,2.41349123,2.11,2348.0,0.0,6628.0,2.595,3158.4199999999996,F,0,23.617239330096922
10649230,FALSE POSITIVE,0.447820618,1.42,3141.0,0.0,5927.0,1.607,3158.4199999999996,G,0,130.1860558818665
10659624,CANDIDATE,43.2675604,1.61,664.0,0.582,5747.0,1.729,45.99,G,0,1.5970394300298936
10661913,FALSE POSITIVE,1.23133063,0.54,1072.0,0.0,4237.0,0.631,311.53,K,0,64.07702210737664
10661976,FALSE POSITIVE,0.61566096,0.84,3459.0,0.0,6619.0,2.23,3158.4199999999996,F,0,22.577361410085185
10662021,FALSE POSITIVE,1.23140522,0.81,1756.0,0.0,5600.0,1.118,2252.47,G,0,41.65972270281589
10665228,CANDIDATE,11.3251153,1.26,674.0,0.378,5334.0,0.727,48.78,G,0,26.242558431171116
8560927,FALSE POSITIVE,31.9714488,0.87,674.0,0.0,5846.0,1.323,48.92,G,0,1.341822207318925
11817750,FALSE POSITIVE,9.762550001,48.03,1375.0,0.0,7199.0,1.95,843.46,F,0,497.48272731023326
11825996,CANDIDATE,16.9163386,0.68,648.0,0.0,5628.0,0.81,41.74,G,0,3.7951474913135166
11854636,CANDIDATE,37.0200232,2.14,507.0,0.235,5685.0,0.886,15.66,G,0,15.694209505519707
11855538,FALSE POSITIVE,2.521265,1.16,2049.0,0.0,6306.0,1.874,3158.4199999999996,F,0,14.476859830283606
11858541,FALSE POSITIVE,5.674353343,48.03,1053.0,0.0,5594.0,1.071,290.75,G,0,855.9036962319814
11873166,FALSE POSITIVE,0.734426335,48.03,2106.0,0.0,6108.0,0.997,3158.4199999999996,F,0,6612.916460845593
11873171,FALSE POSITIVE,0.734426409,0.98,2223.0,0.0,6406.0,1.005,3158.4199999999996,F,0,128.12720082891246
11904704,CANDIDATE,0.565713361,0.81,1917.0,0.999,5220.0,0.881,3158.4199999999996,G,0,152.72752237506373
3102024,FALSE POSITIVE,13.782522208,41.84,605.0,0.0,5246.0,0.668,31.69,G,0,352.38107559013775
3110937,FALSE POSITIVE,1.89121656,0.73,1434.0,0.0,5741.0,0.884,997.34,G,0,35.32117971725036
3115480,FALSE POSITIVE,3.693702974,48.03,1453.0,0.0,6309.0,1.396,1054.1,F,0,1314.8593793779153
3120320,FALSE POSITIVE,10.265613245,48.03,1000.0,0.0,5865.0,1.423,236.6,G,0,473.1037380904174
3127817,FALSE POSITIVE,2.163569702,48.03,1996.0,0.0,6425.0,1.718,3158.4199999999996,F,0,2244.7624384416526
3228740,FALSE POSITIVE,0.730956716,0.57,2192.0,0.0,6028.0,1.078,3158.4199999999996,F,0,38.032347732064615
3230206,FALSE POSITIVE,7.04715073,1.54,932.0,0.0,5941.0,0.911,178.49,G,0,40.087123267760724
3230227,FALSE POSITIVE,7.047106212,48.03,1846.0,0.0,8162.0,2.321,2744.25,A,0,689.1765008067966
4729553,FALSE POSITIVE,0.961292561,48.03,2344.0,0.0,6300.0,1.404,3158.4199999999996,F,0,5052.260047604799
4736208,FALSE POSITIVE,63.68192888,48.03,486.0,0.0,5979.0,1.054,13.15,G,0,76.26496378826394
4737302,FALSE POSITIVE,9.455586047,48.03,1972.0,0.0,7221.0,2.747,3158.4199999999996,F,0,513.632891272868
4739194,FALSE POSITIVE,1.246585716,48.03,1992.0,0.0,6440.0,1.183,3158.4199999999996,F,0,3896.0016448640263
4739565,FALSE POSITIVE,0.898932836,1.51,2489.0,0.0,5712.0,1.872,3158.4199999999996,G,0,67.9694828724668
4740688,FALSE POSITIVE,3.45423296,0.95,743.0,0.0,4186.0,0.635,71.74,K,0,43.36708083521964
4753988,FALSE POSITIVE,7.304451735,48.03,931.0,0.0,6024.0,0.9,177.19,F,0,664.8958985831399
4757331,FALSE POSITIVE,1.181046137,37.78,1389.0,0.0,5229.0,0.692,878.27,G,0,4112.201757279868
5301955,FALSE POSITIVE,0.68396452,2.39,878.0,0.0,5706.8232800782525,1.0,141.3,G,0,615.3827979264188
5306862,FALSE POSITIVE,2.025580416,43.23,2102.0,0.0,6348.0,1.99,3158.4199999999996,F,0,2397.6831339980727
5307574,FALSE POSITIVE,58.64379,1.05,437.0,0.0,5833.0,0.775,8.59,G,0,3.105188119662798
5308778,FALSE POSITIVE,20.28281916,22.46,1141.0,0.0,5043.0,2.747,401.55,K,0,137.9246138286824
5310435,FALSE POSITIVE,4.931365987,48.03,1755.0,0.0,6562.0,2.263,2239.55,F,0,984.8589645958475
5343976,FALSE POSITIVE,4.331392455,38.82,1051.0,0.0,5655.0,0.854,288.51,G,0,1121.2791383966153
5347537,FALSE POSITIVE,154.608014,44.91,257.0,0.0,5712.0,0.971,1.03,G,0,31.4129900148643
5347784,FALSE POSITIVE,9.58405667,48.03,1212.0,0.0,5605.0,2.275,510.85,G,0,506.74783833472463
6364294,FALSE POSITIVE,5.2436612,1.1,1249.0,0.006,6598.0,1.145,574.76,F,0,16.83937932526991
6367439,FALSE POSITIVE,3.7789374,0.48,860.0,0.0,5017.0,0.605,129.06,K,0,14.818980594915386
6367628,FALSE POSITIVE,1.88984957,48.03,1221.0,0.0,5328.0,0.716,526.5,G,0,2569.887083658198
6368222,CANDIDATE,82.97062172,2.39,878.0,0.0,5706.8232800782525,1.0,141.3,G,0,5.072879909474541
6372268,CANDIDATE,5.22422449,2.39,878.0,0.0,5706.8232800782525,1.0,29.83,G,0,80.56698191390316
6384840,FALSE POSITIVE,2.49904083,1.04,1258.0,0.039,5525.0,0.93,592.18,G,0,51.29968204641138
6386784,FALSE POSITIVE,1.99567242,0.75,2137.0,0.0,6773.0,1.69,3158.4199999999996,F,0,9.019516339259727
6390236,FALSE POSITIVE,0.89879279,0.57,2116.0,0.0,6224.0,1.096,3158.4199999999996,F,0,29.595252983727207
6421188,FALSE POSITIVE,16.434352831,25.25,789.0,0.0,5963.0,1.134,91.8,G,0,295.52122008959435
7116236,FALSE POSITIVE,0.566793818,1.17,2027.0,0.0,5707.0,0.828,3158.4199999999996,G,0,176.96029281674348
7117513,FALSE POSITIVE,0.566797474,1.04,2270.0,0.0,6046.0,1.007,3158.4199999999996,F,0,174.31270344722813
7117541,FALSE POSITIVE,1.585673651,48.03,1648.0,0.0,6117.0,1.025,1740.78,F,0,3062.862271147116
7118545,FALSE POSITIVE,14.797219157,47.71,787.0,0.0,6343.0,0.931,90.8,F,0,328.217075686311
7125636,FALSE POSITIVE,6.49066214,33.46,621.0,0.0,4448.0,0.563,35.28,K,0,748.2595604645044
7128918,FALSE POSITIVE,7.11879848,41.17,819.0,0.0,5578.0,0.754,106.52,G,0,682.2359157440287
7132015,FALSE POSITIVE,6.99510404,48.03,3749.0,0.0,3681.0,2.747,3158.4199999999996,M,0,10.264321958533728
7135549,CANDIDATE,22.50053441,2.39,878.0,0.0,5706.8232800782525,1.0,141.3,G,0,18.706222364786935
8088354,FALSE POSITIVE,2.897829967,48.03,1454.0,0.0,6318.0,1.077,1054.79,F,0,1675.9782510731418
8091197,CANDIDATE,4.88698386,1.2,1133.0,0.997,6152.0,1.009,389.31,F,0,25.65999880343374
8094140,FALSE POSITIVE,0.706428634,47.64,1416.0,0.0,4429.0,0.736,951.77,K,0,6875.004446662902
8094221,FALSE POSITIVE,10.8632531,19.93,802.0,0.0,5896.0,0.914,98.04,G,0,17.324460570655397
8097825,FALSE POSITIVE,1.46842648,40.3,1559.0,0.0,5539.0,0.959,1402.93,G,0,3307.4178831207128
8098300,FALSE POSITIVE,4.305917719,48.03,1266.0,0.0,6502.0,1.037,607.76,F,0,1127.912867115332
8098515,FALSE POSITIVE,1.28659726,2.39,878.0,0.0,5706.8232800782525,1.0,3158.4199999999996,G,0,327.1419993541724
8098960,CANDIDATE,8.47484677,1.35,780.0,0.98,5564.0,0.785,87.55,G,0,25.699579698713542
8104436,FALSE POSITIVE,2.535389624,16.24,1113.0,0.0,5488.0,0.706,362.73,G,0,164.90562083328933
8815279,CANDIDATE,13.56092626,2.39,878.0,0.0,5706.8232800782525,1.0,141.3,G,0,31.037702877384422
8822585,FALSE POSITIVE,1.627538928,1.42,2520.0,0.0,6854.0,2.088,3158.4199999999996,F,0,23.96256048260862
8823397,FALSE POSITIVE,1.506503686,48.03,3250.0,0.0,8751.0,2.352,3158.4199999999996,A,0,3223.8221818728425
8841616,FALSE POSITIVE,1.679585725,28.99,970.0,0.0,4462.0,0.554,209.45,K,0,2891.605904783455
8845221,FALSE POSITIVE,5.40346248,48.03,1559.0,0.0,6350.0,1.984,1398.38,F,0,898.8125702688325
8845552,CANDIDATE,34.0357766,1.05,337.0,0.0,4367.0,0.501,3.06,K,0,11.358636077074264
8848104,FALSE POSITIVE,0.824851807,48.03,2539.0,0.303,5658.0,1.654,3158.4199999999996,G,0,5887.966733883872
8848115,FALSE POSITIVE,0.82484293,48.03,3749.0,0.0,4148.0,2.747,3158.4199999999996,K,0,749.9609652955382
8868657,FALSE POSITIVE,4.4473549,1.52,954.0,0.0,5531.0,0.764,195.56,G,0,45.780020838903596
9726452,CANDIDATE,42.48452259,2.39,878.0,0.0,5706.8232800782525,1.0,141.3,G,0,9.90713733709394
9762514,FALSE POSITIVE,7.51509713,1.23,685.0,0.0,4867.0,0.696,51.99,K,0,24.89655113745682
9762519,FALSE POSITIVE,7.51514595,35.8,842.0,0.0,5624.0,0.777,118.99,G,0,646.25491405127
9777062,FALSE POSITIVE,19.230038188,48.03,1361.0,0.0,7703.0,2.747,810.65,A,0,252.55800079641523
9786821,FALSE POSITIVE,21.120005744,31.2,880.0,0.0,6195.0,1.598,141.75,F,0,229.9573238222127
9790965,FALSE POSITIVE,0.82206761,48.03,2941.0,0.0,6531.0,1.921,3158.4199999999996,F,0,5907.908231538279
9790965,CANDIDATE,4.74701479,48.03,1640.0,0.0,6531.0,1.921,1708.72,F,0,763.0058384545291
9811915,CANDIDATE,1.96682825,1.18,1283.0,0.984,5595.0,0.796,638.54,G,0,108.95714966469492
9818732,FALSE POSITIVE,45.035589512,48.03,600.0,0.0,6484.0,1.153,30.66,F,0,107.84137728908607
10665749,CANDIDATE,4.237447181,2.26,1172.0,0.965,5993.0,0.993,446.38,G,0,82.6204988630394
10670112,CANDIDATE,4.0953585,7.76,1680.0,0.0,6839.0,1.7,1884.15,F,0,55.37976711928883
10680424,CANDIDATE,0.92623983,1.16,1208.0,1.0,4494.0,0.591,504.34,K,0,444.1614219936968
10685175,FALSE POSITIVE,3.10197712,2.64,2246.0,0.0,8709.0,1.797,3158.4199999999996,A,0,40.167930058749114
10686876,FALSE POSITIVE,2.618414643,48.03,2582.0,0.0,8143.0,2.361,3158.4199999999996,A,0,1854.824640926819
10686930,FALSE POSITIVE,2.61844178,2.16,2033.0,0.0,5088.0,2.747,3158.4199999999996,K,0,17.223984258301897
10711913,FALSE POSITIVE,19.407958161,44.96,633.0,0.0,5702.0,0.799,37.92,G,0,250.24270764141824
10732401,FALSE POSITIVE,0.933747375,8.93,2003.0,0.0,6224.0,1.024,3158.4199999999996,F,0,213.01264702350568
11906217,FALSE POSITIVE,37.910213899,29.45,358.0,0.0,4623.0,0.56,3.89,K,0,128.11059343899166
11913052,FALSE POSITIVE,3.74785307,9.04,2440.0,0.0,4929.0,2.747,3158.4199999999996,K,0,38.9289540638262
11913071,FALSE POSITIVE,3.747835042,48.03,2697.0,0.0,8529.0,2.747,3158.4199999999996,A,0,1295.8681333552672
11918482,FALSE POSITIVE,0.94754848,48.03,622.0,0.0,3246.0,0.2,35.37,M,0,5125.542494670035
11922648,FALSE POSITIVE,1.75643185,0.58,1366.0,0.0,5696.0,0.812,821.36,G,0,29.37774101511539
11922782,FALSE POSITIVE,1.756466865,48.03,1831.0,0.0,5726.0,1.465,2652.65,G,0,2765.039350742321
11923819,FALSE POSITIVE,33.159475806,48.03,1068.0,0.0,7967.0,2.379,307.53,A,0,146.46492086950332
11959569,FALSE POSITIVE,46.14869106,48.03,647.0,0.0,5383.0,1.935,41.46,G,0,105.24025467343343
11966557,FALSE POSITIVE,60.2976774,48.03,481.0,0.0,5995.0,0.977,12.63,G,0,80.54539095729747
5897826,CANDIDATE,0.875197345,0.73,2518.0,0.997,5855.0,1.796,3158.4199999999996,G,0,0.0
3240158,CANDIDATE,13.2298203,1.5,856.0,0.949,6049.0,1.176,126.84,F,0,11.927599651523613
2837111,CANDIDATE,3.71840884,0.84,1184.0,0.047,5982.0,0.96,464.19,G,0,20.761568542312308
3241619,FALSE POSITIVE,1.703347524,47.62,1202.0,0.0,5325.0,0.648,495.27,G,0,2851.2678308856953
3241662,FALSE POSITIVE,1.70332915,0.86,1420.0,0.0,5749.0,0.864,965.03,G,0,57.82793067329353
3245000,FALSE POSITIVE,20.413812,16.5,586.0,0.0,5514.0,0.826,27.84,G,0,24.316869382357396
3246867,CANDIDATE,5.32737192,0.7,782.0,0.0,4905.0,0.679,88.33,K,0,20.21634712524445
3247294,FALSE POSITIVE,67.41958542,48.03,470.0,0.0,6071.0,0.962,11.48,F,0,72.03693065960712
3248332,FALSE POSITIVE,7.363572395,48.03,1287.0,0.0,6793.0,1.508,649.25,F,0,659.5575814937038
3249334,CANDIDATE,5.90260586,1.26,759.0,0.0,4960.0,0.707,78.58,K,0,57.21201923517894
3323289,FALSE POSITIVE,33.693201537,48.03,518.0,0.0,5427.0,0.899,17.07,G,0,144.14480602760892
3324069,CANDIDATE,22.80265,2.36,1045.0,0.0,5011.0,2.747,281.59,K,0,2.3286767108208917
4758350,FALSE POSITIVE,1.120997701,48.03,3749.0,0.0,6720.0,2.747,3158.4199999999996,F,0,129.8842984870671
4758368,FALSE POSITIVE,1.874967748,48.03,3749.0,0.0,4588.0,2.747,3158.4199999999996,K,0,2590.2845556573275
4760959,CANDIDATE,29.9315174,1.58,517.0,0.0,5551.0,0.809,16.9,G,0,11.793588520173053
4764969,CANDIDATE,0.602277579,0.78,2699.0,0.0,6510.0,1.228,3158.4199999999996,F,0,57.448593815244784
4768756,FALSE POSITIVE,2.40440112,0.42,1172.0,0.0,5433.0,0.769,447.52,G,0,11.270997910698028
4769824,FALSE POSITIVE,21.926779,1.26,618.0,0.0,5853.0,0.868,34.52,G,0,9.057417872456323
4773155,FALSE POSITIVE,25.706001174,48.03,579.0,0.0,5642.0,0.903,26.55,G,0,188.93253630254424
4830859,CANDIDATE,27.2173855,1.34,667.0,0.0,6263.0,1.019,46.8,F,0,5.7279564931025435
4832273,FALSE POSITIVE,154.608014,1.83,254.0,0.0,6316.0,1.036,0.99,F,0,1.9850200003215874
5353938,CANDIDATE,6.27651592,0.65,532.0,0.951,3914.0,0.515,18.89,K,0,26.44779398567988
5359678,FALSE POSITIVE,3.115304946,48.03,1404.0,0.0,6367.0,1.087,918.39,F,0,1558.9806083786186
5380812,CANDIDATE,16.214474,3.53,1256.0,0.0,6801.0,2.637,587.82,F,0,9.972571419831441
5385469,FALSE POSITIVE,12.422524,0.86,1107.0,0.0,7225.0,1.414,354.37,F,0,2.72891402745529
5385647,FALSE POSITIVE,12.4269264,1.66,906.0,0.0,5349.0,1.505,159.5,G,0,10.1875553073204
5385667,FALSE POSITIVE,12.4261809,1.88,976.0,0.0,5948.0,1.432,214.85,G,0,7.4198179426150155
5388229,FALSE POSITIVE,0.61810542,39.52,1994.0,0.0,5371.0,0.949,3158.4199999999996,G,0,7857.397529372902
5389184,FALSE POSITIVE,1.06995136,0.9,1991.0,0.0,5869.0,1.221,3158.4199999999996,G,0,51.21728150333862
6421483,FALSE POSITIVE,2.158398259,48.03,1829.0,0.0,5210.0,1.946,2649.52,G,0,2250.140806845415
6421937,FALSE POSITIVE,154.608014,48.03,491.0,0.0,5087.0,2.747,13.7,K,0,31.4129900148643
6423922,CANDIDATE,0.9951412,0.22,509.0,0.413,3325.0,0.109,15.69,M,0,102.1965526098206
6428942,FALSE POSITIVE,154.608014,4.3,328.0,0.0,6668.0,1.791,2.74,F,0,3.6544030634789735
6436505,CANDIDATE,43.535891,1.86,444.0,0.993,5481.0,0.778,9.19,G,0,13.244244846166122
6437993,FALSE POSITIVE,1.39797542,0.49,1316.0,0.0,5074.0,0.761,709.8,K,0,30.90183087768453
6442246,FALSE POSITIVE,2.2127498,0.68,1801.0,0.0,6195.0,1.405,2494.14,F,0,10.258728754602078
6443392,FALSE POSITIVE,0.776976021,48.03,2083.0,0.0,5999.0,1.042,3158.4199999999996,G,0,6250.772055679695
7137798,FALSE POSITIVE,2.25353739,48.03,2056.0,0.0,6951.0,1.662,3158.4199999999996,F,0,2155.145071722107
7177553,FALSE POSITIVE,17.99646148,48.03,1004.0,0.0,5684.0,2.249,240.38,G,0,269.8697188554202
7177892,FALSE POSITIVE,1.386249249,48.03,2137.0,0.0,6226.0,1.594,3158.4199999999996,F,0,3503.4825111742944
7185487,FALSE POSITIVE,0.53482911,0.54,753.0,0.0,3229.0,0.201,75.82,M,0,1316.3083064046384
7198648,FALSE POSITIVE,0.566799833,1.27,1900.0,0.0,5488.0,0.789,3084.6,G,0,349.32967243834736
7199935,FALSE POSITIVE,0.566795728,0.64,2755.0,0.0,6130.0,1.393,3158.4199999999996,F,0,33.34534659724888
7200102,FALSE POSITIVE,14.665759784,48.03,712.0,0.0,5385.0,1.002,60.89,G,0,331.1591128949586
7200225,FALSE POSITIVE,0.566780836,0.75,2204.0,0.0,5949.0,0.962,3158.4199999999996,G,0,107.4489399285194
8488381,CANDIDATE,4.7368156,0.6,1137.0,0.532,6088.0,1.011,395.05,F,0,7.452263921779011
8111622,FALSE POSITIVE,15.44605962,48.03,701.0,0.0,5838.0,0.897,57.04,G,0,314.42970695978704
8112013,FALSE POSITIVE,1.790518325,32.19,1850.0,0.276,6586.0,1.219,2761.65,F,0,2712.4547859626064
8115647,CANDIDATE,40.7698541,1.87,585.0,0.987,5884.0,1.21,27.73,G,0,5.881796864217868
8120820,CANDIDATE,129.222771,2.01,288.0,0.358,4934.0,0.809,1.63,K,0,3.4459870853566517
8123170,FALSE POSITIVE,1.03905082,0.87,2297.0,0.0,6558.0,1.28,3158.4199999999996,F,0,42.15385730603629
8123937,FALSE POSITIVE,0.503201954,2.99,3550.0,0.0,6157.0,2.306,3158.4199999999996,F,0,85.45276833324856
8128965,FALSE POSITIVE,7.140373046,48.03,1132.0,0.0,5945.0,1.333,388.56,G,0,680.1745467235354
8129189,FALSE POSITIVE,53.647084859,48.03,753.0,0.0,5261.0,2.747,75.91,G,0,90.53054816985502
8878681,FALSE POSITIVE,2.496328637,48.03,2317.0,0.003,6757.0,2.615,3158.4199999999996,F,0,1945.5371091831128
8879427,FALSE POSITIVE,16.31328124,30.85,747.0,0.0,6008.0,1.006,73.51,F,0,297.71447745849076
8879915,FALSE POSITIVE,1.721313779,48.03,1627.0,0.0,5960.0,1.073,1658.35,G,0,2821.507652614916
8881169,CANDIDATE,5.01880305,1.08,1178.0,0.981,6220.0,1.083,455.98,F,0,19.666043679478516
8890996,FALSE POSITIVE,1.50650745,1.13,2498.0,0.0,6839.0,2.02,3158.4199999999996,F,0,18.453277479643397
8906676,FALSE POSITIVE,8.209514329,48.03,1371.0,0.0,6258.0,2.111,834.79,F,0,591.5940706557722
8938628,FALSE POSITIVE,3.431126546,47.48,1251.0,0.0,5815.0,0.969,580.05,G,0,1415.482622074062
8940961,FALSE POSITIVE,1.583334941,48.03,1548.0,0.0,5846.0,0.953,1362.14,G,0,3067.386359156966
8953278,CANDIDATE,23.59919017,2.39,878.0,0.0,5706.8232800782525,1.0,141.3,G,0,17.835357779991142
9821078,FALSE POSITIVE,8.429438192,48.03,582.0,0.0,4268.0,0.68,27.16,K,0,576.1593939450527
9821428,CANDIDATE,154.608014,1.15,237.0,0.0,5606.0,0.76,0.75,G,0,1.4921606845037152
9837013,CANDIDATE,14.461834,1.05,785.0,0.933,5457.0,1.196,89.86,G,0,5.545631349384871
9848420,FALSE POSITIVE,7.9320191,1.04,811.0,0.0,5219.0,0.905,102.05,G,0,15.771520267771418
9850387,FALSE POSITIVE,1.374249107,48.03,2725.0,0.0,7053.0,2.121,3158.4199999999996,F,0,3534.0754272725894
9850912,FALSE POSITIVE,8.4804737,1.85,930.0,0.0,6092.0,0.998,176.51,F,0,39.7383462199759
9852050,FALSE POSITIVE,0.94242156,2.39,878.0,0.0,5706.8232800782525,1.0,141.3,G,0,446.61541911244046
9873869,FALSE POSITIVE,4.994773558,48.03,1264.0,0.0,6253.0,1.181,604.21,F,0,972.3563928581203
10736223,FALSE POSITIVE,1.105094098,48.03,3749.0,0.0,8011.0,2.747,3158.4199999999996,A,0,4394.829371353679
10736489,CONFIRMED,6.842939,2.39,878.0,1.0,5706.8232800782525,1.0,99.24,G,1,61.508658779509794
10743600,FALSE POSITIVE,0.8170226,48.03,1947.0,0.0,5780.0,1.0,3158.4199999999996,G,0,5944.388808828544
10751908,CANDIDATE,4.48538145,0.96,962.0,0.0,5654.0,0.737,202.75,G,0,37.47730307307531
10753734,FALSE POSITIVE,19.40669392,48.03,597.0,0.0,5622.0,0.778,30.05,G,0,250.25900959847777
10794242,FALSE POSITIVE,7.143708297,44.78,943.0,0.0,5655.0,0.992,187.0,G,0,679.856987167235
10794405,FALSE POSITIVE,0.952377862,28.44,1713.0,0.0,5662.0,0.863,2023.36,G,0,2228.422231007298
10809677,FALSE POSITIVE,3.521050679,48.03,2434.0,0.0,5149.0,2.747,3158.4199999999996,K,0,1379.3326034657737
10812541,CANDIDATE,4.84847245,1.51,667.0,0.996,4137.0,0.647,46.85,K,0,114.4071675605788
11967004,FALSE POSITIVE,1.941635737,48.03,1728.0,0.019,6525.0,1.161,2109.03,F,0,2501.3445660533803
11968490,FALSE POSITIVE,0.539445498,48.03,2959.0,0.0,6486.0,1.456,3158.4199999999996,F,0,9003.133806855869
11970288,FALSE POSITIVE,20.7106853,48.03,1246.0,0.0,6956.0,2.747,570.64,F,0,48.42910726860399
12004679,FALSE POSITIVE,2.521245368,48.03,1241.0,0.0,5605.0,0.854,560.57,G,0,1926.3099346227532
12004680,FALSE POSITIVE,2.52122764,0.91,1177.0,0.0,5546.0,0.81,453.48,G,0,50.4912757500945
12004689,FALSE POSITIVE,2.5212708,0.81,1003.0,0.0,5110.0,0.637,238.81,K,0,64.76892525785013
12013615,FALSE POSITIVE,8.202869679,48.03,1190.0,0.0,6060.0,1.643,474.09,F,0,592.0732853325146
12016243,CANDIDATE,11.8436119,1.41,830.0,1.0,6077.0,0.999,111.98,F,0,16.827636846155013
12022517,FALSE POSITIVE,3.442714533,47.02,1157.0,0.0,5819.0,0.861,423.13,G,0,1410.7181857357905
6307521,FALSE POSITIVE,154.608014,28.22,221.0,0.0,5334.0,1.004,0.56,G,0,6.25646740407648
7037540,FALSE POSITIVE,0.858285844,0.9,2274.0,0.0,5945.0,1.346,3158.4199999999996,G,0,50.56590447505971
11129738,CANDIDATE,4.88446644,0.84,579.0,0.891,3883.0,0.517,26.5,K,0,45.245474140262495
10028792,CANDIDATE,8.9772888,1.79,1113.0,0.946,5597.0,1.699,362.75,G,0,10.860740048821867
4860678,CANDIDATE,3.03359398,1.55,1529.0,0.899,5557.0,1.616,1294.06,G,0,31.513775617394913
5531953,CANDIDATE,21.9139549,10.39,303.0,0.999,3638.0,0.42,2.01,M,0,26.667938428585522
4349442,FALSE POSITIVE,6.238315363,0.7,746.0,0.0,4914.0,0.724,73.27,K,0,13.288844051021728
7765528,CANDIDATE,9.3888216,20.91,963.0,0.842,5846.0,1.24,202.91,G,0,20.524407450664523
3327980,FALSE POSITIVE,2.115510941,48.03,2701.0,0.0,7563.0,2.638,3158.4199999999996,A,0,2295.757448413026
3329643,FALSE POSITIVE,1.015044104,1.98,1979.0,0.0,5910.0,1.124,3158.4199999999996,G,0,155.85529670738325
3335816,FALSE POSITIVE,3.711013336,48.03,1436.0,0.0,6338.0,1.247,1003.75,F,0,1308.7260972322197
3337438,FALSE POSITIVE,2.97606298,5.65,2615.0,0.0,5321.0,2.747,3158.4199999999996,G,0,24.260239277597545
3337548,FALSE POSITIVE,2.97586085,0.85,1135.0,0.0,5481.0,0.835,392.05,G,0,35.58634134388374
3339538,FALSE POSITIVE,14.658013949,48.03,855.0,0.0,5146.0,1.626,126.35,K,0,331.3341095797861
3341934,FALSE POSITIVE,18.839487435,45.2,734.0,0.0,6208.0,1.024,68.54,F,0,257.79363779171734
3343866,FALSE POSITIVE,0.555973803,1.9,3049.0,0.004,5445.0,2.117,3158.4199999999996,G,0,135.43803609753894
4839180,FALSE POSITIVE,4.426344495,48.03,1316.0,0.0,6228.0,1.226,709.74,F,0,1097.2259401603578
4840263,FALSE POSITIVE,0.957823876,48.03,2649.0,0.0,5908.0,2.033,3158.4199999999996,G,0,5070.556416156826
4840818,FALSE POSITIVE,5.024768971,42.15,1159.0,0.0,6322.0,0.989,425.9,F,0,966.5519007998188
4847832,FALSE POSITIVE,30.960216668,48.03,527.0,0.0,5291.0,0.926,18.3,G,0,156.8690572188343
4851217,FALSE POSITIVE,2.470283788,48.03,2657.0,0.0,7823.0,2.675,3158.4199999999996,A,0,1966.0494165053394
4851338,FALSE POSITIVE,1.23516416,0.92,1866.0,0.0,6249.0,1.076,2861.14,F,0,52.30074033236197
4851356,FALSE POSITIVE,1.23513471,0.7,1743.0,0.0,5930.0,0.997,2172.96,G,0,34.65209070191218
4862332,FALSE POSITIVE,0.8903331,20.96,3749.0,0.002,4981.0,2.747,3158.4199999999996,K,0,150.617785635511
4862625,FALSE POSITIVE,20.000242814,21.57,746.0,0.0,6373.0,1.047,73.09,F,0,242.83205184890812
5393558,FALSE POSITIVE,10.217121652,48.03,994.0,0.0,5931.0,1.349,230.53,G,0,475.34914092456773
5397905,FALSE POSITIVE,0.618060842,0.51,1854.0,0.0,5339.0,0.793,2791.09,G,0,40.610888595980654
5444392,FALSE POSITIVE,0.759764419,48.03,2715.0,0.0,5807.0,1.909,3158.4199999999996,G,0,6392.376213658934
5456979,CANDIDATE,2.6528082,1.17,1280.0,0.997,5778.0,0.935,633.57,G,0,57.71242715549507
5460835,FALSE POSITIVE,21.539269242,48.03,674.0,0.0,6136.0,0.933,48.89,F,0,225.4811871950507
5462901,FALSE POSITIVE,5.270733213,37.93,693.0,0.0,4348.0,0.678,54.59,K,0,921.4467520422381
5466109,CANDIDATE,2.43135542,1.07,1422.0,0.786,6231.0,0.955,965.4,F,0,50.835842009474696
5471010,FALSE POSITIVE,12.4232158,1.3,685.0,0.0,5497.0,0.809,51.91,G,0,21.049300294695033
6447326,FALSE POSITIVE,4.3206933,1.66,1205.0,0.0,6225.0,1.031,499.09,F,0,34.23061757241598
6448768,FALSE POSITIVE,16.486796364,46.92,1053.0,0.0,6020.0,2.097,290.46,F,0,294.5811844079619
6449291,FALSE POSITIVE,5.7768734,3.13,1399.0,0.0,5473.0,2.162,905.0,G,0,12.290385314658272
6449552,FALSE POSITIVE,20.148807707,48.03,631.0,0.0,5547.0,0.918,37.55,G,0,241.04155792368346
6452742,FALSE POSITIVE,0.687772143,46.27,2097.0,0.61,5885.0,0.933,3158.4199999999996,G,0,7061.495655836703
6464285,FALSE POSITIVE,0.843651274,39.98,1553.0,0.0,5220.0,0.695,1371.12,G,0,5756.762479564512
6466939,FALSE POSITIVE,1.142946648,43.5,1293.0,0.0,5058.0,0.608,660.96,K,0,4249.279709161018
6468938,FALSE POSITIVE,7.217010987,48.03,1096.0,0.0,6047.0,1.211,341.36,F,0,672.9517259636118
8429014,FALSE POSITIVE,9.72869627,42.47,1126.0,0.001,6881.0,1.351,379.75,F,0,25.923309043751242
7200301,FALSE POSITIVE,0.566791802,0.66,2040.0,0.0,5691.0,0.887,3158.4199999999996,G,0,86.98079228746501
7203179,FALSE POSITIVE,2.245738777,48.03,1737.0,0.0,6508.0,1.312,2156.25,F,0,2162.629086579645
7203194,FALSE POSITIVE,2.24572117,0.74,1479.0,0.0,6158.0,1.026,1131.64,F,0,21.46303853029092
7204073,FALSE POSITIVE,0.566801906,0.55,1344.0,0.0,4208.0,0.583,774.11,K,0,158.25634855927953
7212722,FALSE POSITIVE,2.316171991,48.03,1288.0,0.0,5932.0,0.795,651.03,G,0,2096.8650078110713
7217088,CANDIDATE,12.54474243,1.88,840.0,0.997,5767.0,1.159,117.9,G,0,20.972929613190953
7280953,FALSE POSITIVE,0.56680208,2.39,878.0,0.0,5706.8232800782525,1.0,392.81,G,0,742.5872537376715
7281217,FALSE POSITIVE,0.566810701,1.49,1921.0,0.0,5593.0,0.752,3158.4199999999996,G,0,352.85148930171664
7281229,FALSE POSITIVE,0.566813319,23.19,2313.0,0.0,6108.0,1.03,3158.4199999999996,F,0,227.7645843392752
8143170,FALSE POSITIVE,28.787257509,48.03,971.0,0.0,5154.0,2.747,210.02,K,0,168.71006202941038
8145789,FALSE POSITIVE,0.835315046,30.54,1490.0,0.0,5009.0,0.69,1160.98,K,0,5814.213479401399
8145958,CANDIDATE,3.07551068,0.84,1389.0,0.978,5763.0,1.242,879.95,G,0,14.989380560369247
8155584,FALSE POSITIVE,26.0164225,48.03,755.0,0.0,6287.0,1.28,76.63,F,0,186.67824140694208
8155654,CANDIDATE,6.29340543,1.08,1072.0,0.943,6214.0,1.076,312.61,F,0,15.31762113091767
8158324,FALSE POSITIVE,154.608014,1.63,234.0,0.0,6103.0,1.03,0.71,F,0,1.470169586422603
8162376,FALSE POSITIVE,0.706430188,0.41,1473.0,0.0,5037.0,0.568,1116.9,K,0,71.91085667477165
8167504,CANDIDATE,7.7021729,0.85,888.0,0.99,5618.0,0.969,147.24,G,0,9.685578468382603
8953281,FALSE POSITIVE,0.78430061,1.14,1566.0,0.167,5176.0,0.681,1416.91,K,0,324.74793051608106
8953426,FALSE POSITIVE,2.665875491,48.03,1502.0,0.0,6234.0,1.159,1199.89,F,0,1821.8030123298056
8953475,FALSE POSITIVE,2.6658312,0.99,1663.0,0.0,6276.0,1.353,1807.48,F,0,15.304794992271077
8957572,FALSE POSITIVE,1.5765874,15.68,2946.0,0.0,6742.0,2.747,3158.4199999999996,F,0,18.521015707724164
8958811,CANDIDATE,2.52557582,0.62,1364.0,0.842,5821.0,1.036,818.81,G,0,14.016605528001927
8958939,CANDIDATE,8.2927558,1.01,927.0,0.0,6146.0,0.943,174.36,F,0,12.456655241192559
8958939,CANDIDATE,22.786522,1.45,661.0,0.0,6146.0,0.943,45.26,F,0,10.01908057754492
8973000,FALSE POSITIVE,28.027891356,31.3,440.0,0.0,5231.0,0.544,8.86,G,0,173.28096282064095
9881258,FALSE POSITIVE,2.028512246,48.03,1542.0,0.0,6105.0,1.025,1333.24,F,0,2394.2177374461853
9899153,FALSE POSITIVE,1.33256167,0.63,1326.0,0.0,4895.0,0.828,727.84,K,0,44.65084156292744
9899193,FALSE POSITIVE,1.332567821,0.96,2395.0,0.0,6600.0,1.681,3158.4199999999996,F,0,23.26335628961582
9899410,FALSE POSITIVE,1.332545609,28.37,3749.0,0.0,5154.0,2.747,3158.4199999999996,K,0,208.7733418811633
9899421,FALSE POSITIVE,1.33256256,16.03,3749.0,0.0,4601.0,2.747,3158.4199999999996,K,0,131.25087350495576
9899577,FALSE POSITIVE,1.33258981,0.67,1369.0,0.0,5309.0,0.763,832.33,G,0,58.832807673953326
9899583,FALSE POSITIVE,1.33258375,0.84,1727.0,0.0,6108.0,0.997,2096.92,F,0,45.700692357985005
9906489,FALSE POSITIVE,8.9648813,28.97,1040.0,0.0,6543.0,1.159,276.3,F,0,50.69782686358602
10815677,CANDIDATE,1.284241817,1.18,1623.0,0.756,5849.0,0.919,1643.57,G,0,129.64848036870924
10816107,FALSE POSITIVE,2.161583501,29.61,1646.0,0.008,5888.0,1.219,1741.01,G,0,2246.8250695627416
10843431,CONFIRMED,8.7396758,3.29,577.0,0.994,4406.0,0.628,26.17,K,1,163.73605071254474
10847907,FALSE POSITIVE,0.535493486,1.42,3181.0,0.0,6328.0,1.864,3158.4199999999996,F,0,100.84156280474343
10848097,CANDIDATE,15.9474242,1.21,670.0,0.0,5472.0,0.877,47.65,G,0,12.02075003435351
10849244,FALSE POSITIVE,24.261683827,48.03,659.0,0.0,6151.0,0.983,44.55,F,0,200.17984055150964
10857589,FALSE POSITIVE,32.532521502,24.35,535.0,0.0,5845.0,0.838,19.39,G,0,149.2875367715172
10866969,CANDIDATE,50.0122,1.2,432.0,0.0,5357.0,0.814,8.23,G,0,4.2069734984663745
12022718,FALSE POSITIVE,4.627775175,32.62,1039.0,0.0,5845.0,0.874,275.68,G,0,1049.4675770414883
12053823,FALSE POSITIVE,28.7850347,2.5,993.0,0.0,6581.0,2.42,229.66,F,0,3.574774221133734
12067960,CANDIDATE,5.60682001,1.04,942.0,0.972,5699.0,0.853,186.43,G,0,26.877980696940543
12071006,FALSE POSITIVE,6.096030635,48.03,1925.0,0.0,7598.0,2.692,3158.4199999999996,A,0,796.6987521544829
12105785,FALSE POSITIVE,31.953038766,47.96,864.0,0.0,5524.0,2.734,131.55,G,0,151.99493342610742
12106875,FALSE POSITIVE,5.9371708,1.17,945.0,0.0,5475.0,0.923,188.41,G,0,26.460414445210166
12157983,FALSE POSITIVE,0.577844035,18.93,1980.0,0.0,5693.0,0.816,3158.4199999999996,G,0,554.4748765988386
12164751,FALSE POSITIVE,2.630090609,48.03,1551.0,0.0,6315.0,1.108,1371.02,F,0,1846.5903734953795
12217907,FALSE POSITIVE,43.204596783,43.15,519.0,0.0,6003.0,0.932,17.15,F,0,112.41164972313774
10028352,FALSE POSITIVE,1.75147897,1.8,2340.0,0.0,6823.0,2.037,3158.4199999999996,F,0,43.791562053411354
6307083,CANDIDATE,3.17796408,0.74,1034.0,0.939,5061.0,0.841,270.25,K,0,15.009609548513211
7620413,CANDIDATE,3.66520844,0.82,1168.0,0.994,5579.0,1.029,439.57,G,0,17.952594259550487
11705004,CANDIDATE,3.05293416,1.18,1047.0,0.996,5311.0,0.788,284.82,G,0,74.51847569487053
2854181,CANDIDATE,12.834857,1.73,755.0,0.999,5492.0,1.016,76.96,G,0,22.89858001534415
5978559,CANDIDATE,36.2530992,1.43,582.0,0.619,6002.0,1.081,27.17,F,0,4.1955033736812215
8838950,CANDIDATE,4.02321842,0.48,747.0,0.886,4671.0,0.528,73.5,K,0,20.18284654801317
6867555,CANDIDATE,7.5017934,1.32,1046.0,0.996,6321.0,1.125,283.25,F,0,17.96903657730697
12208631,CANDIDATE,0.912351255,1.46,1840.0,1.0,5481.0,1.036,2705.58,G,0,122.54052305764625
3346543,CANDIDATE,12.4701111,2.06,1074.0,0.709,5623.0,2.109,313.87,G,0,7.1931997462316115
3352751,FALSE POSITIVE,3.495457889,48.03,2051.0,0.0,8529.0,1.558,3158.4199999999996,A,0,1389.4317008606365
3356193,CANDIDATE,5.8229815,1.36,914.0,0.452,5704.0,0.804,165.12,G,0,48.36010555760825
3427776,FALSE POSITIVE,4.01668015,22.11,1016.0,0.0,5448.0,0.794,252.13,G,0,1209.1328705871688
3437739,FALSE POSITIVE,1.89134156,0.99,1673.0,0.0,6387.0,1.105,1856.23,F,0,36.16480568427841
3440230,FALSE POSITIVE,2.881100027,48.03,2946.0,0.0,8104.0,2.747,3158.4199999999996,A,0,1685.7103031778909
3441340,FALSE POSITIVE,0.806277023,0.89,2046.0,0.0,6122.0,0.996,3158.4199999999996,F,0,87.81101033558784
3448323,FALSE POSITIVE,0.513482156,0.83,2072.0,0.0,5495.0,0.882,3158.4199999999996,G,0,178.38984067831947
4862625,FALSE POSITIVE,154.608014,1.94,331.0,0.0,6363.0,1.035,2.82,F,0,2.2178669211804247
4863369,FALSE POSITIVE,4.24748886,1.01,1079.0,0.001,5807.0,0.922,319.94,G,0,28.487420211856662
4863753,FALSE POSITIVE,1.000012952,2.12,2858.0,0.002,5176.0,2.747,3158.4199999999996,K,0,35.999533734039076
4902030,FALSE POSITIVE,0.878803439,48.03,1347.0,0.0,4524.0,0.737,775.9,K,0,5526.491800631198
4908495,FALSE POSITIVE,1.560158562,45.91,1223.0,0.0,4926.0,0.749,530.79,K,0,3112.9528230605574
4912589,FALSE POSITIVE,34.188302705,48.03,660.0,0.0,5757.0,1.345,44.91,G,0,142.05735926427587
4914709,FALSE POSITIVE,8.65303996,1.88,764.0,0.0,5301.0,0.84,80.51,G,0,57.436461902112846
4914737,FALSE POSITIVE,8.65311903,0.85,493.0,0.0,3929.0,0.55,13.95,K,0,23.89889695068716
5471141,FALSE POSITIVE,12.4253812,1.14,823.0,0.0,5925.0,1.066,108.46,G,0,9.279393375874857
5471328,FALSE POSITIVE,12.42555999,4.72,599.0,0.0,4922.0,0.704,30.49,K,0,238.6049403315464
5471415,FALSE POSITIVE,12.4257442,8.43,1551.0,0.0,8691.0,2.193,1369.63,A,0,75.32748018424522
5471480,FALSE POSITIVE,12.4254241,2.17,755.0,0.0,5853.0,0.895,76.9,G,0,30.493928975832702
5475712,FALSE POSITIVE,2.991884392,40.11,1486.0,0.0,6596.0,1.094,1154.88,F,0,1623.2913320402122
5479973,FALSE POSITIVE,1.795273026,48.03,1642.0,0.0,6363.0,1.012,1714.88,F,0,2705.270969742738
5513822,FALSE POSITIVE,0.755109271,0.47,1961.0,0.0,5606.0,0.962,3158.4199999999996,G,0,30.72403013841423
5513833,FALSE POSITIVE,0.755101141,0.19,680.0,0.0,3256.0,0.207,50.92,M,0,101.57579671833658
6471229,FALSE POSITIVE,1.75251585,1.02,1447.0,0.0,5952.0,0.844,1035.27,G,0,71.83957851222858
6471230,FALSE POSITIVE,1.752450163,0.79,1552.0,0.0,5779.0,0.99,1372.36,G,0,31.669944841678216
6521174,FALSE POSITIVE,8.27923132,1.08,815.0,0.0,5631.0,0.847,104.49,G,0,19.917307975397893
6521542,FALSE POSITIVE,2.212877035,48.03,1507.0,0.0,6153.0,1.0,1221.98,F,0,2194.7446347826553
6522353,FALSE POSITIVE,0.845097627,0.78,1584.0,0.001,5252.0,0.783,1496.92,G,0,102.35503832505732
6522750,FALSE POSITIVE,17.445640466,48.03,682.0,0.0,5759.0,0.945,51.15,G,0,278.39046720384243
6523216,FALSE POSITIVE,14.313157391,34.98,1144.0,0.0,5750.0,2.379,404.48,G,0,339.3171658305004
6531485,FALSE POSITIVE,0.676990194,37.5,1919.0,0.0,5813.0,0.816,3158.4199999999996,G,0,7173.959154864804
6531801,FALSE POSITIVE,0.515875396,7.22,3189.0,0.0,7229.0,1.38,3158.4199999999996,F,0,3436.8764506846146
7281356,FALSE POSITIVE,2.83401711,0.93,1381.0,0.0,6247.0,1.002,859.57,F,0,29.710476942039353
7281399,FALSE POSITIVE,0.566803996,0.64,1350.0,0.0,4373.0,0.544,786.1,K,0,249.8218096542848
7281410,FALSE POSITIVE,0.56681118,2.39,878.0,0.0,5706.8232800782525,1.0,141.3,G,0,742.5753317004086
7281616,FALSE POSITIVE,0.566799927,0.77,1649.0,0.0,5092.0,0.645,1738.27,K,0,255.99862153828397
7281699,FALSE POSITIVE,0.566786121,0.79,1984.0,0.0,5603.0,0.846,3158.4199999999996,G,0,144.32251773504524
7282008,FALSE POSITIVE,0.56679797,0.65,1799.0,0.0,5230.0,0.777,2467.38,G,0,128.08796756982034
7285616,FALSE POSITIVE,0.566802891,1.29,3111.0,0.0,6487.0,1.748,3158.4199999999996,F,0,86.80266240914428
7335514,CANDIDATE,0.576732089,0.43,1537.0,0.997,4524.0,0.717,1316.33,K,0,61.38031969294499
8178616,FALSE POSITIVE,1.01884975,0.47,1754.0,0.0,6068.0,0.829,2238.64,F,0,30.32831877320478
8180290,CANDIDATE,10.9279755,0.81,834.0,0.0,6045.0,0.955,114.42,F,0,6.542840437371039
8183389,FALSE POSITIVE,32.440339204,44.56,448.0,0.0,5081.0,0.696,9.52,K,0,149.71175145422504
8192861,FALSE POSITIVE,0.552141897,10.04,2206.0,0.0,5952.0,0.904,3158.4199999999996,G,0,191.25518381011392
8193315,FALSE POSITIVE,2.62387291,48.03,1790.0,0.0,6728.0,1.46,2430.91,F,0,1850.9661735102864
8195877,FALSE POSITIVE,0.75509861,48.03,2359.0,0.0,6038.0,1.213,3158.4199999999996,F,0,6431.875169257694
8196180,FALSE POSITIVE,3.671661096,48.03,1967.0,0.0,7343.0,1.94,3158.4199999999996,F,0,1322.7528012569055
8210721,FALSE POSITIVE,22.673145675,30.92,684.0,0.0,5619.0,1.153,51.67,G,0,214.20494842738665
8977176,FALSE POSITIVE,0.50948306,1.22,3024.0,0.0,6344.0,1.39,3158.4199999999996,F,0,146.42292522934912
9001468,FALSE POSITIVE,17.329965871,42.58,548.0,0.0,5079.0,0.683,21.34,K,0,280.2486765497451
9005854,FALSE POSITIVE,1.890227354,42.05,1236.0,0.0,5356.0,0.78,551.66,G,0,2569.373461728033
9007918,FALSE POSITIVE,1.387206724,48.03,2619.0,0.0,7207.0,1.894,3158.4199999999996,F,0,3501.064344610256
9007953,FALSE POSITIVE,1.38718209,0.68,1707.0,0.0,6122.0,0.996,2011.41,F,0,32.80030814123328
9024857,FALSE POSITIVE,35.026564845,34.88,489.0,0.0,5546.0,0.81,13.56,G,0,138.65761662589324
9025739,CANDIDATE,7.918267,0.93,953.0,0.999,5966.0,1.016,195.36,G,0,10.570494781244431
9029486,FALSE POSITIVE,3.138580493,48.03,1281.0,0.0,5593.0,1.083,635.61,G,0,1547.4192906098583
9906802,FALSE POSITIVE,9.26147679,2.39,878.0,0.0,5706.8232800782525,1.0,141.3,G,0,45.446315910920724
9906841,FALSE POSITIVE,154.608014,48.03,639.0,0.0,5026.0,2.747,39.36,K,0,8.82360470654516
9909965,CANDIDATE,10.2170589,1.17,929.0,0.791,6211.0,1.054,176.34,F,0,11.872301137463346
9913481,FALSE POSITIVE,3.50474265,48.03,2689.0,0.0,7624.0,2.747,3158.4199999999996,A,0,1385.7508196785861
9913798,FALSE POSITIVE,2.14344093,28.69,1033.0,0.0,4817.0,0.7,269.48,K,0,2265.84270740785
9932197,CANDIDATE,86.95432088,2.39,878.0,0.0,5706.8232800782525,1.0,141.3,G,0,4.840472511778416
9934208,FALSE POSITIVE,9.058487716,20.51,547.0,0.0,4340.0,0.573,21.15,K,0,536.1490959933207
9936698,FALSE POSITIVE,2.856085147,48.03,1739.0,0.0,6604.0,1.526,2164.0,F,0,1700.4745131990983
10867017,FALSE POSITIVE,0.876941133,0.85,1938.0,0.0,6018.0,0.975,3158.4199999999996,F,0,83.81406372005588
10909274,FALSE POSITIVE,39.238141571,48.03,656.0,0.0,6599.0,1.234,43.69,F,0,123.77497520396007
10920813,FALSE POSITIVE,53.7406575,25.44,398.0,0.0,5288.0,0.737,5.93,G,0,90.37291737638304
10923260,FALSE POSITIVE,7.436016459,31.39,968.0,0.0,6214.0,0.933,207.61,F,0,653.1319594003604
10924400,FALSE POSITIVE,0.750737313,0.48,1603.0,0.0,5151.0,0.761,1558.69,K,0,51.682525069857554
10932270,CANDIDATE,27.5837778,11.03,1330.0,0.0,5092.0,2.747,739.57,K,0,7.341271433820787
10936427,FALSE POSITIVE,14.361021578,45.9,594.0,0.0,5229.0,0.668,29.44,G,0,338.1862476580425
10937609,FALSE POSITIVE,2.570431263,48.03,1411.0,0.0,6244.0,0.971,936.9,F,0,1889.4494748447976
10965963,FALSE POSITIVE,6.64024496,48.03,1114.0,0.0,6085.0,1.215,364.44,F,0,731.4037402620158
12251779,FALSE POSITIVE,14.844240386,28.97,810.0,0.0,6161.0,0.988,101.98,F,0,327.1774017200963
12268220,FALSE POSITIVE,4.42158021,48.03,2565.0,0.0,8026.0,2.747,3158.4199999999996,A,0,1098.408209132092
12302391,FALSE POSITIVE,25.321698729,48.03,655.0,0.0,6109.0,1.029,43.39,F,0,191.7999282740775
12304728,CANDIDATE,3.14735789,3.45,2209.0,1.0,5189.0,2.747,3158.4199999999996,K,0,16.458249049014253
12306808,FALSE POSITIVE,37.878483588,46.42,503.0,0.0,5985.0,0.758,15.19,G,0,128.21791000996183
12351927,FALSE POSITIVE,10.116144515,17.21,549.0,0.0,4717.0,0.519,21.56,K,0,480.0939718485229
12353633,FALSE POSITIVE,0.684496369,1.12,2913.0,0.0,5800.0,2.053,3158.4199999999996,G,0,41.490358877272584
12353720,FALSE POSITIVE,1.953285321,48.03,2927.0,0.0,6450.0,2.747,3158.4199999999996,F,0,778.3297113100048
8565912,FALSE POSITIVE,1.012174295,48.03,2737.0,0.0,6987.0,1.716,3158.4199999999996,F,0,4798.284271781473
7778767,CANDIDATE,2.61090223,1.8,1323.0,0.763,5514.0,1.071,724.16,G,0,85.21958327026286
9026749,CANDIDATE,17.6637979,2.98,1178.0,0.913,5734.0,2.747,455.65,G,0,3.8440204300571175
10916600,CANDIDATE,4.02664625,0.68,1318.0,0.993,6187.0,1.238,715.51,F,0,7.450368901911858
6198182,CANDIDATE,5.1777226,0.63,1050.0,0.0,5854.0,0.979,287.44,G,0,8.053733894511847
5695396,CANDIDATE,9.48814747,0.73,856.0,0.0,5680.0,1.016,126.75,G,0,5.048403827138239
6964929,CANDIDATE,5.06993245,0.92,1053.0,0.0,5957.0,0.937,291.11,G,0,18.4617844365954
2853828,FALSE POSITIVE,154.608014,1.57,314.0,0.0,6327.0,1.259,2.3,F,0,0.9585531575355466
7008149,FALSE POSITIVE,0.51554111,2.39,878.0,0.0,5706.8232800782525,1.0,141.3,G,0,816.4237377694283
3458919,FALSE POSITIVE,0.892061734,46.75,1724.0,0.0,5561.0,0.855,2090.54,G,0,5444.354146010258
3542573,FALSE POSITIVE,3.471399214,48.03,1558.0,0.0,6026.0,1.689,1390.76,F,0,1399.0612143982585
3543270,FALSE POSITIVE,4.176929219,31.35,938.0,0.0,5462.0,0.708,183.08,G,0,1162.744146562949
3544678,FALSE POSITIVE,6.3762199,2.39,878.0,0.0,5706.8232800782525,1.0,168.45,G,0,66.01089777345979
3545626,CANDIDATE,9.78184193,2.39,878.0,0.0,5706.8232800782525,1.0,141.3,G,0,43.0287059443415
3547178,CANDIDATE,8.1770751,0.83,1115.0,0.984,6501.0,1.209,365.09,F,0,5.417585072686932
3548622,CANDIDATE,154.608014,1.96,225.0,0.0,6117.0,0.947,0.61,F,0,2.7514744481485933
3556742,FALSE POSITIVE,0.823014905,22.17,1482.0,0.0,4975.0,0.724,1136.75,K,0,1033.3956224037036
4917014,FALSE POSITIVE,0.796815149,10.23,3749.0,0.0,4897.0,2.747,3158.4199999999996,K,0,70.15428869563323
4931073,FALSE POSITIVE,26.951237675,48.03,1082.0,0.0,6675.0,2.747,324.38,F,0,180.20322697480717
4932691,FALSE POSITIVE,18.11208877,48.03,1068.0,0.0,7323.0,1.722,307.27,F,0,268.1468748123853
4939265,CANDIDATE,4.84505985,1.54,723.0,1.0,4337.0,0.714,64.57,K,0,61.58850648666393
4940201,FALSE POSITIVE,4.408295716,35.68,942.0,0.0,5496.0,0.743,186.23,G,0,1101.7182859063896
4946680,FALSE POSITIVE,8.665259912,48.03,1378.0,0.0,6071.0,2.389,852.84,F,0,212.41140123807057
4947726,FALSE POSITIVE,4.726086185,41.38,1032.0,0.0,5873.0,0.863,267.96,G,0,1027.6367822945235
4948863,FALSE POSITIVE,8.643550046,38.21,779.0,0.0,5679.0,0.747,87.16,G,0,561.8871845657386
8308516,CANDIDATE,154.608014,1.81,258.0,0.113,6626.0,1.132,1.05,F,0,1.6228136789856185
5529501,FALSE POSITIVE,1.51945182,0.5,1901.0,0.0,6168.0,1.307,3080.82,F,0,9.016409615409852
5529560,FALSE POSITIVE,0.759755409,0.91,2121.0,0.0,6090.0,1.071,3158.4199999999996,F,0,92.13491496182293
5530881,FALSE POSITIVE,5.082523739,48.03,1266.0,0.0,6507.0,1.145,606.33,F,0,955.5685815558174
5534476,FALSE POSITIVE,1.02547271,0.94,2657.0,0.0,6862.0,1.712,3158.4199999999996,F,0,26.329320845602997
5534702,FALSE POSITIVE,1.025465924,48.03,2710.0,0.0,6700.0,1.883,3158.4199999999996,F,0,4736.091064884571
5535280,FALSE POSITIVE,74.985292949,48.03,425.0,0.0,5955.0,0.91,7.69,G,0,64.76870075446934
5552808,CANDIDATE,10.95210361,2.39,878.0,0.0,5706.8232800782525,1.0,141.3,G,0,38.43097317082449
5553624,FALSE POSITIVE,25.762056721,48.03,604.0,0.0,5539.0,1.027,31.48,G,0,188.52143881979148
5564082,CANDIDATE,2.70581614,0.69,1356.0,0.0,5992.0,0.961,799.75,G,0,17.333032834965646
6543682,FALSE POSITIVE,1.195516859,48.03,1715.0,0.0,5780.0,1.0,2045.19,G,0,4062.4270276392645
6545018,FALSE POSITIVE,1.995728294,45.2,1409.0,0.0,5807.0,0.861,928.82,G,0,2433.547700156021
6548447,FALSE POSITIVE,10.768391927,48.03,970.0,0.0,5226.0,1.643,209.25,G,0,451.01441635148984
6551106,CANDIDATE,3.84615171,1.14,1199.0,0.998,6106.0,0.966,487.47,F,0,35.6460197977994
6584167,FALSE POSITIVE,0.733724504,0.96,2601.0,0.0,6175.0,1.405,3158.4199999999996,F,0,62.557539989151024
6584278,CANDIDATE,1.28940823,2.48,3112.0,0.889,5826.0,2.747,3158.4199999999996,G,0,24.89514123855096
6590726,CANDIDATE,154.608014,2.12,214.0,0.0,5618.0,0.932,0.5,G,0,3.4538959927394193
6591789,FALSE POSITIVE,5.08840787,48.03,937.0,0.0,5618.0,0.791,181.75,G,0,954.4635815524748
6593363,FALSE POSITIVE,18.527824075,48.03,1080.0,0.0,6154.0,2.321,322.19,F,0,262.13007962188345
7336754,FALSE POSITIVE,12.155241119,34.62,788.0,0.0,5761.0,0.932,91.2,G,0,399.55603944445295
7345335,CANDIDATE,11.0495766,0.83,738.0,0.0,5533.0,0.819,70.24,G,0,9.303523901540263
7350067,CONFIRMED,4.48559215,0.95,365.0,1.0,3236.0,0.193,4.2,M,1,504.95005436461724
7362534,FALSE POSITIVE,0.566789763,0.4,1984.0,0.0,5799.0,0.758,3158.4199999999996,G,0,44.8137945638937
7362632,FALSE POSITIVE,0.566811926,0.91,2293.0,0.0,6165.0,0.942,3158.4199999999996,F,0,145.72735013341975
7365447,FALSE POSITIVE,2.525386934,48.03,1701.0,0.0,6826.0,1.233,1982.55,F,0,1923.150838635011
7366036,FALSE POSITIVE,0.566801506,0.62,2557.0,0.0,6398.0,1.111,3158.4199999999996,F,0,52.04643898740805
7366065,FALSE POSITIVE,0.566803738,1.13,2450.0,0.0,6300.0,1.057,3158.4199999999996,F,0,177.4864794557865
8211521,FALSE POSITIVE,1.69421771,0.74,1274.0,0.057,5402.0,0.717,621.89,G,0,53.771129567521754
8227086,CANDIDATE,13.8086331,1.09,659.0,0.945,5515.0,0.761,44.5,G,0,14.997863908774576
8227464,CANDIDATE,4.25907841,0.7,1253.0,0.994,5560.0,1.316,583.12,G,0,6.597671443198436
8229048,FALSE POSITIVE,2.739477089,48.03,1475.0,0.0,6469.0,1.056,1120.19,F,0,1772.856586208157
8231877,FALSE POSITIVE,1.307761491,29.17,1298.0,0.0,5112.0,0.673,671.75,K,0,3713.7505832858324
8234477,FALSE POSITIVE,4.028671454,48.03,1492.0,0.0,6327.0,1.528,1169.87,F,0,1205.533897577541
8240109,FALSE POSITIVE,2.30118753,48.03,2783.0,0.002,7970.0,2.652,3158.4199999999996,A,0,2110.518997988834
8240861,FALSE POSITIVE,0.449249224,48.03,2941.0,0.0,6338.0,1.299,3158.4199999999996,F,0,10810.703147703154
9049010,FALSE POSITIVE,0.687004402,2.89,3535.0,0.0,6240.0,2.747,3158.4199999999996,F,0,136.38922796887698
9083503,FALSE POSITIVE,0.91839938,1.0,1558.0,0.0,5222.0,0.795,1389.28,G,0,165.6142233022849
9085039,CANDIDATE,64.1983721,1.74,506.0,0.0,6088.0,1.077,15.49,F,0,3.8661416462926166
9093566,FALSE POSITIVE,0.94356284,0.76,3176.0,0.0,7693.0,1.984,3158.4199999999996,A,0,14.201491868840447
9098590,FALSE POSITIVE,2.243569483,21.11,1364.0,0.658,6081.0,0.801,817.05,F,0,2164.72011979136
9098810,FALSE POSITIVE,8.258181993,48.03,809.0,0.0,5306.0,0.888,101.33,G,0,588.1076493732825
9099773,CANDIDATE,82.78482,2.16,501.0,0.742,5749.0,1.48,14.88,G,0,2.29993856361589
9101208,FALSE POSITIVE,1.81139053,14.47,1466.0,0.0,5941.0,0.911,1092.69,G,0,42.784810186680176
9943009,CANDIDATE,2.4376438,0.79,1686.0,0.934,5927.0,1.53,1909.13,G,0,11.11729285468205
9944201,CANDIDATE,0.721522907,11.04,1475.0,0.705,4893.0,0.625,1115.99,K,0,6731.179222283514
9944421,FALSE POSITIVE,7.09520543,48.03,813.0,0.0,5481.0,0.778,103.28,G,0,684.5044936211241
9945280,FALSE POSITIVE,0.651731691,48.03,2604.0,0.0,5791.0,1.472,3158.4199999999996,G,0,7451.993001211906
9953736,FALSE POSITIVE,0.50818743,1.26,3274.0,0.0,7141.0,1.56,3158.4199999999996,F,0,108.0310073785178
9958053,FALSE POSITIVE,2.73398963,2.39,878.0,0.0,5706.8232800782525,1.0,3158.4199999999996,G,0,153.95083996715817
9959093,CANDIDATE,19.1644498,1.83,988.0,0.274,5877.0,2.234,225.26,G,0,3.329080702332503
9963009,FALSE POSITIVE,40.069674617,27.38,588.0,0.0,5911.0,1.207,28.2,G,0,121.20637480643508
8545603,FALSE POSITIVE,55.884827,2.11,438.0,0.025,5668.0,0.868,8.7,G,0,8.904026847931371
10976412,FALSE POSITIVE,3.75938475,3.1,1677.0,0.0,4976.0,2.638,1868.97,K,0,35.40472945739326
10979716,FALSE POSITIVE,10.6840477,26.43,444.0,0.0,3887.0,0.523,9.21,K,0,454.57490797237824
10982373,FALSE POSITIVE,2.00280845,2.39,878.0,0.0,5706.8232800782525,1.0,3158.4199999999996,G,0,210.1548952422285
10987439,FALSE POSITIVE,10.67459836,48.03,1083.0,0.0,6496.0,1.485,325.55,F,0,454.97730558173436
10989032,FALSE POSITIVE,2.305097141,48.03,2753.0,0.0,8851.0,2.178,3158.4199999999996,A,0,2106.9394055528005
10991989,FALSE POSITIVE,0.974477904,48.03,3749.0,0.0,5210.0,2.747,3158.4199999999996,G,0,4983.899563103895
10992733,FALSE POSITIVE,18.525917446,48.03,618.0,0.0,5492.0,0.887,34.58,G,0,262.1570572230218
11019739,CANDIDATE,4.15736472,1.09,931.0,0.943,5183.0,0.782,178.03,K,0,48.2757740821931
12356746,FALSE POSITIVE,0.502454299,43.95,2336.0,0.0,6134.0,0.901,3158.4199999999996,F,0,9665.953718907278
12356914,FALSE POSITIVE,27.308150159,47.06,523.0,0.0,5541.0,0.739,17.75,G,0,177.8480040472228
12365000,FALSE POSITIVE,1.262742487,48.03,2548.0,0.0,5273.0,2.747,3158.4199999999996,G,0,3846.152362813464
12365015,FALSE POSITIVE,0.59586463,2.39,878.0,0.0,5706.8232800782525,1.0,931.51,G,0,706.3684917831084
12367017,FALSE POSITIVE,1.222127938,30.32,1470.0,0.0,5157.0,0.87,1107.41,K,0,2034.5660406627574
12367310,FALSE POSITIVE,8.627475562,48.03,1446.0,0.0,5146.0,2.747,1031.92,K,0,562.9340778884955
12403968,FALSE POSITIVE,0.589753355,1.03,1760.0,0.0,5414.0,0.678,2262.14,G,0,366.25480494299177
12418662,FALSE POSITIVE,2.751566365,42.98,1171.0,0.0,5461.0,0.861,445.35,G,0,1765.06736736477
12418816,FALSE POSITIVE,0.760935268,35.68,1285.0,0.0,4675.0,0.511,640.66,K,0,6382.540281994131
8709688,CANDIDATE,2.012094,0.99,1523.0,0.935,5633.0,1.162,1274.27,G,0,37.17520155618972
9959492,FALSE POSITIVE,1.33258772,1.13,1825.0,0.0,5576.0,1.289,2625.26,G,0,53.12971066550125
2716801,CANDIDATE,9.4767057,1.38,841.0,0.553,5911.0,0.914,118.13,G,0,24.322798163923146
3230805,CANDIDATE,6.65171459,0.84,713.0,1.0,4889.0,0.686,61.01,K,0,22.776082459665485
11810124,CANDIDATE,154.608014,2.84,321.0,0.814,5533.0,1.166,2.52,G,0,3.9752143766622603
9349757,CANDIDATE,17.7189786,1.44,713.0,0.997,5566.0,1.099,61.01,G,0,9.978001779402794
3219037,CANDIDATE,5.0395851,0.78,1067.0,0.0,5912.0,0.924,306.35,G,0,13.909875239531127
9117416,CANDIDATE,7.64370363,1.85,1334.0,0.866,6120.0,2.0,748.7,F,0,9.27560819099942
3558803,FALSE POSITIVE,1.353414369,48.03,3617.0,0.0,4850.0,2.747,3158.4199999999996,K,0,450.8597026724785
3634169,FALSE POSITIVE,2.9590637,0.65,1564.0,0.0,6192.0,1.322,1415.74,F,0,7.975495762392678
3644174,FALSE POSITIVE,1.806631432,1.05,1059.0,0.0,4606.0,0.699,297.98,K,0,120.38980178664355
3655326,FALSE POSITIVE,15.066491533,48.03,932.0,0.0,5751.0,1.626,177.96,G,0,322.35109211473775
3656322,FALSE POSITIVE,1.831829703,48.03,2078.0,0.0,5269.0,2.183,3158.4199999999996,G,0,2651.283572946846
3656700,FALSE POSITIVE,0.738527259,48.03,2978.0,0.0,5869.0,2.313,3158.4199999999996,G,0,572.6261215769152
3659940,FALSE POSITIVE,0.89627093,43.47,1733.0,0.0,5551.0,0.861,2129.33,G,0,5418.7855897546515
3663494,CANDIDATE,5.11683678,1.16,1039.0,0.88,5955.0,0.91,275.15,G,0,31.54292523671236
4949027,FALSE POSITIVE,1.06100327,0.94,1793.0,0.0,5966.0,0.961,2443.69,G,0,90.3861493282674
4949214,FALSE POSITIVE,0.922030594,48.03,2194.0,0.0,6484.0,1.153,3158.4199999999996,F,0,5267.395715071034
4950341,FALSE POSITIVE,154.608014,1.53,215.0,0.0,6032.0,0.929,0.51,F,0,1.7463519064412794
4950557,FALSE POSITIVE,24.714790706,48.03,901.0,0.0,6300.0,1.862,155.67,F,0,196.50985750896692
4995716,CANDIDATE,16.1191449,1.34,619.0,0.0,5319.0,0.783,34.7,G,0,16.266371549274925
5000179,FALSE POSITIVE,3.6329347,2.39,878.0,0.0,5706.8232800782525,1.0,3158.4199999999996,G,0,115.85674798944225
5017058,FALSE POSITIVE,1.161947482,48.03,2174.0,0.0,6225.0,1.457,3158.4199999999996,F,0,4179.793041627332
5018787,FALSE POSITIVE,0.607191908,12.44,1759.0,0.0,5370.0,0.671,2251.28,G,0,7998.6243821945
8345473,FALSE POSITIVE,2.2502073,19.94,3637.0,0.0,4507.0,2.747,3158.4199999999996,K,0,115.58935036785279
5597361,CANDIDATE,17.9925973,1.62,748.0,0.968,5931.0,1.087,73.97,G,0,11.03231493987808
5598639,FALSE POSITIVE,0.648775795,41.58,1714.0,0.0,5143.0,0.776,2038.54,K,0,7485.94512531097
5610698,FALSE POSITIVE,4.132521615,48.03,1628.0,0.004,6567.0,1.636,1660.29,F,0,1175.2388619992735
5616489,FALSE POSITIVE,154.608014,48.03,774.0,0.0,5015.0,2.747,84.63,K,0,13.321431061135032
5617510,CANDIDATE,74.371666,2.39,767.0,0.0,6865.0,2.211,81.88,F,0,1.3822468357774853
5621294,FALSE POSITIVE,0.938905082,48.03,3749.0,0.0,8615.0,2.747,3158.4199999999996,A,0,5172.727353498338
5621299,FALSE POSITIVE,0.93891532,1.13,2667.0,0.0,6534.0,1.797,3158.4199999999996,F,0,41.64379807968199
5622250,FALSE POSITIVE,16.294213708,48.03,929.0,0.0,6237.0,1.508,176.22,F,0,298.0628637278457
5632781,FALSE POSITIVE,11.02520205,48.03,1294.0,0.0,6047.0,2.3,663.18,F,0,440.50893380226074
6594972,FALSE POSITIVE,10.819169459,48.03,850.0,0.0,5955.0,0.991,123.51,G,0,448.89767356032314
6595662,FALSE POSITIVE,2.680514453,48.03,1431.0,0.0,6038.0,1.076,989.89,F,0,1811.8536889679663
6603765,CANDIDATE,19.164111,1.11,519.0,0.646,5103.0,0.674,17.12,K,0,11.265850004730197
6606282,FALSE POSITIVE,1.053573674,48.03,3749.0,0.0,5838.0,2.747,3158.4199999999996,G,0,2907.2480412034292
6606669,FALSE POSITIVE,0.970085646,18.65,3749.0,0.0,4555.0,2.747,3158.4199999999996,K,0,157.71803307354574
6607610,FALSE POSITIVE,63.52017525,48.03,745.0,0.0,4938.0,2.747,72.92,K,0,76.4591719227034
6610219,FALSE POSITIVE,11.300987626,48.03,1019.0,0.0,6143.0,1.448,254.84,F,0,429.75889902102614
6610433,FALSE POSITIVE,0.92098747,2.39,878.0,0.0,5706.8232800782525,1.0,3158.4199999999996,G,0,457.00947484117233
7368103,FALSE POSITIVE,2.182515126,48.03,2703.0,0.0,8051.0,2.347,3158.4199999999996,A,0,2225.276673752592
7369523,FALSE POSITIVE,2.659418888,48.03,1352.0,0.0,6156.0,0.932,789.69,F,0,1826.2260307748857
7376982,FALSE POSITIVE,2.31610674,0.7,1559.0,0.0,6025.0,1.193,1393.98,F,0,14.507103416140485
7381580,CANDIDATE,13.5164708,0.88,645.0,0.0,5442.0,0.747,40.81,G,0,10.365131702870249
7381695,FALSE POSITIVE,0.948683571,1.12,1665.0,0.086,5576.0,0.852,1815.32,G,0,159.06252054195213
7385387,FALSE POSITIVE,1.65546056,0.9,1331.0,0.0,5438.0,0.82,743.75,G,0,75.56809447637943
7385478,FALSE POSITIVE,1.655472351,48.03,2546.0,0.0,6725.0,2.171,3158.4199999999996,F,0,2933.7246237101303
7421876,FALSE POSITIVE,4.50279037,2.39,878.0,0.0,5706.8232800782525,1.0,1017.15,G,0,93.4753709176117
8243263,FALSE POSITIVE,1.759276227,40.79,1861.0,0.0,6656.0,1.232,2828.82,F,0,2760.6239005922744
8244295,FALSE POSITIVE,1.09206792,0.74,1320.0,0.0,4856.0,0.728,715.46,K,0,96.97199053333605
8248103,CANDIDATE,4.83014159,1.3,1039.0,0.78,5693.0,0.939,275.02,G,0,39.750387524354124
8256882,CANDIDATE,2.41194057,1.35,1654.0,0.999,5598.0,1.594,1771.98,G,0,27.90284339385692
8262223,FALSE POSITIVE,1.613014741,48.03,3145.0,0.0,7832.0,2.747,3158.4199999999996,A,0,3010.945824952011
8265520,FALSE POSITIVE,6.2089181,9.2,1378.0,0.0,5548.0,2.113,853.5,G,0,268.0016024047732
8265990,FALSE POSITIVE,0.77996263,0.83,2607.0,0.0,6002.0,1.629,3158.4199999999996,F,0,32.95029660587713
8283875,CANDIDATE,0.800263219,0.77,1240.0,0.937,4336.0,0.59,561.84,K,0,213.0548998778863
9119405,FALSE POSITIVE,18.646323091,48.03,1194.0,0.0,5786.0,2.747,480.54,G,0,260.46422001258674
9150870,CANDIDATE,154.608014,2.27,217.0,0.0,5610.0,0.858,0.52,G,0,4.540514956747327
9156957,FALSE POSITIVE,3.6673005,0.62,627.0,0.0,3823.0,0.519,36.42,K,0,39.51135174224201
9159301,FALSE POSITIVE,3.044771557,48.03,2816.0,0.0,8199.0,2.747,3158.4199999999996,A,0,1595.0950372070886
9163674,FALSE POSITIVE,0.773144492,48.03,2860.0,0.0,6413.0,1.91,3158.4199999999996,F,0,6281.749466308039
9164788,FALSE POSITIVE,2.66811113,1.53,1792.0,0.0,6593.0,1.561,2439.28,F,0,18.102694245722812
9172506,FALSE POSITIVE,50.440285363,48.03,673.0,0.0,6225.0,1.646,48.36,F,0,96.28613250397244
9179531,FALSE POSITIVE,3.255385289,40.58,1236.0,0.0,5806.0,0.975,550.68,G,0,1491.897139306634
9963639,FALSE POSITIVE,7.4185369,0.81,1963.0,0.0,9763.0,2.045,3158.4199999999996,A,0,1.9815227986531951
9965691,FALSE POSITIVE,15.68434493,48.03,1136.0,0.0,6407.0,2.191,393.14,F,0,50.470708437805314
9971475,FALSE POSITIVE,5.357409918,48.03,1492.0,0.0,5768.0,2.057,1172.13,G,0,906.538807807538
10000490,FALSE POSITIVE,1.400991827,48.03,2468.0,0.0,6706.0,1.924,3158.4199999999996,F,0,3466.615512240244
10002049,CANDIDATE,19.2532128,1.42,692.0,0.998,6060.0,0.953,54.13,F,0,11.390306764801354
10014702,FALSE POSITIVE,1.34062901,0.82,1678.0,0.0,6045.0,0.955,1876.57,F,0,51.84133677668216
10019854,CANDIDATE,14.1011023,1.26,904.0,0.763,6534.0,1.199,157.56,F,0,7.673158998357171
10020423,FALSE POSITIVE,7.448375935,34.37,871.0,0.0,5636.0,0.867,136.18,G,0,652.0481837091913
11027270,FALSE POSITIVE,0.533628226,2.41,3749.0,0.0,7163.0,2.177,3158.4199999999996,F,0,153.29024218445295
11027722,FALSE POSITIVE,0.678137665,30.37,2274.0,0.0,6429.0,0.942,3158.4199999999996,F,0,1305.0447507586828
11029877,FALSE POSITIVE,2.069415479,48.03,1768.0,0.0,6640.0,1.25,2310.53,F,0,2346.8945938042825
11068630,CANDIDATE,1.817079849,1.39,1454.0,0.91,5808.0,0.963,1056.39,G,0,112.59824388707972
11071207,FALSE POSITIVE,8.04963472,48.03,1247.0,0.0,6698.0,1.485,571.1,F,0,603.3441477702232
11073223,FALSE POSITIVE,11.578946873,48.03,869.0,0.0,6028.0,1.014,134.91,F,0,419.4422906736831
11076279,FALSE POSITIVE,1.47258471,48.03,2705.0,0.0,7360.0,2.024,3158.4199999999996,F,0,3298.0785193674865
11092783,CANDIDATE,5.15998178,19.07,574.0,1.0,3900.0,0.534,25.63,K,0,79.92276282805014
11124509,FALSE POSITIVE,4.446459958,36.15,1030.0,0.0,5615.0,0.893,265.42,G,0,1092.2621694280417
12454800,CANDIDATE,23.3787733,0.92,694.0,0.0,6210.0,1.054,54.98,F,0,3.250812137350252
12458817,CANDIDATE,15.09984259,4.11,576.0,0.0,5191.0,0.65,25.98,K,0,32.10629495707875
12470530,FALSE POSITIVE,8.207257515,46.82,650.0,0.0,4859.0,0.621,42.1,K,0,591.756745919529
12504353,FALSE POSITIVE,154.608014,2.44,246.0,0.0,6184.0,1.038,0.87,F,0,3.546387964080568
12506342,FALSE POSITIVE,1.22775105,1.0,1094.0,0.0,4551.0,0.56,340.64,K,0,266.8293380812014
12519942,CANDIDATE,15.3416245,1.3,605.0,0.0,5061.0,0.814,31.63,K,0,17.573106420379407
12555616,CANDIDATE,21.980467,0.92,625.0,0.347,5573.0,0.936,36.07,G,0,4.367514120605354
12557713,FALSE POSITIVE,7.214721393,16.79,630.0,0.0,4705.0,0.552,37.12,K,0,673.1652873958733
9730163,CONFIRMED,8.15275885,2.44,305.0,0.0,3327.0,0.189,2.03,M,1,595.7124562809803
2437112,FALSE POSITIVE,3.18740907,0.81,919.0,0.0,4808.0,0.715,168.43,K,0,43.13848551607466
8719324,FALSE POSITIVE,10.23273611,2.39,878.0,0.0,5706.8232800782525,1.0,141.3,G,0,41.13269368772963
5471690,FALSE POSITIVE,0.962815183,1.12,3152.0,0.0,6638.0,2.445,3158.4199999999996,F,0,21.499453234110455
7100673,CANDIDATE,7.23524221,0.82,948.0,0.79,5574.0,1.065,191.14,G,0,8.292742420851175
3937814,CANDIDATE,10.72900793,1.78,722.0,0.0,5375.0,0.876,64.33,G,0,37.68288761065349
3937814,CANDIDATE,8.19619768,1.55,851.0,0.409,5323.0,0.995,123.81,G,0,24.084338580764932
4548098,CANDIDATE,5.215752,0.83,1156.0,0.996,6202.0,1.122,422.67,F,0,8.972819259811432
5078025,FALSE POSITIVE,0.696290095,12.63,1969.0,0.0,5904.0,0.867,3158.4199999999996,G,0,173.06005193137207
3733638,CANDIDATE,10.0714369,1.98,1362.0,0.968,5768.0,2.747,814.46,G,0,4.914889552651618
3746248,FALSE POSITIVE,0.62240698,1.63,2663.0,0.0,6661.0,1.29,3158.4199999999996,F,0,250.3185295254883
3748855,CANDIDATE,4.37198905,0.93,1085.0,1.0,5823.0,0.919,327.65,G,0,23.719181089897745
3748855,CANDIDATE,6.72876606,1.03,940.0,0.0,5823.0,0.919,184.66,G,0,17.44747832710356
3757588,FALSE POSITIVE,24.09002065,9.39,551.0,0.0,5354.0,0.804,21.85,G,0,201.60630289870673
3764411,FALSE POSITIVE,4.4158933,1.42,1138.0,0.0,5977.0,1.022,395.82,G,0,43.27550215038031
3765692,CANDIDATE,3.09383248,1.32,998.0,0.184,5327.0,0.681,233.91,G,0,120.78869894080367
3766353,FALSE POSITIVE,2.666961614,40.68,1469.0,0.0,6609.0,0.974,1104.26,F,0,1821.0610810838614
5019567,FALSE POSITIVE,1.17430183,2.22,3020.0,0.0,7537.0,2.145,3158.4199999999996,A,0,54.92625349992003
5021432,CANDIDATE,14.05652256,2.39,878.0,0.0,5706.8232800782525,1.0,141.3,G,0,29.943394477787542
5021732,FALSE POSITIVE,15.039464523,48.03,877.0,0.0,6410.0,1.178,139.95,F,0,322.93038043825305
5022440,FALSE POSITIVE,3.693951168,20.88,1148.0,0.0,5968.0,0.881,411.07,G,0,1314.7710348942003
5022900,FALSE POSITIVE,1.05680287,0.83,1633.0,0.0,5584.0,0.885,1686.88,G,0,77.87639713733934
5024126,FALSE POSITIVE,0.787122102,20.76,1655.0,0.0,5210.0,0.799,1775.05,G,0,758.205110088498
5024268,FALSE POSITIVE,2.15045295,24.27,3749.0,0.0,4899.0,2.747,3158.4199999999996,K,0,78.63459649279933
5024372,FALSE POSITIVE,0.561524348,0.43,2050.0,0.0,5919.0,0.715,3158.4199999999996,G,0,60.72755370529366
5633259,CANDIDATE,154.608014,2.39,878.0,0.0,5706.8232800782525,1.0,141.3,G,0,2.7223685830412387
5647638,FALSE POSITIVE,1.21607873,1.92,2803.0,0.0,6234.0,2.5,3158.4199999999996,F,0,24.176066297944377
5653126,FALSE POSITIVE,38.49536985,48.03,824.0,0.0,6050.0,2.345,109.13,F,0,126.1632247962413
5686974,FALSE POSITIVE,4.18224416,1.07,1206.0,0.0,6057.0,0.999,500.7,F,0,13.676867684358248
5696909,FALSE POSITIVE,0.643002821,36.82,2188.0,0.0,5681.0,1.036,3158.4199999999996,G,0,4154.725162551037
5697628,FALSE POSITIVE,1.95119541,0.47,1050.0,0.0,4936.0,0.628,287.41,K,0,30.596627941022064
5700330,FALSE POSITIVE,53.220416998,48.03,655.0,0.0,5653.0,2.057,43.63,G,0,91.25633119677572
5702770,CANDIDATE,8.0018897,0.9,864.0,0.852,5830.0,0.876,131.75,G,0,12.834468338147676
6614748,CANDIDATE,154.608014,2.78,314.0,0.0,6675.0,1.293,2.29,F,0,2.735304523088952
6628926,CANDIDATE,2.564012541,7.27,1720.0,1.0,6274.0,1.428,2065.56,F,0,995.275943153041
6629156,FALSE POSITIVE,0.71538172,2.39,878.0,0.0,5706.8232800782525,1.0,3158.4199999999996,G,0,588.3572199748129
6629588,FALSE POSITIVE,2.264471713,48.03,2103.0,0.0,6782.0,1.752,3158.4199999999996,F,0,2144.738647923221
6636020,FALSE POSITIVE,18.3602239,2.04,637.0,0.0,5713.0,0.856,38.9,G,0,31.295914642958138
6664842,CANDIDATE,5.21395046,1.24,1201.0,0.788,5529.0,1.412,492.29,G,0,15.055762535956276
6665064,CANDIDATE,24.996068,2.4,604.0,0.267,5761.0,0.956,31.43,G,0,24.871911854296446
6670610,CANDIDATE,8.9429645,0.89,536.0,1.0,4183.0,0.594,19.51,K,0,26.10991019812278
7431665,FALSE POSITIVE,154.608014,48.03,685.0,0.035,4797.0,2.747,52.05,K,0,31.4129900148643
7447895,CANDIDATE,2.405625303,1.11,1180.0,1.0,5450.0,0.83,459.66,G,0,67.96569681741497
7455553,FALSE POSITIVE,3.258249472,48.03,2057.0,0.0,6712.0,2.361,3158.4199999999996,F,0,504.41195928167406
7456521,FALSE POSITIVE,154.608014,48.03,229.0,0.0,5956.0,0.929,0.65,G,0,31.4129900148643
7461314,FALSE POSITIVE,0.773595312,0.96,1976.0,0.0,5973.0,0.935,3158.4199999999996,G,0,120.21789501226968
7461521,CANDIDATE,0.7735301,1.87,2474.0,1.0,6296.0,1.35,3158.4199999999996,F,0,239.68039511326063
7499571,FALSE POSITIVE,154.608014,1.92,205.0,0.0,5695.0,0.839,0.42,G,0,3.450662007727491
7537660,CANDIDATE,2.42186898,2.39,878.0,0.0,5706.8232800782525,1.0,141.3,G,0,173.79139973129344
7541502,FALSE POSITIVE,44.827323809,48.03,779.0,0.0,5160.0,2.747,87.2,K,0,108.34240341211085
8285254,FALSE POSITIVE,7.535894184,24.64,642.0,0.0,4969.0,0.537,40.28,K,0,644.4756098502032
8285970,FALSE POSITIVE,0.562498925,2.88,2129.0,0.0,5638.0,0.933,3158.4199999999996,G,0,746.8458717498883
8288719,FALSE POSITIVE,0.755049082,30.47,1551.0,0.0,5242.0,0.622,1372.84,G,0,6432.297072841154
8294484,FALSE POSITIVE,1.012694226,42.51,2230.0,0.0,6487.0,1.233,3158.4199999999996,F,0,4795.820767324094
8296467,FALSE POSITIVE,10.303356001,48.03,787.0,0.0,5497.0,0.9,90.76,G,0,471.37068733028633
8301013,FALSE POSITIVE,2.214029545,48.03,1894.0,0.0,6604.0,1.526,3041.8,F,0,2193.602163515844
8302455,FALSE POSITIVE,2.441988077,48.03,1993.0,0.0,6078.0,2.059,3158.4199999999996,F,0,1988.8303492318812
8302473,FALSE POSITIVE,2.44200193,0.95,1217.0,0.0,5587.0,0.851,518.48,G,0,52.661711041317645
8311864,CONFIRMED,154.608014,1.09,220.0,0.771,5579.0,0.798,0.56,G,1,1.2282675075303664
9181340,FALSE POSITIVE,2.131225773,35.68,1555.0,0.0,6181.0,1.028,1382.47,F,0,1096.598975860827
9203154,CANDIDATE,0.839907158,0.92,1640.0,1.0,5120.0,0.853,1705.12,K,0,142.3966909447389
9205993,FALSE POSITIVE,1.219736039,48.03,2611.0,0.0,7358.0,1.637,3158.4199999999996,F,0,3981.763139491855
9207508,FALSE POSITIVE,2.015152464,48.03,2107.0,0.0,6988.0,1.649,3158.4199999999996,F,0,2410.090594514937
9210828,FALSE POSITIVE,0.82820657,35.67,1473.0,0.0,5033.0,0.655,1109.75,K,0,5864.116726337971
9221627,CANDIDATE,1.7613778,2.32,1824.0,1.0,6544.0,1.207,2621.69,F,0,203.98803709232627
9236858,FALSE POSITIVE,2.537081943,48.03,1712.0,0.0,6735.0,1.309,2032.57,F,0,1914.2858248626933
9243795,FALSE POSITIVE,14.443127448,48.03,1182.0,0.0,5757.0,2.736,462.07,G,0,336.2637363331255
9266285,FALSE POSITIVE,5.61386908,34.24,714.0,0.0,4504.0,0.709,61.43,K,0,865.1252693623558
10026136,FALSE POSITIVE,9.080194398,48.03,1013.0,0.0,6461.0,1.131,248.49,F,0,534.8674033971932
10026457,FALSE POSITIVE,9.93442075,34.03,679.0,0.0,5382.0,0.669,50.35,G,0,488.87601222245394
10031409,FALSE POSITIVE,2.071939672,48.03,1696.0,0.0,6140.0,1.254,1953.33,F,0,2344.035430004547
10031526,FALSE POSITIVE,8.5893644,1.21,792.0,0.0,5602.0,0.817,93.09,G,0,20.87465284392871
10031808,FALSE POSITIVE,8.589644815,48.03,1412.0,0.0,6331.0,2.194,940.15,F,0,565.4133674443441
10053138,CANDIDATE,11.7728146,0.93,788.0,0.769,5410.0,1.056,90.86,G,0,6.548986170223048
10063044,FALSE POSITIVE,1.009671584,48.03,3287.0,0.0,7652.0,2.242,3158.4199999999996,A,0,4810.177959806781
10066755,CANDIDATE,2.46506501,1.14,1999.0,0.0,6881.0,1.714,3158.4199999999996,F,0,16.14561881270628
10070479,CANDIDATE,1.758599866,1.6,1101.0,0.0,4744.0,0.725,347.1,K,0,135.22120898421588
11134079,FALSE POSITIVE,1.260575815,29.91,1410.0,0.451,5388.0,0.715,935.7,G,0,3852.763112070336
11137061,FALSE POSITIVE,1.88912273,0.59,1248.0,0.67,5413.0,0.754,573.44,G,0,31.866643201101077
11144439,FALSE POSITIVE,0.609125246,0.96,1896.0,0.0,5595.0,0.796,3049.07,G,0,228.52443058976414
7119481,CANDIDATE,14.1573717,1.1,778.0,0.7,6122.0,0.964,86.67,F,0,9.182495363881701
11147276,FALSE POSITIVE,1.566528935,48.03,1551.0,0.0,5883.0,0.905,1371.7,G,0,3100.2938353002714
11154043,FALSE POSITIVE,4.52977632,12.22,2264.0,0.0,8912.0,2.299,3158.4199999999996,A,0,349.2887701792746
11182260,CANDIDATE,1.291964282,10.97,1249.0,0.0,4995.0,0.638,572.64,K,0,3759.1596514430576
11187972,CANDIDATE,37.4646974,0.97,677.0,0.354,6266.0,1.342,49.61,F,0,1.3772965906832602
4548011,FALSE POSITIVE,4.32744048,0.58,1254.0,0.0,5888.0,1.227,585.32,G,0,5.083836531473219
2852941,FALSE POSITIVE,11.57958162,2.39,878.0,0.0,5706.8232800782525,1.0,141.3,G,0,36.34846351210398
8773015,CANDIDATE,6.31915999,1.04,1369.0,0.978,6254.0,1.706,829.72,F,0,5.4437615212207975
9883606,CANDIDATE,2.58393841,0.77,1470.0,0.883,6164.0,1.09,1103.3,F,0,19.118102741465883
9597729,FALSE POSITIVE,0.87630504,22.24,1911.0,0.131,6032.0,0.929,3156.02,F,0,195.0234133082243
9836563,CANDIDATE,6.5595368,0.62,1079.0,0.967,5950.0,1.196,320.09,G,0,4.009429446298708
6508221,CANDIDATE,31.5322987,0.74,461.0,0.0,5183.0,0.739,10.65,K,0,3.374317902170577
9100953,CANDIDATE,14.7510068,1.7,629.0,0.978,5295.0,0.8,36.94,G,0,25.83552466398429
3830820,FALSE POSITIVE,15.582794732,14.0,397.0,0.0,3849.0,0.546,5.86,K,0,311.67066521299535
3831523,FALSE POSITIVE,1.529283907,2.26,2550.0,0.775,6438.0,2.266,3158.4199999999996,F,0,35.83376490732927
3834364,FALSE POSITIVE,2.908454772,40.85,1153.0,0.0,5631.0,0.764,416.75,G,0,1669.855775910962
3836413,FALSE POSITIVE,1.540396094,48.03,1576.0,0.0,5780.0,1.0,1455.18,G,0,3152.890363015942
3836439,FALSE POSITIVE,1.540395674,48.03,2850.0,0.0,7394.0,2.283,3158.4199999999996,F,0,3152.8912226742596
3838004,FALSE POSITIVE,2.344138713,2.43,1797.0,0.0,5313.0,2.095,2469.65,G,0,47.26682742174396
3851134,FALSE POSITIVE,0.91849333,0.93,2205.0,0.0,6469.0,1.193,3158.4199999999996,F,0,63.90901064028413
3851193,FALSE POSITIVE,1.341078755,41.8,1968.0,0.001,6368.0,1.225,3158.4199999999996,F,0,3621.4875389626163
9595956,FALSE POSITIVE,154.608014,2.39,878.0,0.0,5706.8232800782525,1.0,141.3,G,0,2.7223685830412387
9655792,FALSE POSITIVE,154.608014,2.03,217.0,0.0,6003.0,0.932,0.53,F,0,2.990789339031287
9970396,FALSE POSITIVE,154.608014,48.03,585.0,0.0,4894.0,2.747,27.65,K,0,31.4129900148643
10079420,CANDIDATE,54.54312996,2.39,878.0,0.0,5706.8232800782525,1.0,141.3,G,0,7.716828871182734
10253638,FALSE POSITIVE,7.4539297,2.39,878.0,0.0,5706.8232800782525,1.0,520.65,G,0,56.46685935339583
10267121,FALSE POSITIVE,36.136968,1.3,600.0,0.0,6258.0,1.046,30.69,F,0,4.206218961148041
10341777,FALSE POSITIVE,0.933746709,0.36,1893.0,0.0,6302.0,0.815,3026.99,F,0,19.919748921974517
10407271,FALSE POSITIVE,0.93376738,0.63,1678.0,0.0,5611.0,0.787,1879.0,G,0,59.329551649148414
10471167,FALSE POSITIVE,0.93374073,0.84,1371.0,0.0,4753.0,0.717,831.95,K,0,158.07385846818528
10471174,FALSE POSITIVE,0.93369659,0.78,1680.0,0.0,5619.0,0.838,1891.43,G,0,87.1803548088357
10471345,FALSE POSITIVE,0.9337473,0.6,1625.0,0.0,5649.0,0.741,1652.84,G,0,69.18360031670238
11296798,FALSE POSITIVE,154.608014,7.12,388.0,0.0,6335.0,2.747,5.35,F,0,2.0852735356913645
11463950,FALSE POSITIVE,4.0551242,3.13,2013.0,0.0,7064.0,2.531,3158.4199999999996,F,0,36.66965366930068
11559304,CANDIDATE,12.9284553,0.64,343.0,0.0,3578.0,0.375,3.26,M,0,23.042195922663705
11621897,FALSE POSITIVE,21.6817115,0.89,713.0,0.0,6297.0,1.031,60.99,F,0,3.3899537866279608
12253534,FALSE POSITIVE,154.608014,2.13,305.0,0.0,6098.0,1.59,2.05,F,0,1.1648814012965718
12304202,FALSE POSITIVE,0.66573903,2.39,878.0,0.0,5706.8232800782525,1.0,141.3,G,0,632.2297192039349
4735826,CANDIDATE,4.02018903,0.6,1337.0,1.0,5788.0,1.376,754.66,G,0,4.601773663364282
9291039,FALSE POSITIVE,3.796383639,0.71,1323.0,0.0,6017.0,1.21,724.17,F,0,8.192006645617093
10155321,FALSE POSITIVE,0.71059239,3.92,3318.0,0.0,7454.0,1.853,3158.4199999999996,F,0,394.8817971439295
5003670,CANDIDATE,3.33930957,1.2,1205.0,0.989,5700.0,1.006,498.37,G,0,27.340981147788582
4953173,FALSE POSITIVE,3.36379289,44.77,1840.0,0.0,5947.0,2.407,2712.28,G,0,40.519736041180586
8973285,CANDIDATE,4.29251656,3.66,1144.0,0.805,6032.0,0.973,403.88,F,0,58.12441175532704
2861126,CANDIDATE,4.98792404,0.73,485.0,0.997,3606.0,0.395,13.07,M,0,69.40763275937938
6363560,FALSE POSITIVE,0.907818056,0.55,2012.0,0.0,6210.0,1.014,3158.4199999999996,F,0,32.49549819484974
7539174,FALSE POSITIVE,154.608014,45.69,706.0,0.0,4916.0,2.747,58.76,K,0,8.890224797790884
7935997,CONFIRMED,3.87594316,0.68,1081.0,0.0,5713.0,0.893,323.21,G,1,15.118900763240296
8105398,CANDIDATE,5.68325648,0.97,1257.0,0.981,6072.0,1.286,589.92,F,0,7.847613451364068
10535708,FALSE POSITIVE,0.93373761,1.0,2073.0,0.0,5534.0,1.326,3158.4199999999996,G,0,62.86562667214401
11453930,FALSE POSITIVE,0.687739345,1.53,2837.0,0.0,6823.0,1.493,3158.4199999999996,F,0,54.671875723498125
4737267,FALSE POSITIVE,9.524076544,48.03,1390.0,0.0,5180.0,2.747,882.28,K,0,509.9392027733791
5955321,FALSE POSITIVE,11.637858887,48.03,895.0,0.0,6360.0,1.058,151.54,F,0,417.31903154670033
6182093,FALSE POSITIVE,50.900813,2.39,878.0,0.0,5706.8232800782525,1.0,141.3,G,0,8.269023129355517
4758350,CANDIDATE,91.649983,2.27,568.0,0.0,6705.0,1.608,24.57,F,0,2.1123844616534186
4862625,CANDIDATE,154.608014,3.39,248.0,0.0,6373.0,1.047,0.9,F,0,6.717633666777454
10621666,FALSE POSITIVE,14.5862195,1.17,702.0,0.0,5904.0,0.819,57.32,G,0,13.862399369487068
5211470,FALSE POSITIVE,0.938074536,48.03,3749.0,0.0,4697.0,2.747,3158.4199999999996,K,0,613.9171013592037
6665064,FALSE POSITIVE,0.698359996,28.97,1990.0,0.0,5761.0,0.956,3158.4199999999996,G,0,1108.4540987940552
3123418,FALSE POSITIVE,154.608014,2.55,209.0,0.0,5853.0,0.868,0.45,G,0,5.645891033824418
3458687,FALSE POSITIVE,0.98376204,12.44,3749.0,0.0,6431.0,2.747,3158.4199999999996,F,0,55.9078290924907
3749508,FALSE POSITIVE,2.403704619,27.04,3749.0,0.0,6244.0,2.747,3158.4199999999996,F,0,46.012309135559384
3955867,FALSE POSITIVE,33.65766894,48.03,1211.0,0.0,4774.0,2.747,508.66,K,0,144.2969805383082
3965201,CANDIDATE,44.113873,4.9,1158.0,0.0,7854.0,2.747,424.45,A,0,4.449847330339823
4074294,FALSE POSITIVE,0.892988877,2.94,3285.0,0.0,6228.0,2.747,3158.4199999999996,F,0,95.18595605082773
4380560,FALSE POSITIVE,0.705816203,15.33,2109.0,0.0,6106.0,0.966,3158.4199999999996,F,0,211.10311631652922
4384652,FALSE POSITIVE,154.608014,48.03,220.0,0.0,5714.0,0.711,0.55,G,0,31.4129900148643
7697568,FALSE POSITIVE,10.3482112,1.29,724.0,0.0,5383.0,0.822,64.97,G,0,24.65160355443847
4483235,FALSE POSITIVE,1.7609276,1.53,2860.0,0.0,8784.0,1.967,3158.4199999999996,A,0,32.53966829754954
4662363,FALSE POSITIVE,154.608014,2.39,878.0,0.0,5706.8232800782525,1.0,141.3,G,0,2.7223685830412387
4680745,FALSE POSITIVE,1.463148937,15.82,2371.0,0.0,6525.0,1.805,3158.4199999999996,F,0,114.82084684041978
4851195,FALSE POSITIVE,154.608014,48.03,295.0,0.0,6446.0,1.155,1.79,F,0,31.4129900148643
4862924,CANDIDATE,154.608014,1.98,263.0,0.0,6315.0,1.095,1.12,F,0,2.0956222877295354
5024414,FALSE POSITIVE,1.525924746,8.86,3749.0,0.0,5000.0,2.747,3158.4199999999996,K,0,48.56071716134289
5177065,FALSE POSITIVE,1.25383162,0.47,2109.0,0.0,6472.0,1.299,3158.4199999999996,F,0,10.28846281608371
5268955,FALSE POSITIVE,12.82252496,20.12,915.0,0.0,5845.0,1.352,165.54,G,0,378.76315430467287
5271090,CANDIDATE,10.1551587,0.94,721.0,0.0,5275.0,0.796,63.73,G,0,13.94365210658894
5444276,CANDIDATE,0.708965461,1.13,2417.0,0.0,6528.0,1.155,3158.4199999999996,F,0,122.99611870655008
5598645,FALSE POSITIVE,0.648772102,2.6,3749.0,0.0,4973.0,2.747,3158.4199999999996,K,0,47.936709830966194
5696518,FALSE POSITIVE,0.96391996,2.39,878.0,0.0,5706.8232800782525,1.0,141.3,G,0,436.6545122688402
5878506,CANDIDATE,11.76872507,2.39,878.0,0.0,5706.8232800782525,1.0,141.3,G,0,35.76428181442767
5908086,FALSE POSITIVE,0.93705132,6.09,3749.0,0.0,6691.0,2.747,3158.4199999999996,F,0,54.95963657572138
6307243,FALSE POSITIVE,154.608014,1.85,464.0,0.0,9024.0,2.005,10.97,A,0,0.5174376019085272
6350522,FALSE POSITIVE,154.608014,1.43,159.0,0.0,4541.0,0.669,0.15,K,0,2.9578026919096185
6385302,FALSE POSITIVE,154.608014,2.39,878.0,0.0,5706.8232800782525,1.0,141.3,G,0,2.7223685830412387
6443274,CANDIDATE,154.608014,1.46,143.0,0.0,4486.0,0.646,0.1,K,0,3.5845489872213223
6508734,FALSE POSITIVE,154.608014,1.14,109.0,0.0,3622.0,0.43,0.03,M,0,4.6401216951147175
6527050,FALSE POSITIVE,0.87985197,2.39,878.0,0.0,5706.8232800782525,1.0,141.3,G,0,478.3759249865633
5602588,CANDIDATE,7.2274321,1.28,967.0,0.968,6075.0,0.969,206.77,F,0,23.978087597668335
6590362,FALSE POSITIVE,0.592618966,0.86,2103.0,0.0,5926.0,0.887,3158.4199999999996,G,0,154.2306359462684
6628740,FALSE POSITIVE,0.532854237,1.21,3042.0,0.0,6266.0,1.613,3158.4199999999996,F,0,95.52330912590641
6876575,CANDIDATE,91.069934,1.59,1103.0,0.0,9051.0,2.747,349.47,A,0,0.13945326895701932
7031126,FALSE POSITIVE,0.566802672,1.08,2791.0,0.0,5102.0,1.961,3158.4199999999996,K,0,55.92775328342136
7031208,FALSE POSITIVE,0.566796331,1.5,2411.0,0.0,6319.0,1.032,3158.4199999999996,F,0,202.5418897780409
7031742,FALSE POSITIVE,0.566785459,0.84,2280.0,0.0,6063.0,1.012,3158.4199999999996,F,0,112.56463797177267
7032568,FALSE POSITIVE,0.566792936,0.79,3114.0,0.0,6432.0,1.603,3158.4199999999996,F,0,40.57919310412859
7032687,FALSE POSITIVE,0.5668004,0.88,2222.0,0.0,6215.0,0.872,3158.4199999999996,F,0,164.43178233466315
7115384,FALSE POSITIVE,0.566793614,21.63,3749.0,0.0,3789.0,2.747,3158.4199999999996,K,0,55.399353881922885
7116282,FALSE POSITIVE,0.566798676,0.68,2051.0,0.0,5490.0,0.887,3158.4199999999996,G,0,105.68126309455246
7116859,FALSE POSITIVE,0.5667638,0.75,2178.0,0.0,5766.0,0.94,3158.4199999999996,G,0,113.80402206351216
7133286,FALSE POSITIVE,38.51077573,18.68,352.0,0.0,4374.0,0.635,3.64,K,0,126.112754363881
7186259,FALSE POSITIVE,4.23965309,2.39,878.0,0.0,5706.8232800782525,1.0,141.3,G,0,99.27699060868208
7214090,FALSE POSITIVE,0.577910513,1.1,2081.0,0.0,5730.0,0.908,3158.4199999999996,G,0,249.34656276100657
7281694,FALSE POSITIVE,0.566807725,0.94,2524.0,0.0,5018.0,1.734,3158.4199999999996,K,0,55.57440135453341
7362450,FALSE POSITIVE,0.566807422,1.13,2680.0,0.0,5616.0,1.547,3158.4199999999996,G,0,46.04738573800821
8007262,FALSE POSITIVE,1.345078434,12.16,2324.0,0.0,6664.0,1.675,3158.4199999999996,F,0,2248.9394845207967
8096395,CANDIDATE,154.608014,2.57,257.0,0.897,5941.0,0.945,1.03,G,0,3.4791210758324596
8106973,FALSE POSITIVE,154.608014,24.7,221.0,0.0,5810.0,0.811,0.57,G,0,31.4129900148643
8168509,CANDIDATE,154.608014,7.01,364.0,0.0,7037.0,1.683,4.17,F,0,4.718384132403383
10397751,CANDIDATE,5.43103616,0.66,873.0,0.857,5374.0,0.721,137.1,G,0,12.299678741229371
8258103,FALSE POSITIVE,0.594003994,1.55,3749.0,0.0,8596.0,2.747,3158.4199999999996,A,0,42.76065524232821
8297319,CANDIDATE,154.608014,1.3,193.0,0.0,4906.0,0.668,0.33,K,0,2.5807200395187793
8423344,CANDIDATE,154.608014,1.55,132.0,0.0,3761.0,0.526,0.07,K,0,5.821173021470931
8444868,CANDIDATE,67.412998,1.57,572.0,0.0,6525.0,1.359,25.32,F,0,1.87055914647202
8579684,FALSE POSITIVE,2.08802799,1.93,2003.0,0.0,6593.0,1.67,3158.4199999999996,F,0,33.907591439902106
8649876,FALSE POSITIVE,10.4212788,36.9,1235.0,0.0,6183.0,2.073,549.92,F,0,14.201711981834706
8682094,CANDIDATE,154.608014,2.39,878.0,0.0,5706.8232800782525,1.0,141.3,G,0,2.7223685830412387
8846809,FALSE POSITIVE,0.778705577,48.03,3749.0,0.0,7846.0,2.747,3158.4199999999996,A,0,69.98794102639386
8868686,FALSE POSITIVE,4.44709107,0.96,1228.0,0.0,6137.0,1.076,537.35,F,0,9.107076819994154
9025662,FALSE POSITIVE,154.608014,48.03,274.0,0.0,6054.0,0.893,1.34,F,0,10.18705278757413
8572936,FALSE POSITIVE,27.795762425,48.03,655.0,0.0,5915.0,1.13,43.51,G,0,174.7280727810437
9837578,FALSE POSITIVE,20.733748565,48.03,661.0,0.0,5620.0,0.974,45.06,G,0,234.2412894983421
7821010,FALSE POSITIVE,24.238241803,48.03,793.0,0.0,6457.0,1.365,93.68,F,0,200.37344455400554
5473556,FALSE POSITIVE,11.258825027,48.03,1080.0,0.0,6217.0,1.464,322.25,F,0,431.3682811797018
6504534,FALSE POSITIVE,28.162612575,23.52,470.0,0.0,4936.0,0.761,11.52,K,0,172.45204034484004
6307062,FALSE POSITIVE,75.378956896,48.03,365.0,0.0,5420.0,0.771,4.17,G,0,64.43044849639888
5652983,FALSE POSITIVE,9.0584662,2.46,1310.0,0.0,5198.0,2.747,695.41,K,0,6.822347032657692
9092897,FALSE POSITIVE,3.9169155,2.39,878.0,0.0,5706.8232800782525,1.0,141.3,G,0,107.457002838075
9246715,FALSE POSITIVE,154.608014,48.03,738.0,0.0,4857.0,2.747,70.22,K,0,31.4129900148643
9292130,FALSE POSITIVE,154.608014,2.51,384.0,0.0,6176.0,2.16,5.13,F,0,0.8563592311586126
9541144,FALSE POSITIVE,0.536650344,1.57,3380.0,0.0,5490.0,2.747,3158.4199999999996,G,0,48.07599638844171
8677057,CANDIDATE,0.694611128,0.64,1415.0,0.967,4612.0,0.662,945.45,K,0,142.23785945450618
8702537,CANDIDATE,7.4751841,0.85,1168.0,0.924,5616.0,1.602,439.51,G,0,3.7591047423166475
8757213,FALSE POSITIVE,154.608014,2.22,292.0,0.078,6268.0,1.1,1.72,F,0,2.5742520694949227
8880003,FALSE POSITIVE,1.72128752,0.65,1415.0,0.0,5813.0,0.833,944.49,G,0,33.98618726986413
8953296,FALSE POSITIVE,0.784294574,48.03,2651.0,0.0,6576.0,1.455,3158.4199999999996,F,0,6192.443708019328
8749844,FALSE POSITIVE,154.608014,6.85,733.0,0.231,9492.0,2.747,68.36,A,0,1.5257941286277696
8962007,FALSE POSITIVE,1.41435861,0.74,1578.0,0.002,5470.0,0.994,1458.2,G,0,40.15954624124641
8703491,FALSE POSITIVE,0.616343903,1.72,2513.0,0.0,6045.0,1.34,3158.4199999999996,F,0,261.8667909496624
9043947,CANDIDATE,1.04347858,1.09,2688.0,0.869,6014.0,2.246,3158.4199999999996,F,0,21.562493405470768
9079587,FALSE POSITIVE,154.608014,4.4,228.0,0.0,5606.0,0.8,0.64,G,0,12.573733726377212
8703506,FALSE POSITIVE,154.608014,3.75,261.0,0.019,6112.0,0.908,1.09,F,0,10.723894299554226
8590776,FALSE POSITIVE,33.8938177,1.22,527.0,0.034,5818.0,0.848,18.27,G,0,6.051251051604021
8761550,FALSE POSITIVE,154.608014,2.17,392.0,0.01,5786.0,1.771,5.56,G,0,0.8097898469868451
8686761,FALSE POSITIVE,154.608014,4.67,381.0,0.0,5382.0,2.747,4.99,G,0,1.5206197526086842
8873450,CONFIRMED,24.2783801,2.03,432.0,0.0,4450.0,0.707,8.27,K,1,29.42535692486337
8880317,CANDIDATE,154.608014,2.15,305.0,0.324,6337.0,1.239,2.05,F,0,1.9287486611140352
8750503,FALSE POSITIVE,11.9283194,0.98,632.0,0.074,5010.0,0.75,37.8,K,0,15.299724452381783
8639155,FALSE POSITIVE,0.603351522,3.91,3730.0,0.0,6240.0,2.747,3158.4199999999996,F,0,271.98075088306484
9021047,FALSE POSITIVE,31.97280045,5.88,626.0,0.0,6340.0,1.01,36.33,F,0,69.9469539272091
8587439,FALSE POSITIVE,8.39140024,1.1,921.0,0.002,5892.0,0.935,169.89,G,0,16.016397282463554
8712863,FALSE POSITIVE,0.532493086,1.87,3749.0,0.168,6894.0,2.747,3158.4199999999996,F,0,37.37137725014517
9079915,FALSE POSITIVE,0.812678859,0.83,2403.0,0.007,6636.0,1.236,3158.4199999999996,F,0,48.35858539295409
10208894,FALSE POSITIVE,154.608014,48.03,852.0,0.0,4959.0,2.747,124.46,K,0,6.766790238958765
10214873,FALSE POSITIVE,5.959695593,1.13,937.0,0.0,5717.0,0.884,182.4,G,0,25.37042331114914
10253977,CANDIDATE,154.608014,2.25,204.0,0.216,5307.0,0.753,0.41,G,0,5.038548648584284
10268714,FALSE POSITIVE,154.608014,2.41,345.0,0.141,6664.0,1.73,3.33,F,0,1.132541551177289
10281311,FALSE POSITIVE,154.608014,1.68,328.0,0.037,6306.0,1.076,2.73,F,0,1.5749507008090797
10341876,FALSE POSITIVE,154.608014,3.57,258.0,0.0,5845.0,0.918,1.04,G,0,8.136059493009205
10351947,CANDIDATE,154.608014,25.39,608.0,0.325,4845.0,2.747,32.37,K,0,4.61748380003122
10160922,CANDIDATE,87.487573,1.87,377.0,0.789,5774.0,0.818,4.79,G,0,6.043143978859718
10198225,CANDIDATE,11.9451376,3.32,1337.0,0.989,5094.0,2.747,755.16,K,0,5.299227360930526
10214341,CANDIDATE,154.608014,1.84,307.0,0.126,6461.0,0.971,2.09,F,0,2.077511971662737
10219288,FALSE POSITIVE,3.381607,48.03,3749.0,0.0,3974.0,2.747,3158.4199999999996,K,0,130.29308254921403
10226343,FALSE POSITIVE,0.660655454,16.81,2497.0,0.0,6520.0,1.215,3158.4199999999996,F,0,858.0872171230118
10263598,FALSE POSITIVE,145.750554,15.34,748.0,0.088,5096.0,2.747,74.07,K,0,2.645616015977545
10266860,FALSE POSITIVE,2.17813954,1.0,2073.0,0.0,6511.0,1.851,3158.4199999999996,F,0,13.130471888867138
4763020,FALSE POSITIVE,154.608014,1.63,330.0,0.017,5884.0,1.628,2.8,G,0,0.6474437993880446
5128966,FALSE POSITIVE,0.505322676,46.59,2275.0,0.0,5941.0,0.924,3158.4199999999996,G,0,9611.08660004009
5288744,FALSE POSITIVE,154.608014,3.53,362.0,0.057,6045.0,1.719,4.05,F,0,2.717841004024539
5305225,FALSE POSITIVE,154.608014,2.11,257.0,0.0,5708.0,0.933,1.03,G,0,2.2605555233378785
5598216,FALSE POSITIVE,154.608014,2.19,279.0,0.0,5846.0,1.116,1.44,G,0,2.475292128129917
5637036,FALSE POSITIVE,154.608014,32.31,827.0,0.157,4932.0,2.747,110.64,K,0,4.728086087439167
5647008,FALSE POSITIVE,0.799868354,34.7,1816.0,0.493,5568.0,0.882,2581.61,G,0,6071.87417243413
10385708,FALSE POSITIVE,154.608014,2.5,336.0,0.0,5845.0,1.702,3.02,G,0,1.3757372240742967
10404545,FALSE POSITIVE,154.608014,2.5,202.0,0.0,5188.0,0.69,0.39,K,0,8.821017518535617
10425070,FALSE POSITIVE,154.608014,40.48,231.0,0.003,5648.0,0.841,0.68,G,0,12.716029066902056
10425070,FALSE POSITIVE,154.608014,3.17,225.0,0.0,5648.0,0.841,0.61,G,0,8.395425090965855
10461045,FALSE POSITIVE,154.608014,1.72,325.0,0.088,6732.0,1.316,2.65,F,0,1.0478111438647677
10493253,FALSE POSITIVE,89.667675,48.03,1364.0,0.168,4742.0,2.747,818.91,K,0,15.780491687779348
10515564,CANDIDATE,5.0487451,0.67,922.0,0.266,5450.0,0.83,170.39,G,0,13.389465829835617
10321927,FALSE POSITIVE,154.608014,1.96,232.0,0.103,5334.0,0.81,0.69,G,0,3.834859427144572
10321972,CANDIDATE,122.11555,2.96,351.0,0.692,5592.0,0.894,3.6,G,0,9.040617677273698
10322797,FALSE POSITIVE,1.213742728,1.18,2599.0,0.0,6532.0,1.987,3158.4199999999996,F,0,26.117561216811673
10331279,CANDIDATE,154.608014,1.7,267.0,0.975,5663.0,0.782,1.2,G,0,2.4571818120631184
10338529,FALSE POSITIVE,154.608014,2.35,281.0,0.087,6136.0,1.087,1.48,F,0,2.710726236998297
10383729,FALSE POSITIVE,0.734548624,0.84,2082.0,0.0,6046.0,1.007,3158.4199999999996,F,0,79.77688349736805
5709226,FALSE POSITIVE,154.608014,2.22,241.0,0.05,5665.0,0.82,0.79,G,0,4.650470447152888
5775090,FALSE POSITIVE,154.608014,1.64,151.0,0.021,4403.0,0.576,0.12,K,0,5.601262040659807
5791705,FALSE POSITIVE,154.608014,2.43,269.0,0.217,6228.0,1.427,1.24,F,0,1.8698901338969403
5802205,CANDIDATE,154.608014,1.69,315.0,0.381,6180.0,1.917,2.32,F,0,0.4967400978321861
5812648,FALSE POSITIVE,154.608014,5.75,568.0,0.08,6565.0,2.747,24.55,F,0,1.6829658002074848
5858919,CANDIDATE,154.608014,48.03,1997.0,0.224,3297.0,2.747,3158.4199999999996,M,0,0.9061626003423082
5872139,FALSE POSITIVE,154.608014,3.64,264.0,0.043,6089.0,1.024,1.15,F,0,7.955603129343606
10519701,FALSE POSITIVE,154.608014,47.48,408.0,0.079,6122.0,2.348,6.52,F,0,2.508278775251586
10664150,FALSE POSITIVE,154.608014,29.24,270.0,0.129,6296.0,0.966,1.26,F,0,8.231138652359896
10735575,FALSE POSITIVE,1.6749812,48.03,3749.0,0.0,3940.0,2.747,3158.4199999999996,K,0,56.120032869622655
10753394,FALSE POSITIVE,154.608014,0.96,172.0,0.01,4326.0,0.575,0.21,K,0,1.5684827307852232
10875937,FALSE POSITIVE,154.608014,48.03,492.0,0.0,4878.0,2.747,13.83,K,0,31.4129900148643
10907307,CANDIDATE,154.608014,5.02,304.0,0.0,6046.0,1.048,2.02,F,0,9.814497714199991
11087662,FALSE POSITIVE,154.608014,42.55,376.0,0.083,6564.0,1.461,4.75,F,0,2.7928694563012755
10397315,FALSE POSITIVE,2.17812769,0.78,1421.0,0.0,6014.0,0.958,963.16,F,0,28.327081228190067
10403228,CANDIDATE,67.176626864,9.66,179.0,0.804,3391.0,0.311,0.24,M,0,25.156071075453458
10405224,FALSE POSITIVE,0.93378068,0.63,1427.0,0.0,4938.0,0.753,985.2,K,0,77.85554098206444
10405482,FALSE POSITIVE,0.93373895,0.64,1993.0,0.0,6223.0,1.006,3158.4199999999996,F,0,42.41014043593234
10405546,FALSE POSITIVE,0.93373718,0.48,2097.0,0.0,6367.0,1.087,3158.4199999999996,F,0,20.24124175927106
10407191,CANDIDATE,0.93420696,2.39,878.0,1.0,5706.8232800782525,1.0,141.3,G,0,450.5425650008002
5955197,CANDIDATE,154.608014,2.33,216.0,0.223,5316.0,0.753,0.52,G,0,6.32502788632936
5955427,FALSE POSITIVE,154.608014,1.91,221.0,0.0,4594.0,0.752,0.56,K,0,4.507528309625657
5956977,FALSE POSITIVE,77.773042,15.03,955.0,0.108,4763.0,2.747,196.5,K,0,5.562338682856201
6043574,FALSE POSITIVE,154.608014,48.03,384.0,0.102,6056.0,2.29,5.12,F,0,2.377625780769683
6049470,FALSE POSITIVE,154.608014,0.47,134.0,0.048,3778.0,0.515,0.08,K,0,0.5239055719323839
6105359,FALSE POSITIVE,154.608014,2.13,316.0,0.253,5533.0,1.255,2.36,G,0,1.9358634281402776
6114140,CANDIDATE,0.933745798,3.45,2097.0,0.0,6367.0,1.087,3158.4199999999996,F,0,657.3523557639613
11099109,FALSE POSITIVE,115.28415,2.05,374.0,0.0,5780.0,1.0,4.63,G,0,3.6006684353399843
11124353,FALSE POSITIVE,154.608014,2.48,225.0,0.163,5743.0,0.853,0.6,G,0,5.400108172917867
11338091,CANDIDATE,154.608014,1.35,347.0,0.092,6392.0,1.34,3.43,F,0,0.6138103552639904
11400356,FALSE POSITIVE,154.608014,2.24,190.0,0.112,5511.0,0.872,0.31,G,0,4.081289085053508
11446424,CANDIDATE,66.716453,2.2,402.0,0.522,5447.0,0.859,6.18,G,0,9.38299282787111
11449696,FALSE POSITIVE,154.608014,2.55,259.0,0.027,6106.0,0.94,1.07,F,0,4.656291620174359
11456839,FALSE POSITIVE,154.608014,48.03,989.0,0.0,5013.0,2.747,226.51,K,0,8.958138483041377
10452252,CANDIDATE,34.573718512,0.42,199.0,0.989,3374.0,0.218,0.37,M,0,11.540557891148252
10462462,FALSE POSITIVE,0.85581563,2.39,878.0,0.0,5706.8232800782525,1.0,141.3,G,0,491.81153655723716
10470882,FALSE POSITIVE,0.9337491,0.79,1662.0,0.0,5628.0,0.808,1809.26,G,0,105.06034222683587
10470993,FALSE POSITIVE,0.93374417,0.64,2126.0,0.0,6363.0,1.131,3158.4199999999996,F,0,33.52095895816945
10471005,FALSE POSITIVE,0.93374635,0.63,1895.0,0.0,5593.0,1.094,3029.67,G,0,36.73374466202733
10471055,FALSE POSITIVE,0.9337465,0.63,1863.0,0.0,6102.0,0.887,2852.33,F,0,53.4406286931196
10471204,FALSE POSITIVE,0.93371631,0.7,1743.0,0.0,5734.0,0.883,2180.39,G,0,65.65163245354469
6119605,FALSE POSITIVE,154.608014,3.13,217.0,0.133,5250.0,0.608,0.53,G,0,13.328545828161275
6230649,FALSE POSITIVE,154.608014,33.2,331.0,0.001,6743.0,1.433,2.85,F,0,2.332996787605072
6286633,FALSE POSITIVE,154.608014,48.03,666.0,0.0,5083.0,2.747,46.47,K,0,16.609747021263722
6451125,FALSE POSITIVE,72.6549842,34.52,699.0,0.0,6793.0,1.96,56.33,F,0,5.358200876189854
6507334,CANDIDATE,54.753883835,2.21,521.0,0.731,6242.0,1.047,17.47,F,0,8.077965781073436
6516529,FALSE POSITIVE,154.608014,1.89,252.0,0.002,5947.0,0.945,0.95,G,0,2.6124130926356766
6521526,FALSE POSITIVE,103.039788,2.05,210.0,0.012,3749.0,0.581,0.46,K,0,13.295834808976897
11501492,FALSE POSITIVE,154.608014,2.88,271.0,0.0,6164.0,1.045,1.28,F,0,3.3575232393839562
11558217,FALSE POSITIVE,154.608014,1.9,353.0,0.223,6740.0,1.471,3.66,F,0,0.980544255616659
11649292,FALSE POSITIVE,154.608014,14.33,382.0,0.015,5078.0,2.747,5.03,K,0,8.602400131729265
11760931,FALSE POSITIVE,154.608014,1.48,253.0,0.096,6032.0,0.973,0.97,F,0,1.5057434215538144
11854061,FALSE POSITIVE,154.608014,25.19,157.0,0.001,4559.0,0.655,0.14,K,0,31.4129900148643
11868122,FALSE POSITIVE,154.608014,1.64,298.0,0.0,6070.0,1.191,1.87,F,0,1.195280860408698
11872364,CANDIDATE,154.608014,3.31,312.0,0.492,5573.0,0.981,2.23,G,0,6.558521604190583
10471243,FALSE POSITIVE,0.93376131,0.61,1682.0,0.0,5665.0,0.82,1891.81,G,0,59.544124825647366
10471296,FALSE POSITIVE,0.93377253,0.43,1644.0,0.0,5595.0,0.796,1734.32,G,0,32.12773886162618
10535886,FALSE POSITIVE,0.93376021,0.4,1019.0,0.0,3885.0,0.54,253.97,K,0,60.50803985318672
10535897,FALSE POSITIVE,0.93372008,0.41,1990.0,0.0,6221.0,0.983,3158.4199999999996,F,0,18.206741360858384
10535926,FALSE POSITIVE,0.93373591,0.57,1904.0,0.0,6028.0,0.95,3116.05,F,0,37.59092868132275
10535991,FALSE POSITIVE,0.93374911,0.66,1793.0,0.0,5978.0,0.846,2442.7,G,0,61.90099608234164
10536177,FALSE POSITIVE,0.93372261,0.59,1949.0,0.0,5984.0,1.017,3158.4199999999996,G,0,33.414634781094136
6600492,FALSE POSITIVE,154.608014,2.01,258.0,0.027,5818.0,0.925,1.05,G,0,2.837498449465886
6685403,FALSE POSITIVE,154.608014,2.74,223.0,0.001,5587.0,0.877,0.58,G,0,6.4770251818899895
6846544,FALSE POSITIVE,154.608014,2.61,338.0,0.04,6486.0,1.812,3.07,F,0,1.1926936723991552
6887321,FALSE POSITIVE,1.65746034,0.54,1663.0,0.0,5860.0,1.13,1808.13,G,0,13.816318525003137
6953281,FALSE POSITIVE,0.566799395,1.65,2448.0,0.0,6322.0,1.075,3158.4199999999996,F,0,407.9044579784705
7020168,FALSE POSITIVE,154.608014,2.41,385.0,0.259,5548.0,1.616,5.21,G,0,1.4708163834249885
12012872,FALSE POSITIVE,14.395425,0.85,672.0,0.009,5715.0,0.782,48.08,G,0,8.016435777338982
12069319,FALSE POSITIVE,154.608014,37.37,789.0,0.0,5386.0,2.747,91.65,G,0,5.469315452173133
12121118,FALSE POSITIVE,154.608014,2.0,236.0,0.005,6075.0,0.969,0.74,F,0,2.697143499948198
12252732,FALSE POSITIVE,154.608014,1.18,245.0,0.008,5618.0,1.288,0.85,G,0,0.5491306550254246
12554051,FALSE POSITIVE,154.608014,26.93,604.0,0.1,4787.0,2.747,31.42,K,0,6.684000222653401
12554485,CANDIDATE,154.608014,2.73,207.0,0.444,5515.0,0.82,0.43,G,0,4.370407345119898
12555140,FALSE POSITIVE,154.608014,1.56,226.0,0.0,6420.0,0.941,0.62,F,0,1.7347095603983373
10536241,CANDIDATE,7.7529342,0.93,1002.0,0.918,5975.0,1.072,238.09,G,0,9.299704878186635
10614845,FALSE POSITIVE,0.573762943,0.39,1538.0,0.0,4891.0,0.571,1331.17,K,0,84.1811075275386
10616829,FALSE POSITIVE,1.072934147,48.03,2523.0,0.0,7031.0,1.523,3158.4199999999996,F,0,4526.559261423152
10686909,FALSE POSITIVE,2.61854596,1.18,2008.0,0.0,5657.0,2.682,3158.4199999999996,G,0,7.52325920603662
10730250,FALSE POSITIVE,13.667809025,0.91,705.0,0.0,5796.0,0.807,58.32,G,0,9.34312147370672
10790401,CANDIDATE,154.608014,13.97,586.0,0.371,5193.0,2.747,27.88,K,0,2.5768392575044654
10801951,FALSE POSITIVE,1.105123883,0.83,1755.0,0.0,5883.0,0.959,2235.64,G,0,60.35522444681435
7049771,FALSE POSITIVE,154.608014,8.3,453.0,0.22,4959.0,2.747,9.93,K,0,2.3472263216575566
7053328,FALSE POSITIVE,154.608014,5.34,419.0,0.0,6785.0,2.623,7.28,F,0,2.206224575137483
7106437,FALSE POSITIVE,154.608014,2.8,485.0,0.015,7021.0,1.976,13.13,F,0,1.2664285306711205
7117050,FALSE POSITIVE,73.836858,25.09,1143.0,0.114,4769.0,2.747,403.37,K,0,3.1312274961645845
7185710,FALSE POSITIVE,154.608014,15.72,686.0,0.281,5128.0,2.747,52.5,K,0,3.5987785212738066
7282872,FALSE POSITIVE,154.608014,2.52,253.0,0.005,6251.0,0.889,0.96,F,0,5.0488974006224545
7340624,FALSE POSITIVE,154.608014,34.25,250.0,0.03,5900.0,0.951,0.93,G,0,6.582453093278852
12647110,FALSE POSITIVE,154.608014,8.92,355.0,0.208,5059.0,2.747,3.78,K,0,6.625141695436305
12647757,CANDIDATE,154.608014,7.67,412.0,0.251,5037.0,2.747,6.84,K,0,1.7385903424126514
3629119,CANDIDATE,154.608014,1.36,240.0,0.175,5762.0,0.801,0.78,G,0,1.8673029458873975
3662635,FALSE POSITIVE,0.939375593,48.03,1936.0,0.0,5826.0,0.978,3158.4199999999996,G,0,5170.1364568027475
3734501,FALSE POSITIVE,31.1911468,9.36,1131.0,0.262,4785.0,2.747,386.78,K,0,7.322590652550166
4169315,FALSE POSITIVE,30.9587224,2.34,686.0,0.0,6525.0,1.161,52.49,F,0,11.04696749372319
4446859,CANDIDATE,154.608014,1.58,281.0,0.228,6067.0,1.195,1.48,F,0,1.1073164680842482
9084569,CANDIDATE,154.608014,0.97,208.0,0.75,5060.0,0.869,0.44,K,0,0.817551411015473
9087580,CANDIDATE,0.770658979,0.68,1548.0,0.981,5058.0,0.739,1348.87,K,0,108.34883168213888
9099607,CANDIDATE,4.6318914,0.64,1060.0,0.953,5926.0,0.887,297.79,G,0,10.989031392229965
10844823,CANDIDATE,154.608014,2.23,208.0,0.323,5176.0,0.766,0.45,K,0,5.491306550254245
10862284,FALSE POSITIVE,9.1447861,1.63,843.0,0.007,5849.0,0.919,119.61,G,0,29.39379850557686
10862759,CANDIDATE,29.4856392,1.46,793.0,0.846,6870.0,1.407,93.27,F,0,3.5610555798973484
10877024,FALSE POSITIVE,0.786483923,21.66,2408.0,0.0,6315.0,1.282,3158.4199999999996,F,0,296.6367056939828
10920281,CANDIDATE,3.65034525,0.72,578.0,1.0,3704.0,0.45,26.47,K,0,69.36330200547468
10920420,FALSE POSITIVE,0.9438885,1.45,3158.0,0.0,6947.0,2.297,3158.4199999999996,F,0,37.92820868142794
11032748,CANDIDATE,43.9438891,1.12,505.0,0.798,6008.0,0.875,15.41,F,0,3.5226741003221766
7622473,FALSE POSITIVE,40.244826,48.03,3302.0,0.0,3674.0,2.747,3158.4199999999996,M,0,4.793162728545528
7662744,FALSE POSITIVE,135.428746,1.83,343.0,0.004,5849.0,0.919,3.29,G,0,2.8140259085024684
7686191,FALSE POSITIVE,154.608014,2.36,219.0,0.0,5477.0,0.818,0.55,G,0,5.101934754818078
7690521,FALSE POSITIVE,154.608014,2.27,229.0,0.247,5518.0,0.822,0.65,G,0,4.724852102427239
7747835,FALSE POSITIVE,154.608014,2.65,260.0,0.0,6131.0,0.945,1.08,F,0,4.025017745845956
7762886,FALSE POSITIVE,154.608014,1.82,212.0,0.071,4875.0,0.81,0.47,K,0,3.503052564920729
7811537,FALSE POSITIVE,16.9341628,1.71,798.0,0.202,6321.0,1.125,95.78,F,0,12.271052454981714
4566999,FALSE POSITIVE,154.608014,2.0,203.0,0.132,5657.0,0.824,0.4,G,0,3.893717954361667
4569942,FALSE POSITIVE,154.608014,2.38,257.0,0.159,5291.0,0.926,1.03,G,0,4.49523916658033
4572728,CANDIDATE,154.608014,1.96,383.0,0.363,6299.0,1.754,5.08,F,0,0.7942667189295892
4772095,FALSE POSITIVE,99.299502,5.4,682.0,0.11,6832.0,2.578,51.2,F,0,4.1138172072605155
4847801,FALSE POSITIVE,154.608014,1.2,203.0,0.0,5162.0,0.754,0.4,K,0,1.7133652593196105
5026023,FALSE POSITIVE,1.99638423,0.59,1590.0,0.0,6249.0,1.076,1505.17,F,0,14.72662404270745
5098334,CANDIDATE,154.608014,0.95,226.0,0.067,5547.0,0.911,0.62,G,0,0.7334678007053373
9101271,FALSE POSITIVE,29.3657204,48.03,685.0,0.0,6167.0,1.195,51.92,F,0,165.38671395917805
9118340,FALSE POSITIVE,1.035329922,48.03,3654.0,0.0,7030.0,2.747,3158.4199999999996,F,0,958.9213823571882
9142714,CANDIDATE,1.12625975,2.39,878.0,1.0,5706.8232800782525,1.0,141.3,G,0,373.7148557426473
9159198,FALSE POSITIVE,3.04463691,0.68,1321.0,0.0,6181.0,0.98,721.48,F,0,15.436980299893953
9210820,CANDIDATE,154.608014,1.37,187.0,0.469,5031.0,0.615,0.29,K,0,3.3297109682813724
9227215,CANDIDATE,154.608014,2.11,323.0,0.487,6086.0,1.116,2.57,F,0,2.1557744089514017
9278575,CANDIDATE,154.608014,1.03,215.0,0.23,5637.0,0.833,0.51,G,0,0.9908930076548296
11098004,FALSE POSITIVE,7.508818,1.02,1107.0,0.0,6293.0,1.213,354.74,F,0,9.335690384292175
11135119,FALSE POSITIVE,154.608014,7.9,389.0,0.066,5216.0,2.747,5.43,G,0,4.059944783974782
11139682,CANDIDATE,10.7781558,1.24,942.0,0.978,6386.0,1.123,186.22,F,0,11.254244441335686
11145726,FALSE POSITIVE,0.619618218,3.34,3749.0,0.0,5180.0,2.747,3158.4199999999996,K,0,81.17902046579269
11152950,FALSE POSITIVE,4.17363793,2.52,2197.0,0.0,6619.0,2.747,3158.4199999999996,F,0,11.908076559003288
11182706,CANDIDATE,154.608014,48.03,676.0,0.525,4859.0,2.747,49.27,K,0,7.793257081744806
11294822,CANDIDATE,154.608014,1.98,208.0,0.513,4829.0,0.794,0.44,K,0,4.025017745845956
7811537,FALSE POSITIVE,154.608014,2.33,328.0,0.312,6321.0,1.125,2.72,F,0,2.640872160740646
7874976,FALSE POSITIVE,154.608014,1.01,370.0,0.136,6137.0,1.187,4.42,F,0,0.4695746237319884
7888957,FALSE POSITIVE,154.608014,22.36,537.0,0.001,4994.0,2.747,19.65,K,0,5.7953011413755045
7900114,FALSE POSITIVE,154.608014,1.97,242.0,0.097,5412.0,0.887,0.81,G,0,3.101391626439235
7936194,FALSE POSITIVE,154.608014,3.0,273.0,0.223,5335.0,1.794,1.31,G,0,1.9009363900114518
7959310,FALSE POSITIVE,154.608014,2.22,346.0,0.022,6382.0,1.5,3.37,F,0,1.380911600093382
8012732,FALSE POSITIVE,154.608014,10.28,287.0,0.103,6221.0,1.312,1.6,F,0,31.4129900148643
5391407,FALSE POSITIVE,0.638697833,48.03,2464.0,0.0,6424.0,1.18,3158.4199999999996,F,0,7604.065254437774
5468555,FALSE POSITIVE,154.608014,2.04,265.0,0.106,6469.0,1.171,1.17,F,0,1.944271789171291
5638699,FALSE POSITIVE,154.608014,1.8,298.0,0.11,5770.0,1.326,1.87,G,0,1.1616474162846435
5683219,CANDIDATE,9.4609418,0.54,767.0,0.347,5485.0,0.788,81.83,G,0,5.0206418139048266
5871116,FALSE POSITIVE,54.432903,1.41,404.0,0.272,5119.0,0.827,6.29,K,0,5.650993848334711
5956171,CANDIDATE,154.608014,1.73,262.0,0.311,6299.0,0.95,1.11,F,0,1.9048171720257658
6032318,FALSE POSITIVE,154.608014,1.71,230.0,0.107,5205.0,0.679,0.66,G,0,4.1524367553159305
9347066,FALSE POSITIVE,20.004714,0.89,577.0,0.0,5299.0,0.848,26.19,G,0,5.783636796806992
9390228,CANDIDATE,22.6432436,2.12,624.0,0.943,5880.0,0.891,35.77,G,0,24.30747156736855
9392016,FALSE POSITIVE,154.608014,1.31,243.0,0.0,5882.0,0.833,0.83,G,0,1.6047033629188199
9429631,FALSE POSITIVE,4.18587282,0.89,1057.0,0.0,5455.0,0.909,295.17,G,0,23.746540870775906
9469494,CANDIDATE,154.608014,2.33,437.0,0.508,5989.0,2.467,8.6,G,0,0.5782365201327792
9518558,FALSE POSITIVE,2.178142613,1.22,1452.0,0.0,6290.0,0.898,1050.06,F,0,79.28773762069545
9521317,CANDIDATE,154.608014,1.86,330.0,0.896,6077.0,0.999,2.79,F,0,2.107264633772477
11296205,CANDIDATE,154.608014,1.33,247.0,0.334,6156.0,0.824,0.88,F,0,1.6422175890571882
11348086,FALSE POSITIVE,154.608014,1.61,256.0,0.176,6032.0,0.949,1.01,F,0,1.5309685046468549
11350634,CANDIDATE,154.608014,6.81,464.0,0.253,4951.0,2.747,10.93,K,0,1.699782522269512
11357185,FALSE POSITIVE,154.608014,2.38,354.0,0.066,6218.0,1.131,3.7,F,0,2.4830536921585447
11358305,CANDIDATE,7.8687123,1.73,1323.0,0.941,6738.0,1.692,722.44,F,0,11.323326689679579
11392362,CANDIDATE,9.9105786,1.19,922.0,0.997,6214.0,1.076,170.47,F,0,10.039777092328395
11443757,CANDIDATE,43.9088053,7.33,885.0,0.995,5216.0,2.747,144.75,G,0,6.782238732421172
8028465,FALSE POSITIVE,154.608014,1.46,175.0,0.046,4393.0,0.526,0.22,K,0,5.284331509490834
8129641,FALSE POSITIVE,0.808106001,39.59,1978.0,0.0,6014.0,0.958,3158.4199999999996,F,0,6009.978881471021
8226720,FALSE POSITIVE,154.608014,1.68,274.0,0.036,6428.0,0.977,1.33,F,0,1.7929212906130467
8307354,FALSE POSITIVE,154.608014,2.43,234.0,0.0,5546.0,0.81,0.71,G,0,5.814058254444689
8439949,CANDIDATE,154.608014,3.12,293.0,0.266,6429.0,1.116,1.73,F,0,3.4474280227155627
8527297,CANDIDATE,0.58730021,2.39,878.0,0.638,5706.8232800782525,1.0,141.3,G,0,716.6692482538019
8588982,FALSE POSITIVE,116.025744,37.99,893.0,0.001,4575.0,2.747,150.02,K,0,11.730155335181475
6182508,FALSE POSITIVE,85.9770426,1.46,202.0,0.128,3710.0,0.452,0.4,K,0,12.375396592206114
6195669,FALSE POSITIVE,154.608014,27.77,228.0,0.09,5755.0,0.776,0.64,G,0,6.929136286557565
6356506,CANDIDATE,154.608014,2.17,308.0,0.291,6292.0,1.078,2.13,F,0,2.596243167576035
6583107,FALSE POSITIVE,30.6261927,1.55,655.0,0.168,5860.0,1.197,43.61,G,0,5.309180987423225
6681618,FALSE POSITIVE,154.608014,36.37,264.0,0.128,6047.0,1.002,1.14,F,0,16.156989119593764
6946985,FALSE POSITIVE,154.608014,1.67,505.0,0.388,9935.0,1.996,15.38,A,0,0.4262392245721493
7106438,FALSE POSITIVE,154.608014,2.54,304.0,0.127,6129.0,1.055,2.02,F,0,3.335532141302844
9529148,FALSE POSITIVE,25.3428696,1.85,706.0,0.293,6311.0,1.172,58.81,F,0,9.095260467267684
9531850,FALSE POSITIVE,0.66234265,5.13,2089.0,0.0,5780.0,1.0,3158.4199999999996,G,0,3561.6006307309362
9541094,FALSE POSITIVE,0.536654028,0.67,2299.0,0.0,5887.0,1.001,3158.4199999999996,G,0,76.39931475553931
9579753,FALSE POSITIVE,1.08908149,0.69,1131.0,0.0,4327.0,0.614,386.2,K,0,120.00938515629348
9588880,FALSE POSITIVE,77.97621155,2.39,878.0,0.235,5706.8232800782525,1.0,141.3,G,0,5.397800067910583
9592831,FALSE POSITIVE,0.609668222,1.35,1805.0,0.0,5296.0,0.815,2491.57,G,0,471.7319840888804
9602658,FALSE POSITIVE,3.55650403,0.56,580.0,0.0,3745.0,0.427,26.66,K,0,37.19945173238001
11453349,CANDIDATE,4.40660737,0.86,1152.0,0.907,6063.0,1.001,415.56,F,0,16.044088811116385
11560397,FALSE POSITIVE,0.527673051,1.43,3749.0,0.0,6762.0,2.637,3158.4199999999996,F,0,53.631694751832235
11565903,FALSE POSITIVE,117.140785,15.87,862.0,0.238,5282.0,2.747,130.52,G,0,2.877733831133196
11601597,FALSE POSITIVE,0.590281548,0.68,2643.0,0.0,6124.0,1.315,3158.4199999999996,F,0,36.592707451529556
11612241,FALSE POSITIVE,4.5647147,1.04,1131.0,0.0,5953.0,0.99,387.76,G,0,21.75382395749728
11661803,FALSE POSITIVE,154.608014,38.4,283.0,0.0,6289.0,1.093,1.51,F,0,16.131117239498337
11661803,FALSE POSITIVE,154.608014,37.03,285.0,0.0,6289.0,1.093,1.56,F,0,13.737968330671398
8608544,FALSE POSITIVE,154.608014,2.09,302.0,0.007,6450.0,1.155,1.96,F,0,2.0005431283788435
8608544,CANDIDATE,154.608014,2.25,301.0,0.573,6450.0,1.155,1.93,F,0,2.426135555948607
8618147,FALSE POSITIVE,154.608014,1.94,282.0,0.077,6214.0,1.076,1.5,F,0,2.0982094757390777
8630840,FALSE POSITIVE,154.608014,2.12,328.0,0.102,6179.0,1.555,2.74,F,0,1.204336018442097
8683144,FALSE POSITIVE,154.608014,1.7,280.0,0.0,6008.0,0.897,1.45,F,0,2.313592877533502
8708961,CANDIDATE,154.608014,48.03,338.0,0.212,6028.0,1.63,3.07,F,0,3.5722598441759943
8740744,FALSE POSITIVE,154.608014,2.19,248.0,0.0,6018.0,0.975,0.9,F,0,3.2391593879473803
7451315,FALSE POSITIVE,154.608014,26.7,260.0,0.231,6063.0,0.941,1.09,F,0,8.603693725734036
7751294,FALSE POSITIVE,154.608014,2.22,283.0,0.114,6388.0,1.033,1.51,F,0,2.953275112892919
7832787,CANDIDATE,154.608014,2.09,249.0,0.578,5741.0,0.898,0.91,G,0,3.5205160839851417
8008913,FALSE POSITIVE,34.9989085,1.65,376.0,0.284,4559.0,0.648,4.74,K,0,12.203237709541714
8022520,CANDIDATE,154.608014,1.14,259.0,0.12,6263.0,1.009,1.07,F,0,0.7134170936313818
8108450,FALSE POSITIVE,154.608014,2.34,224.0,0.104,5425.0,0.847,0.6,G,0,4.810229306742146
8293631,FALSE POSITIVE,154.608014,48.03,721.0,0.289,5323.0,2.747,64.05,G,0,7.7169350354632975
9604563,CANDIDATE,1.001916708,0.62,1545.0,0.912,5521.0,0.734,1352.47,G,0,70.76436537477126
9639021,FALSE POSITIVE,2.21568076,0.57,1236.0,0.147,5349.0,0.836,550.44,G,0,19.677925081589823
9640649,CANDIDATE,0.862329309,1.09,1825.0,0.971,5806.0,0.899,2623.55,G,0,163.3946550690648
9643210,FALSE POSITIVE,3.850304552,0.28,407.0,0.038,3274.0,0.224,6.44,M,0,41.0357149327132
9650579,CANDIDATE,154.608014,1.43,219.0,0.335,5580.0,0.886,0.55,G,0,1.6680894691526145
9650762,CANDIDATE,154.608014,1.74,232.0,0.839,5769.0,0.812,0.69,G,0,2.958449488912004
9651155,FALSE POSITIVE,1.07383154,48.03,3749.0,0.0,8059.0,2.747,3158.4199999999996,A,0,4522.776449646841
11709006,FALSE POSITIVE,0.719741,0.57,2074.0,1.0,6014.0,0.993,3158.4199999999996,F,0,44.73831558852421
11714107,CANDIDATE,154.608014,2.11,232.0,0.471,5650.0,0.906,0.69,G,0,3.528924445016156
11724094,FALSE POSITIVE,1.47623061,0.71,1802.0,0.0,6325.0,1.112,2484.49,F,0,26.486376677963616
11774383,FALSE POSITIVE,0.520227316,48.03,2264.0,0.0,5780.0,1.0,3158.4199999999996,G,0,9335.726615324444
11804952,FALSE POSITIVE,36.3192885,25.43,1410.0,0.197,5008.0,2.747,933.26,K,0,11.018938325292359
11819135,FALSE POSITIVE,1.901655058,48.03,2192.0,0.0,6929.0,1.704,3158.4199999999996,F,0,2553.933206534242
11904835,CANDIDATE,9.4640413,1.28,839.0,0.998,5968.0,0.881,117.23,G,0,22.178685970020016
8742735,FALSE POSITIVE,154.608014,2.25,235.0,0.0,5652.0,0.798,0.72,G,0,5.232587749299982
8743244,FALSE POSITIVE,154.608014,5.21,278.0,0.0,6060.0,1.068,1.42,F,0,9.281536984234206
8743244,FALSE POSITIVE,154.608014,4.42,273.0,0.0,6060.0,1.068,1.32,F,0,7.218254546623955
8748435,FALSE POSITIVE,154.608014,1.33,237.0,0.0,5374.0,0.744,0.74,G,0,1.9901943763406726
8766268,FALSE POSITIVE,5.29731736,1.13,989.0,0.0,5815.0,0.877,226.1,G,0,31.619778204113487
8808064,FALSE POSITIVE,154.608014,2.0,230.0,0.153,5911.0,0.887,0.67,G,0,3.316128231231274
8813404,FALSE POSITIVE,154.608014,1.53,286.0,0.004,5804.0,1.234,1.59,G,0,0.9339748714448917
8329346,CANDIDATE,154.608014,3.76,207.0,0.229,5289.0,0.79,0.44,G,0,13.802648030909964
8637903,CANDIDATE,154.608014,3.23,300.0,0.541,6551.0,1.195,1.92,F,0,3.547034761082954
8673511,CANDIDATE,0.757261281,0.58,1908.0,0.449,5651.0,0.953,3119.75,G,0,48.20000826108525
8873674,FALSE POSITIVE,154.608014,1.6,301.0,0.45,5659.0,0.869,1.95,G,0,2.029648993486198
9011955,CANDIDATE,154.608014,35.3,281.0,0.702,6268.0,1.1,1.48,F,0,13.532933680915145
9159288,CANDIDATE,66.67305,2.64,542.0,0.775,6592.0,1.19,20.35,F,0,7.080822011292419
9209808,FALSE POSITIVE,154.608014,1.74,228.0,0.141,5094.0,0.736,0.64,K,0,3.7966984040038185
9656547,FALSE POSITIVE,1.27228771,0.63,1275.0,0.0,5044.0,0.686,624.11,K,0,65.15821802601552
9658192,FALSE POSITIVE,1.886002102,0.65,1433.0,0.0,5793.0,0.925,997.72,G,0,25.132527662474473
9710611,FALSE POSITIVE,154.608014,1.43,287.0,0.186,6165.0,1.177,1.6,F,0,0.8382489150918141
9710626,FALSE POSITIVE,154.608014,28.21,212.0,0.0,5189.0,0.85,0.47,K,0,11.51298664246473
9710792,FALSE POSITIVE,154.608014,3.04,283.0,0.0,6306.0,1.076,1.51,F,0,4.871028224966398
9770983,FALSE POSITIVE,7.02932339,0.92,974.0,0.382,5977.0,1.022,212.66,G,0,11.608514144630924
9777089,FALSE POSITIVE,19.229478,1.97,970.0,0.0,6654.0,1.712,209.42,F,0,6.022004341459502
11918793,FALSE POSITIVE,38.35312,5.57,557.0,0.05,5979.0,1.004,22.73,G,0,80.56710901225246
11922290,FALSE POSITIVE,114.661733,1.38,316.0,0.042,5412.0,0.712,2.37,G,0,2.457663883381215
11966668,FALSE POSITIVE,154.608014,1.95,216.0,0.0,5254.0,0.73,0.51,G,0,4.6634063872006015
11967872,FALSE POSITIVE,134.370692,1.95,351.0,0.252,5910.0,0.94,3.58,G,0,3.2194520513446494
12004656,FALSE POSITIVE,2.52123022,9.68,726.0,0.0,3932.0,0.52,65.58,K,0,57.86857496892926
12008916,FALSE POSITIVE,47.4314857,8.83,1029.0,0.204,5166.0,2.747,265.1,K,0,3.6431496388906073
12021943,FALSE POSITIVE,6.0962602,0.62,1048.0,0.203,6108.0,1.03,284.96,F,0,4.98666379102388
8815031,FALSE POSITIVE,154.608014,2.28,218.0,0.0,5764.0,0.863,0.54,G,0,4.346475856031629
8821936,FALSE POSITIVE,154.608014,2.28,284.0,0.0,6227.0,1.089,1.53,F,0,1.7010761162742831
8832676,FALSE POSITIVE,154.608014,1.58,133.0,0.015,3737.0,0.466,0.07,K,0,7.619268688103063
8873873,CANDIDATE,154.608014,0.64,233.0,0.665,5332.0,0.762,0.7,G,0,0.46698743572244583
9075882,FALSE POSITIVE,154.608014,2.46,245.0,0.0,5931.0,0.863,0.85,G,0,4.777242659620478
9084832,FALSE POSITIVE,154.608014,2.14,205.0,0.008,5359.0,0.95,0.42,G,0,3.2876691631263046
9093859,FALSE POSITIVE,3.0447752,0.68,1061.0,0.0,5390.0,0.78,299.07,G,0,24.599517232011088
9239670,FALSE POSITIVE,154.608014,1.48,270.0,0.116,5678.0,1.298,1.26,G,0,0.7515781167721358
9388557,FALSE POSITIVE,154.608014,14.36,651.0,0.15,5125.0,2.747,42.43,K,0,3.0871620923867504
9532997,FALSE POSITIVE,49.763624,2.43,588.0,0.134,6477.0,1.187,28.31,F,0,8.279139798982486
9536836,FALSE POSITIVE,154.608014,1.58,274.0,0.121,6146.0,0.943,1.33,F,0,1.699782522269512
9592621,CANDIDATE,154.608014,3.54,286.0,0.186,5440.0,0.901,1.58,G,0,10.39402782833754
10010452,FALSE POSITIVE,154.608014,2.25,224.0,0.266,5482.0,0.826,0.6,G,0,4.918891203142937
10226420,FALSE POSITIVE,0.660663034,1.32,2385.0,0.0,6353.0,1.134,3158.4199999999996,F,0,202.82654409872734
9777990,FALSE POSITIVE,14.3400358,0.68,248.0,0.0,3358.0,0.174,0.89,M,0,118.96762489254036
9813678,FALSE POSITIVE,0.505079006,48.03,2997.0,0.0,5398.0,1.843,3158.4199999999996,G,0,9615.72336665286
9826551,FALSE POSITIVE,7.19680984,1.2,1275.0,0.0,6325.0,1.676,625.53,F,0,7.016997964753783
9838537,FALSE POSITIVE,1.33257715,0.44,1553.0,0.0,5852.0,0.837,1378.01,G,0,20.336533610830713
9838761,FALSE POSITIVE,1.33254428,0.93,1427.0,0.0,5460.0,0.734,981.02,G,0,121.72203388243128
9839062,FALSE POSITIVE,154.608014,8.13,265.0,0.0,6339.0,1.017,1.17,F,0,31.4129900148643
9851983,FALSE POSITIVE,1.456383399,48.03,2721.0,0.078,6184.0,2.646,3158.4199999999996,F,0,145.70339111644873
12156930,CANDIDATE,71.10684,1.42,523.0,0.753,6339.0,1.224,17.68,F,0,1.805733456865753
12266099,CANDIDATE,77.177672,1.29,327.0,0.34,4840.0,0.749,2.7,K,0,4.128136956502135
12307496,CANDIDATE,0.805941833,29.85,1498.0,1.0,5022.0,0.672,1189.65,K,0,3946.1904938740163
12419303,FALSE POSITIVE,0.608074963,1.15,2362.0,0.0,6309.0,1.044,3158.4199999999996,F,0,193.2327544293252
12453855,FALSE POSITIVE,0.559643825,27.21,1860.0,0.0,5240.0,0.774,2854.44,G,0,3238.8457069101046
12459808,FALSE POSITIVE,0.502446098,0.43,2705.0,0.0,6306.0,1.197,3158.4199999999996,F,0,22.68900096025823
12602999,CANDIDATE,8.2766028,2.48,1623.0,0.973,6787.0,2.747,1639.28,F,0,8.83212614721586
9114508,FALSE POSITIVE,154.608014,9.44,175.0,0.001,4070.0,0.646,0.22,K,0,31.4129900148643
9216810,FALSE POSITIVE,138.62902498,2.39,878.0,0.207,5706.8232800782525,1.0,141.3,G,0,3.036160717863544
9268159,CANDIDATE,154.608014,2.76,688.0,0.295,7365.0,2.747,53.05,F,0,0.35250436630018417
9340460,FALSE POSITIVE,154.608014,2.3,350.0,0.009,6164.0,1.825,3.56,F,0,0.9779570676071163
9409493,FALSE POSITIVE,60.049737,28.92,320.0,0.019,4538.0,0.663,2.47,K,0,80.87795621819292
9468848,CANDIDATE,5.8877038,0.6,1026.0,0.502,6065.0,0.947,262.67,F,0,6.7428663785702
9649205,FALSE POSITIVE,154.608014,1.23,299.0,0.012,5786.0,1.007,1.89,G,0,0.9727826915880312
10341781,FALSE POSITIVE,0.93371211,0.75,1318.0,0.0,4604.0,0.696,715.48,K,0,135.15943367169137
10459805,FALSE POSITIVE,154.608014,1.26,173.0,0.115,4988.0,0.636,0.21,K,0,2.64022536373826
10471090,FALSE POSITIVE,0.93376089,0.57,2064.0,0.0,6292.0,1.078,3158.4199999999996,F,0,29.23660681483458
10532751,FALSE POSITIVE,154.608014,20.06,623.0,0.131,5348.0,2.747,35.55,G,0,2.7682911702106208
10585887,FALSE POSITIVE,154.608014,1.53,258.0,0.19,6000.0,0.97,1.04,F,0,1.6027629719116632
11867733,FALSE POSITIVE,154.608014,3.03,255.0,0.0,5903.0,0.994,1.0,G,0,4.629126146074162
11923074,FALSE POSITIVE,1.75647084,0.69,1405.0,0.0,5813.0,0.833,924.14,G,0,39.567978253484696
9873004,CANDIDATE,1.98514635,1.28,1299.0,0.959,5581.0,0.845,675.28,G,0,117.57319554802598
9899216,FALSE POSITIVE,1.33259003,0.69,2909.0,0.0,8133.0,1.935,3158.4199999999996,A,0,8.92997826195653
9899256,FALSE POSITIVE,1.33254024,0.59,1658.0,0.0,6071.0,0.887,1777.13,F,0,26.865980422474895
9899345,CANDIDATE,1.33199285,2.39,878.0,0.0,5706.8232800782525,1.0,141.3,G,0,315.99268719798306
9899621,FALSE POSITIVE,1.33255492,0.92,1850.0,0.0,6310.0,1.095,2765.99,F,0,49.97917834410907
9899623,FALSE POSITIVE,1.33259095,1.14,1776.0,0.0,6184.0,1.038,2349.35,F,0,79.16908035432779
9906688,CANDIDATE,5.82561701,1.21,1037.0,0.975,5999.0,0.967,273.08,G,0,24.512424993760447
12644020,FALSE POSITIVE,154.608014,2.33,226.0,0.152,4987.0,0.727,0.62,K,0,5.665941740898373
2010152,FALSE POSITIVE,154.608014,2.1,336.0,0.058,6050.0,1.333,3.03,F,0,1.3362826069287714
2284957,CANDIDATE,154.608014,1.7,256.0,0.416,5979.0,0.975,1.02,G,0,1.8614817728659268
2712825,FALSE POSITIVE,18.384953,1.36,872.0,0.316,6335.0,1.401,136.82,F,0,5.053045281105696
3533483,FALSE POSITIVE,154.608014,2.12,230.0,0.0,5380.0,0.813,0.66,G,0,4.583850355907166
3663850,CANDIDATE,141.400279,41.55,945.0,0.356,4936.0,2.747,188.78,K,0,5.587683458531224
9771576,FALSE POSITIVE,154.608014,21.25,205.0,0.001,5303.0,0.771,0.42,G,0,5.781718404325406
9827094,FALSE POSITIVE,154.608014,2.81,315.0,0.0,5790.0,1.088,2.34,G,0,4.262392245721493
9837720,FALSE POSITIVE,154.608014,1.04,196.0,0.0,5061.0,0.668,0.35,K,0,1.549725617716039
9873604,FALSE POSITIVE,154.608014,5.65,327.0,0.0,5103.0,2.747,2.69,K,0,2.7404788991080373
9874581,FALSE POSITIVE,154.608014,5.39,449.0,0.0,7056.0,2.747,9.65,F,0,2.1176133858106474
9899449,FALSE POSITIVE,1.332565736,33.69,1674.0,0.0,6014.0,0.958,1849.94,F,0,1740.8522051327907
9962731,FALSE POSITIVE,154.608014,1.59,285.0,0.0,5676.0,1.336,1.57,G,0,0.855712434156227
12117215,FALSE POSITIVE,154.608014,2.35,255.0,0.116,5677.0,0.828,1.0,G,0,5.22094540325704
12168280,CANDIDATE,154.608014,43.78,444.0,0.141,6419.0,2.057,9.22,F,0,2.587188009542636
9912977,FALSE POSITIVE,0.9439372,48.03,2273.0,0.0,5959.0,1.365,3158.4199999999996,G,0,5145.151605424598
9938836,CANDIDATE,7.2681817,1.66,1444.0,0.843,6297.0,2.219,1027.95,F,0,6.4252658955953175
9941425,FALSE POSITIVE,1.075158342,20.09,3749.0,0.0,4067.0,2.747,3158.4199999999996,K,0,28.088885906630487
9959368,FALSE POSITIVE,1.33255801,0.62,1443.0,0.0,5161.0,0.892,1025.1,K,0,36.54625137107539
9959765,FALSE POSITIVE,1.33250451,0.62,1993.0,0.0,6600.0,1.157,3158.4199999999996,F,0,20.562782185255042
10011213,CANDIDATE,154.608014,3.26,265.0,0.189,6231.0,0.955,1.16,F,0,7.373485827196513
10014875,FALSE POSITIVE,154.608014,2.18,239.0,0.03,6060.0,0.925,0.77,F,0,3.3853355104865392
3954211,FALSE POSITIVE,0.594274521,8.7,2436.0,0.0,6321.0,1.125,3158.4199999999996,F,0,7894.499653300802
4056579,FALSE POSITIVE,154.608014,18.27,583.0,0.198,4915.0,2.747,27.38,K,0,4.856798690913913
4276445,FALSE POSITIVE,154.608014,2.03,246.0,0.05,6102.0,0.887,0.87,F,0,3.3698123824292834
4371172,FALSE POSITIVE,73.992267,2.86,546.0,0.0,5271.0,1.895,20.98,G,0,3.048967265727917
4557341,FALSE POSITIVE,154.608014,0.95,198.0,0.005,5053.0,0.717,0.37,K,0,1.190753281391998
4645492,FALSE POSITIVE,154.608014,1.89,217.0,0.3,5672.0,0.965,0.53,G,0,2.4041444578674946
4738095,FALSE POSITIVE,154.608014,1.8,319.0,0.0,6299.0,1.262,2.43,F,0,1.1390095212011455
10023069,FALSE POSITIVE,154.608014,7.86,549.0,0.197,6619.0,2.747,21.53,F,0,2.519921121294528
10028127,CANDIDATE,154.608014,3.72,228.0,0.519,5570.0,0.855,0.64,G,0,8.414829001037424
10079317,FALSE POSITIVE,154.608014,2.69,460.0,0.024,6645.0,2.054,10.61,F,0,1.0892061520174499
10079481,FALSE POSITIVE,154.608014,2.13,290.0,0.0,6158.0,1.066,1.67,F,0,1.777398162555791
10081899,FALSE POSITIVE,154.608014,0.8,92.0,0.0,3439.0,0.318,0.02,M,0,4.191891372461456
10199817,FALSE POSITIVE,154.608014,1.6,347.0,0.053,6596.0,1.44,3.43,F,0,0.7780967938699478
10205598,FALSE POSITIVE,154.608014,2.51,206.0,0.008,5263.0,0.699,0.42,G,0,4.721618117415311
10031643,FALSE POSITIVE,8.5898708,1.11,929.0,0.0,5638.0,1.088,176.4,G,0,10.2096995451899
10090151,FALSE POSITIVE,0.527698548,29.35,2088.0,0.0,5638.0,0.903,3158.4199999999996,G,0,2992.617671557436
10128825,CANDIDATE,1.73984941,0.72,1608.0,0.497,6119.0,1.031,1585.81,F,0,27.875975771949136
10147276,FALSE POSITIVE,0.681401611,1.07,2218.0,0.021,6173.0,1.041,3158.4199999999996,F,0,152.03955835672363
10155286,CANDIDATE,154.608014,19.3,557.0,0.092,4989.0,2.747,22.68,K,0,4.133679642246747
10156110,FALSE POSITIVE,4.85603482,1.05,1266.0,0.0,6469.0,1.193,607.42,F,0,15.794779659343549
